Scenario;Region;Sector;Set;Name;Description;Activity unit;Capacity unit;Type;Sub type;Primary commodity group;Time slice level;Vintage
SUP-CarbonStorage;RW;SUP;.PRE.CCSSTG.;CO2DAC-01;General - DAC Solid Adsorbents(Amine-based);KT;MTA;PRE;-;CO2STOCK;ANNUAL;1,00
SUP-CarbonStorage;RW;SUP;.PRE.CCSSTG.;STORAGEMINELC;STORAGEMINELC;KT;MTA;PRE;-;CO2STOCK;ANNUAL;1,00
SUP-CarbonStorage;RW;SUP;.PRE.CCSSTG.;STORAGEMININD;STORAGEMININD;KT;MTA;PRE;-;CO2STOCK;ANNUAL;1,00
SUP-CarbonStorage;RW;SUP;.PRE.;CO2CTOMETHELC;CO2CTOMETHELC;PJ;PJA;PRE;-;CO2CTOMETHELC_NRGO;DAYNITE;1,00
SUP-CarbonStorage;RW;SUP;.PRE.;CO2CTOMETHIND;CO2CTOMETHIND;PJ;PJA;PRE;-;CO2CTOMETHIND_NRGO;DAYNITE;1,00
BASE;RW;RSD;.PRE.;RW2FOIL100;Rsd.Water Heat.Dwelling.2F.OIL.00.Furnace.;PJ;GW;PRE;-;RW2F;ANNUAL;0,00
COM-NewTechs_V02;RW;COM;.DMD.;CWBANGMX101;Com Water Heat New Boiler - BAN - GMX101;PJ;GW;DMD;-;;ANNUAL;0,00
COM-NewTechs_V02;RW;COM;.DMD.;CCCSNELC101;Com Space Cool New - CSN - ELC101;PJ;GW;DMD;-;;ANNUAL;0,00
COM-NewTechs_V02;RW;COM;.DMD.;CCCSNELCHP101;Com Space Cool New - CSN - ELC101;PJ;GW;DMD;-;;ANNUAL;0,00
COM-NewTechs_V02;RW;COM;.PRE.;CWDATASOLD101;Com Water Heat New Boiler with back up - DATA - OIL101;PJ;GW;PRE;-;;ANNUAL;0,00
IND-NewTechs_TEST;RW;IND;.DMD.;ICMFINPRO01;ICM.Finishing Processes.01;MT;MT;DMD;-;ICM;ANNUAL;1,00
COM-NewTechs_V02;RW;COM;.PRE.;CLIGNENELC501;CLIGNENELC501;PJ;GW;PRE;-;CLIGNEN;ANNUAL;
BASE;RW;AGR;.IMP.;IMPNRGZ;Dummy Import of NRG;PJ;-;IRE;-;NRG;ANNUAL;
BASE;RW;AGR;.IMP.;IMPMATZ;Dummy Import of MAT;MT;-;IRE;-;MAT;ANNUAL;
BASE;RW;AGR;.IMP.;IMPDEMZ;Dummy Import of DEM;PJ;-;IRE;-;DEM;ANNUAL;
BASE;RW;TRA;.DMD.;TBUSDSTC00;Buses Diesel Coaches Existing;BVKM;000VEH;DMD;-;TBC;ANNUAL;0,00
BASE;RW;TRA;.DMD.;TTFELCDST00;Train Freigh Tech Existing;BTKM;BTKMA;DMD;-;TTF;ANNUAL;0,00
BASE;RW;IND;.PRE.;IPPPUPCHE00;IPP.Chemical Pulp Production.00.;MT;MTA;PRE;-;MPPPUP;ANNUAL;0,00
BASE;RW;IND;.CHP.;CHPINDIBP00;CHP.Autoproducer.Industry.wood.00;PJ;GW;CHP;-;CHPINDIBP00_NRGO;DAYNITE;0,00
BASE;RW;IND;.CHP.;CHPINDICH00;CHP.Autoproducer.industrie.chimie.00;PJ;GW;CHP;-;CHPINDICH00_NRGO;DAYNITE;0,00
BASE;RW;IND;.CHP.;CHPINDIML00;CHP.Autoproducer.Industry.FOOD.Milk.00;PJ;GW;CHP;-;CHPINDIML00_NRGO;DAYNITE;0,00
BASE;RW;IND;.CHP.;CHPINDINM00;CHP.Autoproducer.Industry.others.non.metal.00;PJ;GW;CHP;-;CHPINDINM00_NRGO;DAYNITE;0,00
BASE;RW;IND;.CHP.;CHPINDIOF00;CHP.Autoproducer.Industry.FOOD.others.00;PJ;GW;CHP;-;CHPINDIOF00_NRGO;DAYNITE;0,00
BASE;RW;IND;.CHP.;CHPINDIOI00;CHP.Autoproducer.Industry.others.non.metal.00;PJ;GW;CHP;-;CHPINDIOI00_NRGO;DAYNITE;0,00
BASE;RW;IND;.CHP.;CHPINDIPO00;CHP.Autoproducer.Industry.FOODIPO.00;PJ;GW;CHP;-;CHPINDIPO00_NRGO;DAYNITE;0,00
BASE;RW;IND;.CHP.;CHPINDIPP00;CHP.Autoproducer.Industry.Pulp&Paper.00;PJ;GW;CHP;-;CHPINDIPP00_NRGO;DAYNITE;0,00
BASE;RW;IND;.CHP.;CHPINDISG00;CHP.Autoproducer.Industry.FOOD.ISGar.00;PJ;GW;CHP;-;CHPINDISG00_NRGO;DAYNITE;0,00
BASE;RW;ELC;.CHP.;ECHPP_COM_BGS_E05;Existing thermal - CHP - Commercial - E05;PJ;GW;CHP;-;ECHPP_COM_BGS_E05_NRGO;DAYNITE;0,00
BASE;RW;ELC;.CHP.;ECHPP_COM_CPS_E01;Existing thermal - CHP - Commercial - E01;PJ;GW;CHP;-;ECHPP_COM_CPS_E01_NRGO;DAYNITE;0,00
BASE;RW;ELC;.CHP.;ECHPP_COM_GAS_E04;Existing thermal - CHP - Commercial - E04;PJ;GW;CHP;-;ECHPP_COM_GAS_E04_NRGO;DAYNITE;0,00
COM-NewTechs_V02;RW;COM;.DMD.;CWBANSOLE101;Com Water Heat New Boiler - BAN - SOL101;PJ;GW;DMD;-;;ANNUAL;0,00
BASE;RW;ELC;.CHP.;ECHPP_COM_PEL_E03;Existing thermal - CHP - Commercial - E03;PJ;GW;CHP;-;ECHPP_COM_PEL_E03_NRGO;DAYNITE;0,00
BASE;RW;ELC;.CHP.;ECHPP_MOT_BGS_E01;Existing Thermal Public - CHP - Moteur  - E01;PJ;GW;CHP;-;ECHPP_MOT_BGS_E01_NRGO;DAYNITE;0,00
BASE;RW;ELC;.CHP.;ECHPP_MOT_BIO_E02;Existing Thermal Public - CHP - Moteur  - E02;PJ;GW;CHP;-;ECHPP_MOT_BIO_E02_NRGO;DAYNITE;0,00
BASE;RW;ELC;.CHP.;ECHPP_MOT_GAS_E04;Existing Thermal Public - CHP - Moteur  - E04;PJ;GW;CHP;-;ECHPP_MOT_GAS_E04_NRGO;DAYNITE;0,00
BASE;RW;ELC;.CHP.;ECHPP_MOT_OIL_E03;Existing Thermal Public - CHP - Moteur  - E03;PJ;GW;CHP;-;ECHPP_MOT_OIL_E03_NRGO;DAYNITE;0,00
BASE;RW;ELC;.CHP.;ETSTP_TVC_WST_E11;Existing Thermal Public - Pure ELC - Turbine vapeur à condensation - E11;PJ;GW;CHP;-;ETSTP_TVC_WST_E11_NRGO;DAYNITE;0,00
BASE;RW;IND;.CHP.;CHPINDINF00;CHP.Autoproducer.Industry.non ferous Metals.00;PJ;GW;CHP;-;;DAYNITE;0,00
BASE;RW;COM;.DMD.;COELELC100;Com.Other Electricity.ELC.00.Other Equipments.;PJ;PJA;DMD;-;COEL;ANNUAL;0,00
BASE;RW;AGR;.ELE.;AGRPVELC;PV AGRI;PJ;GW;ELE;-;AGRPVELC_NRGO;DAYNITE;0,00
BASE;RW;COM;.ELE.;COMPVELC;PV commercial;PJ;GW;ELE;-;COMPVELC_NRGO;DAYNITE;0,00
BASE;RW;IND;.ELE.;INDPVELC;PV industrial;PJ;GW;ELE;-;INDPVELC_NRGO;DAYNITE;0,00
BASE;RW;RSD;.ELE.;RSDPVELC;PV residential;PJ;GW;ELE;-;RSDPVELC_NRGO;DAYNITE;0,00
BASE;RW;COM;.PRE.;CHCSCPS100;Com.Space Heat.CS.BIOCPS.00.Stove.;PJ;GW;PRE;-;CHCS;ANNUAL;0,00
BASE;RW;COM;.PRE.;CHSAGEO100;Com.Space Heat.SA.GEO.00.Furnace.;PJ;GW;PRE;-;CHSA;ANNUAL;0,00
BASE;RW;COM;.PRE.;CWCSGMX100;Com.Water Heat.CS.GAS.00.Furnace.;PJ;GW;PRE;-;CWCS;ANNUAL;0,00
BASE;RW;RSD;.PRE.;RH2FCOA100;Rsd.Space Heat.Dwelling.2F.COA.00.Furnace.;PJ;GW;PRE;-;RH2FCOA100_NRGO;ANNUAL;0,00
BASE;RW;RSD;.PRE.;RH2FELC100;Rsd.Space Heat.Dwelling.2F.ELC.00.Resistance.;PJ;GW;PRE;-;RH2FELC100_NRGO;ANNUAL;0,00
BASE;RW;RSD;.PRE.;RH2FELC200;Rsd.Space Heat.Dwelling.2F.ELC.00.Heat Pump.;PJ;GW;PRE;-;RH2FELC200_NRGO;ANNUAL;0,00
BASE;RW;RSD;.PRE.;RH2FGEO100;Rsd.Space Heat.Dwelling.2F.GEO.00.Furnace.;PJ;GW;PRE;-;RH2FGEO100_NRGO;ANNUAL;0,00
BASE;RW;RSD;.PRE.;RH2FGMX100;Rsd.Space Heat.Dwelling.2F.GMX.00.Furnace.;PJ;GW;PRE;-;RH2FGMX100_NRGO;ANNUAL;0,00
BASE;RW;RSD;.PRE.;RH2FHET100;Rsd.Space Heat.Dwelling.2F.HET.00.Heat Exchanger.;PJ;GW;PRE;-;RH2FHET100_NRGO;ANNUAL;0,00
BASE;RW;RSD;.PRE.;RH2FLOG100;Rsd.Space Heat.Dwelling.2F.LOG.00.Stove.;PJ;GW;PRE;-;RH2FLOG100_NRGO;ANNUAL;0,00
BASE;RW;RSD;.PRE.;RH2FLPG100;Rsd.Space Heat.Dwelling.2F.LPG.00.Furnace.;PJ;GW;PRE;-;RH2FLPG100_NRGO;ANNUAL;0,00
BASE;RW;RSD;.PRE.;RH2FOIL100;Rsd.Space Heat.Dwelling.2F.OIL.00.Furnace.;PJ;GW;PRE;-;RH2FOIL100_NRGO;ANNUAL;0,00
BASE;RW;RSD;.PRE.;RH2FPEL100;Rsd.Space Heat.Dwelling.2F.PEL.00.Stove.;PJ;GW;PRE;-;RH2FPEL100_NRGO;ANNUAL;0,00
BASE;RW;RSD;.PRE.;RH2FSOL100;Rsd.Space Heat.Dwelling.2F.SOL.00.Furnace.;PJ;GW;PRE;-;RH2FSOL100_NRGO;ANNUAL;0,00
BASE;RW;RSD;.PRE.;RH3FCOA100;Rsd.Space Heat.Dwelling.3F.COA.00.Furnace.;PJ;GW;PRE;-;RH3FCOA100_NRGO;ANNUAL;0,00
BASE;RW;RSD;.PRE.;RH3FELC100;Rsd.Space Heat.Dwelling.3F.ELC.00.Resistance.;PJ;GW;PRE;-;RH3FELC100_NRGO;ANNUAL;0,00
BASE;RW;RSD;.PRE.;RH3FELC200;Rsd.Space Heat.Dwelling.3F.ELC.00.Heat Pump.;PJ;GW;PRE;-;RH3FELC200_NRGO;ANNUAL;0,00
BASE;RW;RSD;.PRE.;RH3FGEO100;Rsd.Space Heat.Dwelling.3F.GEO.00.Furnace.;PJ;GW;PRE;-;RH3FGEO100_NRGO;ANNUAL;0,00
BASE;RW;RSD;.PRE.;RH3FGMX100;Rsd.Space Heat.Dwelling.3F.GMX.00.Furnace.;PJ;GW;PRE;-;RH3FGMX100_NRGO;ANNUAL;0,00
BASE;RW;RSD;.PRE.;RH3FHET100;Rsd.Space Heat.Dwelling.3F.HET.00.Heat Exchanger.;PJ;GW;PRE;-;RH3FHET100_NRGO;ANNUAL;0,00
BASE;RW;RSD;.PRE.;RH3FLOG100;Rsd.Space Heat.Dwelling.3F.LOG.00.Stove.;PJ;GW;PRE;-;RH3FLOG100_NRGO;ANNUAL;0,00
BASE;RW;RSD;.PRE.;RH3FLPG100;Rsd.Space Heat.Dwelling.3F.LPG.00.Furnace.;PJ;GW;PRE;-;RH3FLPG100_NRGO;ANNUAL;0,00
BASE;RW;RSD;.PRE.;RH3FOIL100;Rsd.Space Heat.Dwelling.3F.OIL.00.Furnace.;PJ;GW;PRE;-;RH3FOIL100_NRGO;ANNUAL;0,00
BASE;RW;RSD;.PRE.;RH3FPEL100;Rsd.Space Heat.Dwelling.3F.PEL.00.Stove.;PJ;GW;PRE;-;RH3FPEL100_NRGO;ANNUAL;0,00
BASE;RW;RSD;.PRE.;RH3FSOL100;Rsd.Space Heat.Dwelling.3F.SOL.00.Furnace.;PJ;GW;PRE;-;RH3FSOL100_NRGO;ANNUAL;0,00
BASE;RW;RSD;.PRE.;RH4FCOA100;Rsd.Space Heat.Dwelling.4F.COA.00.Furnace.;PJ;GW;PRE;-;RH4FCOA100_NRGO;ANNUAL;0,00
BASE;RW;RSD;.PRE.;RH4FELC100;Rsd.Space Heat.Dwelling.4F.ELC.00.Resistance.;PJ;GW;PRE;-;RH4FELC100_NRGO;ANNUAL;0,00
BASE;RW;RSD;.PRE.;RH4FELC200;Rsd.Space Heat.Dwelling.4F.ELC.00.Heat Pump.;PJ;GW;PRE;-;RH4FELC200_NRGO;ANNUAL;0,00
BASE;RW;RSD;.PRE.;RH4FGEO100;Rsd.Space Heat.Dwelling.4F.GEO.00.Furnace.;PJ;GW;PRE;-;RH4FGEO100_NRGO;ANNUAL;0,00
BASE;RW;RSD;.PRE.;RH4FGMX100;Rsd.Space Heat.Dwelling.4F.GMX.00.Furnace.;PJ;GW;PRE;-;RH4FGMX100_NRGO;ANNUAL;0,00
BASE;RW;RSD;.PRE.;RH4FHET100;Rsd.Space Heat.Dwelling.4F.HET.00.Heat Exchanger.;PJ;GW;PRE;-;RH4FHET100_NRGO;ANNUAL;0,00
BASE;RW;RSD;.PRE.;RH4FLOG100;Rsd.Space Heat.Dwelling.4F.LOG.00.Stove.;PJ;GW;PRE;-;RH4FLOG100_NRGO;ANNUAL;0,00
BASE;RW;RSD;.PRE.;RH4FLPG100;Rsd.Space Heat.Dwelling.4F.LPG.00.Furnace.;PJ;GW;PRE;-;RH4FLPG100_NRGO;ANNUAL;0,00
BASE;RW;RSD;.PRE.;RH4FOIL100;Rsd.Space Heat.Dwelling.4F.OIL.00.Furnace.;PJ;GW;PRE;-;RH4FOIL100_NRGO;ANNUAL;0,00
BASE;RW;RSD;.PRE.;RH4FPEL100;Rsd.Space Heat.Dwelling.4F.PEL.00.Stove.;PJ;GW;PRE;-;RH4FPEL100_NRGO;ANNUAL;0,00
BASE;RW;RSD;.PRE.;RH4FSOL100;Rsd.Space Heat.Dwelling.4F.SOL.00.Furnace.;PJ;GW;PRE;-;RH4FSOL100_NRGO;ANNUAL;0,00
BASE;RW;RSD;.PRE.;RHAPCOA100;Rsd.Space Heat.Dwelling.AP.COA.00.Furnace.;PJ;GW;PRE;-;RHAPCOA100_NRGO;ANNUAL;0,00
BASE;RW;RSD;.PRE.;RHAPELC100;Rsd.Space Heat.Dwelling.AP.ELC.00.Resistance.;PJ;GW;PRE;-;RHAPELC100_NRGO;ANNUAL;0,00
BASE;RW;RSD;.PRE.;RHAPELC200;Rsd.Space Heat.Dwelling.AP.ELC.00.Heat Pump.;PJ;GW;PRE;-;RHAPELC200_NRGO;ANNUAL;0,00
BASE;RW;RSD;.PRE.;RHAPGEO100;Rsd.Space Heat.Dwelling.AP.GEO.00.Furnace.;PJ;GW;PRE;-;RHAPGEO100_NRGO;ANNUAL;0,00
BASE;RW;RSD;.PRE.;RHAPGMX100;Rsd.Space Heat.Dwelling.AP.GMX.00.Furnace.;PJ;GW;PRE;-;RHAPGMX100_NRGO;ANNUAL;0,00
BASE;RW;RSD;.PRE.;RHAPHET100;Rsd.Space Heat.Dwelling.AP.HET.00.Heat Exchanger.;PJ;GW;PRE;-;RHAPHET100_NRGO;ANNUAL;0,00
BASE;RW;RSD;.PRE.;RHAPLOG100;Rsd.Space Heat.Dwelling.AP.LOG.00.Stove.;PJ;GW;PRE;-;RHAPLOG100_NRGO;ANNUAL;0,00
BASE;RW;RSD;.PRE.;RHAPLPG100;Rsd.Space Heat.Dwelling.AP.LPG.00.Furnace.;PJ;GW;PRE;-;RHAPLPG100_NRGO;ANNUAL;0,00
BASE;RW;RSD;.PRE.;RHAPOIL100;Rsd.Space Heat.Dwelling.AP.OIL.00.Furnace.;PJ;GW;PRE;-;RHAPOIL100_NRGO;ANNUAL;0,00
BASE;RW;RSD;.PRE.;RHAPPEL100;Rsd.Space Heat.Dwelling.AP.PEL.00.Stove.;PJ;GW;PRE;-;RHAPPEL100_NRGO;ANNUAL;0,00
BASE;RW;RSD;.PRE.;RHAPSOL100;Rsd.Space Heat.Dwelling.AP.SOL.00.Furnace.;PJ;GW;PRE;-;RHAPSOL100_NRGO;ANNUAL;0,00
BASE;RW;RSD;.PRE.;RSDHET00;Fuel Tech 0 - Heat (RSD);PJ;GW;PRE;-;RSDHET00_NRGO;DAYNITE;0,00
BASE;RW;RSD;.PRE.;RSDHET01;Fuel Tech 1 - Heat (RSD);PJ;GW;PRE;-;RSDHET01_NRGO;DAYNITE;0,00
BASE;RW;RSD;.PRE.;RSDHET02;Fuel Tech 2 - Heat (RSD);PJ;GW;PRE;-;RSDHET02_NRGO;DAYNITE;0,00
BASE;RW;IND;.PRE.;IBOBIOPEL00;IBO.production.wood.pellets.00;PJ;PJA;PRE;-;BIOPEL;ANNUAL;0,00
BASE;RW;TRA;.PRE.;TRAGZH00;Fuel Tech - BioGas Enrichi (TRA);PJ;PJA;PRE;-;;ANNUAL;0,00
BASE;RW;TRA;.PRE.;TRAHFO00;Fuel Tech - Heavy Fuel Oil (TRA);PJ;PJA;PRE;-;;ANNUAL;0,00
BASE;RW;AGR;.PRE.;AGRGAS00;Fuel Tech - Natural Gas (AGR);PJ;PJA;PRE;-;;ANNUAL;0,00
BASE;RW;TRA;.PRE.;TRAGAS00;Fuel Tech - Natural Gas (TRA);PJ;PJA;PRE;-;;ANNUAL;0,00
BASE;RW;IND;.PRE.;INFOTH-NRG;INF: Other energy uses;PJ;PJA;PRE;-;;ANNUAL;0,00
BASE;RW;AGR;.PRE.;AGRSOL00;Fuel tech - Solar;PJ;PJA;PRE;-;;DAYNITE;0,00
TRA-NewTechs;RW;TRA;.DMD.TRADMO.;TMOPELCN01;Mopeds Electric New;BVKM;000VEH;DMD;-;TMOP;ANNUAL;1,00
BASE;RW;AGR;.DMD.;AGRAPP00;Base year electrical appliances;PJ;PJA;DMD;-;AGRAP;ANNUAL;0,00
BASE;RW;AGR;.PRE.;AGRBDL00;Fuel Tech - Biodiesel (AGR);PJ;PJA;PRE;-;AGRBDL;ANNUAL;0,00
BASE;RW;AGR;.PRE.;AGRBGS00;Fuel Tech - Biogas(AGR);PJ;PJA;PRE;-;AGRBGS;ANNUAL;0,00
BASE;RW;AGR;.PRE.;AGRCPS00;Fuel - Tech - bois chips (AGR);PJ;PJA;PRE;-;AGRCPS;ANNUAL;0,00
BASE;RW;AGR;.PRE.;AGRELC00;Fuel Tech - Electricity (AGR);PJ;PJA;PRE;-;AGRELC;DAYNITE;0,00
BASE;RW;AGR;.PRE.;AGRGMX00;Fuel Tech - gas mix réseau;PJ;PJA;PRE;-;AGRGMX;ANNUAL;0,00
BASE;RW;AGR;.PRE.;AGRHET00;Fuel Tech - Low Temperature Heat (AGR);PJ;PJA;PRE;-;AGRHET;SEASON;0,00
BASE;RW;AGR;.DMD.;AGRHH00;Base year oil  boiler  small;PJ;PJA;DMD;-;AGRHH;ANNUAL;0,00
BASE;RW;AGR;.DMD.;AGROFR00;Base year offroad;PJ;PJA;DMD;-;AGROF;ANNUAL;0,00
BASE;RW;COM;.DMD.;COM_CBAT_BA;Building Existing BA;MM2;MM2-A;DMD;-;CBATBA;ANNUAL;0,00
BASE;RW;COM;.DMD.;COM_CBAT_BP;Building Existing BP;MM2;MM2-A;DMD;-;CBATBP;ANNUAL;0,00
BASE;RW;COM;.DMD.;COM_CBAT_CO;Building Existing CO;MM2;MM2-A;DMD;-;CBATCO;ANNUAL;0,00
BASE;RW;COM;.DMD.;COM_CBAT_CS;Building Existing CS;MM2;MM2-A;DMD;-;CBATCS;ANNUAL;0,00
BASE;RW;COM;.DMD.;COM_CBAT_DATA;Building Existing DATA;MM2;MM2-A;DMD;-;CBATDATA;ANNUAL;0,00
BASE;RW;COM;.DMD.;COM_CBAT_EN;Building Existing EN;MM2;MM2-A;DMD;-;CBATEN;ANNUAL;0,00
BASE;RW;COM;.DMD.;COM_CBAT_SA;Building Existing SA;MM2;MM2-A;DMD;-;CBATSA;ANNUAL;0,00
BASE;RW;COM;.PRE.;CCBAELC100;Com.Space Cool.BA.ELC.00.Central.;PJ;GW;PRE;-;CCBA;ANNUAL;0,00
BASE;RW;COM;.PRE.;CCBAELC200;Com.Space Cool.BA.ELC.00.Windows.;PJ;GW;PRE;-;CCBA;ANNUAL;0,00
BASE;RW;COM;.PRE.;CCBAELC300;Com.Space Cool.BA.ELC.00.Fans.;PJ;GW;PRE;-;CCBA;ANNUAL;0,00
BASE;RW;COM;.PRE.;CCBPELC100;Com.Space Cool.BP.ELC.00.Central.;PJ;GW;PRE;-;CCBP;ANNUAL;0,00
BASE;RW;COM;.PRE.;CCBPELC200;Com.Space Cool.BP.ELC.00.Windows.;PJ;GW;PRE;-;CCBP;ANNUAL;0,00
BASE;RW;COM;.PRE.;CCBPELC300;Com.Space Cool.BP.ELC.00.Fans.;PJ;GW;PRE;-;CCBP;ANNUAL;0,00
BASE;RW;COM;.PRE.;CCCOELC100;Com.Space Cool.CO.ELC.00.Central.;PJ;GW;PRE;-;CCCO;ANNUAL;0,00
BASE;RW;COM;.PRE.;CCCOELC200;Com.Space Cool.CO.ELC.00.Windows.;PJ;GW;PRE;-;CCCO;ANNUAL;0,00
BASE;RW;COM;.PRE.;CCCOELC300;Com.Space Cool.CO.ELC.00.Fans.;PJ;GW;PRE;-;CCCO;ANNUAL;0,00
BASE;RW;COM;.PRE.;CCCSELC100;Com.Space Cool.CS.ELC.00.Central.;PJ;GW;PRE;-;CCCS;ANNUAL;0,00
BASE;RW;COM;.PRE.;CCCSELC200;Com.Space Cool.CS.ELC.00.Windows.;PJ;GW;PRE;-;CCCS;ANNUAL;0,00
BASE;RW;COM;.PRE.;CCCSELC300;Com.Space Cool.CS.ELC.00.Fans.;PJ;GW;PRE;-;CCCS;ANNUAL;0,00
BASE;RW;COM;.PRE.;CCDATELC100;Com.Space Cool.DATA.ELC.00.Central.;PJ;GW;PRE;-;CCDATA;ANNUAL;0,00
BASE;RW;COM;.PRE.;CCSAELC200;Com.Space Cool.SA.ELC.00.Windows.;PJ;GW;PRE;-;CCSA;ANNUAL;0,00
BASE;RW;COM;.PRE.;CCSAELC300;Com.Space Cool.SA.ELC.00.Fans.;PJ;GW;PRE;-;CCSA;ANNUAL;0,00
BASE;RW;COM;.PRE.;CHBABGS100;Com.Space Heat.BA.BGS.00.Furnace.;PJ;GW;PRE;-;CHBA;ANNUAL;0,00
BASE;RW;COM;.PRE.;CHBACPS100;Com.Space Heat.BA.BIOCPS.00.Stove.;PJ;GW;PRE;-;CHBA;ANNUAL;0,00
BASE;RW;COM;.PRE.;CHBAELC100;Com.Space Heat.BA.ELC.00.Resistance.;PJ;GW;PRE;-;CHBA;ANNUAL;0,00
BASE;RW;COM;.PRE.;CHBAELC200;Com.Space Heat.BA.ELC.00.Heat Pump.;PJ;GW;PRE;-;CHBA;ANNUAL;0,00
BASE;RW;COM;.PRE.;CHBAGEO100;Com.Space Heat.BA.GEO.00.Furnace.;PJ;GW;PRE;-;CHBA;ANNUAL;0,00
BASE;RW;COM;.PRE.;CHBAGMX100;Com.Space Heat.BA.GAS.00.Furnace.;PJ;GW;PRE;-;CHBA;ANNUAL;0,00
BASE;RW;COM;.PRE.;CHBAHET100;Com.Space Heat.BA.LTH.00.Heat exchanger.;PJ;GW;PRE;-;CHBA;ANNUAL;0,00
BASE;RW;COM;.PRE.;CHBALPG100;Com.Space Heat.BA.LPG.00.Furnace.;PJ;GW;PRE;-;CHBA;ANNUAL;0,00
BASE;RW;COM;.PRE.;CHBAOIL100;Com.Space Heat.BA.OIL.00.Furnace.;PJ;GW;PRE;-;CHBA;ANNUAL;0,00
BASE;RW;COM;.PRE.;CHBAPEL100;Com.Space Heat.BA.BIOPEL.00.Stove.;PJ;GW;PRE;-;CHBA;ANNUAL;0,00
BASE;RW;COM;.DMD.;COENMIX100;Com.Other Energy.00.Other.;PJ;PJA;DMD;-;COEN;ANNUAL;0,00
BASE;RW;COM;.PRE.;COMBDL00;FT- Biodiesel (COM);PJ;PJA;PRE;-;COMBDL;ANNUAL;0,00
BASE;RW;COM;.PRE.;COMBGS00;Fuel Tech - biogaz enrichi (COM);PJ;PJA;PRE;-;COMBGS;ANNUAL;0,00
BASE;RW;COM;.PRE.;COMCOA00;Fuel Tech - Coal (COM);PJ;PJA;PRE;-;COMCOA;ANNUAL;0,00
BASE;RW;COM;.PRE.;COMCPS00;Fuel Tech - Chips (COM);PJ;PJA;PRE;-;COMCPS;ANNUAL;0,00
BASE;RW;COM;.PRE.;COMELC00;Fuel Tech - Electricity (COM);PJ;GW;PRE;-;COMELC;DAYNITE;0,00
BASE;RW;COM;.PRE.;CWCSHET100;Com.Water Heat.CS.LTH.00.Heat Exchanger.;PJ;GW;PRE;-;CWCS;ANNUAL;0,00
BASE;RW;IND;.DMD.;IBOPROD00;IBO.Production.Wood.products.00;PJ;PJA;DMD;-;IBO;ANNUAL;0,00
BASE;RW;IND;.PRE.;IBOSTMGAS00;IBO.Generic Boiler.GAS;PJ;PJA;PRE;-;IBOHTH;ANNUAL;0,00
BASE;RW;IND;.PRE.;INDGAS00;Fuel Tech - Natural Gas transport (IND);PJ;PJA;PRE;-;INDGAS;ANNUAL;0,00
BASE;RW;IND;.PRE.;IOISTMCPS00;IOI.Other Industries.Steam.CPS.00;PJ;GW;PRE;-;IOIHTH;ANNUAL;0,00
BASE;RW;IND;.PRE.;IOISTMGAS00;IOI.Other Industries.Steam.GAS.00;PJ;GW;PRE;-;IOIHTH;ANNUAL;0,00
BASE;RW;IND;.PRE.;IOISTMGMX00;IOI.Other Industries.Steam.GAS.01;PJ;GW;PRE;-;IOIHTH;ANNUAL;0,00
BASE;RW;RSD;.DMD.;RLIGELC100;Rsd.Lighting.ELC.00.Incandescent Standard.;PJ;PJA;DMD;-;RLIG;ANNUAL;0,00
BASE;RW;RSD;.DMD.;RLIGELC200;Rsd.Lighting.ELC.00.Incandescent Improved.;PJ;PJA;DMD;-;RLIG;ANNUAL;0,00
BASE;RW;RSD;.DMD.;RLIGELC300;Rsd.Lighting.ELC.00.Halogen.;PJ;PJA;DMD;-;RLIG;ANNUAL;0,00
BASE;RW;RSD;.DMD.;RLIGELC400;Rsd.Lighting.ELC.00.Fluorescent.;PJ;PJA;DMD;-;RLIG;ANNUAL;0,00
BASE;RW;RSD;.DMD.;RLIGELC500;Rsd.Lighting.ELC.00.LED.;PJ;PJA;DMD;-;RLIG;ANNUAL;0,00
BASE;RW;RSD;.DMD.;ROELELC100;Rsd.Other Electricity.ELC.00.Other Appliances.;PJ;PJA;DMD;-;ROEL;ANNUAL;0,00
BASE;RW;RSD;.DMD.;ROENGSL100;Rsd.Other Energy.GSL.00.Other.;PJ;PJA;DMD;-;ROEN;ANNUAL;0,00
BASE;RW;RSD;.DMD.;RREFELC100;Rsd.Refrigeration.ELC.00.Refrigerator.;PJ;PJA;DMD;-;RREF;ANNUAL;0,00
BASE;RW;RSD;.DMD.;RREFELC200;Rsd.Refrigeration.ELC.00.Freezer.;PJ;PJA;DMD;-;RREF;ANNUAL;0,00
BASE;RW;RSD;.DMD.;RREFELC300;Rsd.Refrigeration.ELC.00.Refrigerator+Freezer.;PJ;PJA;DMD;-;RREF;ANNUAL;0,00
BASE;RW;RSD;.PRE.;RSDCOA00;Fuel Tech - Coal (RSD);PJ;PJA;PRE;-;RSDCOA;ANNUAL;0,00
BASE;RW;RSD;.PRE.;RSDGMX00;Fuel Tech - Natural Gas biogas mixed (RSD);PJ;PJA;PRE;-;RSDGMX;ANNUAL;0,00
BASE;RW;RSD;.PRE.;RSDGSL00;Fuel Tech - Gasoline (RSD);PJ;PJA;PRE;-;RSDGSL;ANNUAL;0,00
BASE;RW;TRA;.PRE.;TRAGSL00;Fuel Tech - Gasoline (TRA);PJ;PJA;PRE;-;TRAGSL;ANNUAL;0,00
BASE;RW;TRA;.PRE.;TRAKER00;Fuel Tech - Kerosene - Jet Fuels (TRA);PJ;PJA;PRE;-;TRAKER;ANNUAL;0,00
BASE;RW;TRA;.PRE.;TRALPG00;Fuel Tech - Liquified Petroleum Gas (TRA);PJ;PJA;PRE;-;TRALPG;ANNUAL;0,00
BASE;RW;TRA;.DMD.;TTPELCDST00;Train Conventional Passengers Tech Existing;BPKM;BPKMA;DMD;-;TTP;ANNUAL;0,00
TRA-NewTechs;RW;TRA;.PRE.;TCHARGHOMN01;TCHARGHOMN01;PJ;GW;PRE;-;BATELCIN;DAYNITE;0,00
TRA-NewTechs;RW;TRA;.PRE.;TCHARGWRKN01;TCHARGWRKN01;PJ;GW;PRE;-;BATELCIN;DAYNITE;0,00
BASE;RW;AGR;.PRE.;AGROIL00;Fuel Tech - Oil (AGR);PJ;PJA;PRE;-;AGROIL;ANNUAL;0,00
BASE;RW;COM;.PRE.;CCDATELC200;Com.Space Cool.DATA.ELC.00.Windows.;PJ;GW;PRE;-;CCDATA;ANNUAL;0,00
BASE;RW;COM;.PRE.;CCDATELC300;Com.Space Cool.DATA.ELC.00.Fans.;PJ;GW;PRE;-;CCDATA;ANNUAL;0,00
BASE;RW;COM;.PRE.;CCENELC100;Com.Space Cool.EN.ELC.00.Central.;PJ;GW;PRE;-;CCEN;ANNUAL;0,00
BASE;RW;COM;.PRE.;CCENELC200;Com.Space Cool.EN.ELC.00.Windows.;PJ;GW;PRE;-;CCEN;ANNUAL;0,00
BASE;RW;COM;.PRE.;CCENELC300;Com.Space Cool.EN.ELC.00.Fans.;PJ;GW;PRE;-;CCEN;ANNUAL;0,00
BASE;RW;COM;.DMD.;CCOKCPS100;Com.Cooking.BIO.00.Stove.;PJ;PJA;DMD;-;CCOK;ANNUAL;0,00
BASE;RW;COM;.DMD.;CCOKELC100;Com.Cooking.ELC.00.Stove.;PJ;PJA;DMD;-;CCOK;ANNUAL;0,00
BASE;RW;COM;.DMD.;CCOKGAS100;Com.Cooking.GAS.00.Stove.;PJ;PJA;DMD;-;CCOK;ANNUAL;0,00
BASE;RW;COM;.DMD.;CCOKLPG100;Com.Cooking.LPG.00.Stove.;PJ;PJA;DMD;-;CCOK;ANNUAL;0,00
BASE;RW;COM;.PRE.;CCSAELC100;Com.Space Cool.SA.ELC.00.Central.;PJ;GW;PRE;-;CCSA;ANNUAL;0,00
BASE;RW;COM;.PRE.;CHBASOL100;Com.Space Heat.BA.SOL.00.Furnace.;PJ;GW;PRE;-;CHBA;ANNUAL;0,00
BASE;RW;COM;.PRE.;CHBPBGS100;Com.Space Heat.BP.BGS.00.Furnace.;PJ;GW;PRE;-;CHBP;ANNUAL;0,00
BASE;RW;COM;.PRE.;CHBPCPS100;Com.Space Heat.BP.BIOCPS.00.Stove.;PJ;GW;PRE;-;CHBP;ANNUAL;0,00
BASE;RW;COM;.PRE.;CHBPELC100;Com.Space Heat.BP.ELC.00.Resistance.;PJ;GW;PRE;-;CHBP;ANNUAL;0,00
BASE;RW;COM;.PRE.;CHBPELC200;Com.Space Heat.BP.ELC.00.Heat Pump.;PJ;GW;PRE;-;CHBP;ANNUAL;0,00
BASE;RW;COM;.PRE.;CHBPGEO100;Com.Space Heat.BP.GEO.00.Furnace.;PJ;GW;PRE;-;CHBP;ANNUAL;0,00
BASE;RW;COM;.PRE.;CHBPGMX100;Com.Space Heat.BP.GAS.00.Furnace.;PJ;GW;PRE;-;CHBP;ANNUAL;0,00
BASE;RW;COM;.PRE.;CHBPHET100;Com.Space Heat.BP.LTH.00.Heat exchanger.;PJ;GW;PRE;-;CHBP;ANNUAL;0,00
BASE;RW;COM;.PRE.;CHBPLPG100;Com.Space Heat.BP.LPG.00.Furnace.;PJ;GW;PRE;-;CHBP;ANNUAL;0,00
BASE;RW;COM;.PRE.;CHBPOIL100;Com.Space Heat.BP.OIL.00.Furnace.;PJ;GW;PRE;-;CHBP;ANNUAL;0,00
BASE;RW;COM;.PRE.;CHBPPEL100;Com.Space Heat.BP.BIOPEL.00.Stove.;PJ;GW;PRE;-;CHBP;ANNUAL;0,00
BASE;RW;COM;.PRE.;CHBPSOL100;Com.Space Heat.BP.SOL.00.Furnace.;PJ;GW;PRE;-;CHBP;ANNUAL;0,00
BASE;RW;COM;.PRE.;CHCOBGS100;Com.Space Heat.CO.BGS.00.Furnace.;PJ;GW;PRE;-;CHCO;ANNUAL;0,00
BASE;RW;COM;.PRE.;CHCOCPS100;Com.Space Heat.CO.BIOCPS.00.Stove.;PJ;GW;PRE;-;CHCO;ANNUAL;0,00
BASE;RW;COM;.PRE.;CHCOELC100;Com.Space Heat.CO.ELC.00.Resistance.;PJ;GW;PRE;-;CHCO;ANNUAL;0,00
BASE;RW;COM;.PRE.;CHCOELC200;Com.Space Heat.CO.ELC.00.Heat Pump.;PJ;GW;PRE;-;CHCO;ANNUAL;0,00
BASE;RW;COM;.PRE.;CHCOGEO100;Com.Space Heat.CO.GEO.00.Furnace.;PJ;GW;PRE;-;CHCO;ANNUAL;0,00
BASE;RW;COM;.PRE.;CHCOGMX100;Com.Space Heat.CO.GAS.00.Furnace.;PJ;GW;PRE;-;CHCO;ANNUAL;0,00
BASE;RW;COM;.PRE.;CHCOHET100;Com.Space Heat.CO.LTH.00.Heat exchanger.;PJ;GW;PRE;-;CHCO;ANNUAL;0,00
BASE;RW;COM;.PRE.;CHCOLPG100;Com.Space Heat.CO.LPG.00.Furnace.;PJ;GW;PRE;-;CHCO;ANNUAL;0,00
BASE;RW;COM;.PRE.;CHCOOIL100;Com.Space Heat.CO.OIL.00.Furnace.;PJ;GW;PRE;-;CHCO;ANNUAL;0,00
BASE;RW;COM;.PRE.;CHCOPEL100;Com.Space Heat.CO.BIOPEL.00.Stove.;PJ;GW;PRE;-;CHCO;ANNUAL;0,00
BASE;RW;COM;.PRE.;CHCOSOL100;Com.Space Heat.CO.SOL.00.Furnace.;PJ;GW;PRE;-;CHCO;ANNUAL;0,00
BASE;RW;COM;.PRE.;CHCSBGS100;Com.Space Heat.CS.BGS.00.Furnace.;PJ;GW;PRE;-;CHCS;ANNUAL;0,00
BASE;RW;COM;.PRE.;CHCSELC100;Com.Space Heat.CS.ELC.00.Resistance.;PJ;GW;PRE;-;CHCS;ANNUAL;0,00
BASE;RW;COM;.PRE.;CHCSELC200;Com.Space Heat.CS.ELC.00.Heat Pump.;PJ;GW;PRE;-;CHCS;ANNUAL;0,00
BASE;RW;COM;.PRE.;CHCSGEO100;Com.Space Heat.CS.GEO.00.Furnace.;PJ;GW;PRE;-;CHCS;ANNUAL;0,00
BASE;RW;COM;.PRE.;CHCSGMX100;Com.Space Heat.CS.GAS.00.Furnace.;PJ;GW;PRE;-;CHCS;ANNUAL;0,00
BASE;RW;COM;.PRE.;CHCSHET100;Com.Space Heat.CS.LTH.00.Heat exchanger.;PJ;GW;PRE;-;CHCS;ANNUAL;0,00
BASE;RW;COM;.PRE.;CHCSLPG100;Com.Space Heat.CS.LPG.00.Furnace.;PJ;GW;PRE;-;CHCS;ANNUAL;0,00
BASE;RW;COM;.PRE.;CHCSOIL100;Com.Space Heat.CS.OIL.00.Furnace.;PJ;GW;PRE;-;CHCS;ANNUAL;0,00
BASE;RW;COM;.PRE.;CHCSPEL100;Com.Space Heat.CS.BIOPEL.00.Stove.;PJ;GW;PRE;-;CHCS;ANNUAL;0,00
BASE;RW;COM;.PRE.;CHCSSOL100;Com.Space Heat.CS.SOL.00.Furnace.;PJ;GW;PRE;-;CHCS;ANNUAL;0,00
BASE;RW;COM;.PRE.;CHDATBGS100;Com.Space Heat.DATA.BGS.00.Furnace.;PJ;GW;PRE;-;CHDATA;ANNUAL;0,00
BASE;RW;COM;.PRE.;CHDATCPS100;Com.Space Heat.DATA.BIOCPS.00.Stove.;PJ;GW;PRE;-;CHDATA;ANNUAL;0,00
BASE;RW;COM;.PRE.;CHDATELC100;Com.Space Heat.DATA.ELC.00.Resistance.;PJ;GW;PRE;-;CHDATA;ANNUAL;0,00
BASE;RW;COM;.PRE.;CHDATELC200;Com.Space Heat.DATA.ELC.00.Heat Pump.;PJ;GW;PRE;-;CHDATA;ANNUAL;0,00
BASE;RW;COM;.PRE.;CHDATGEO100;Com.Space Heat.DATA.GEO.00.Furnace.;PJ;GW;PRE;-;CHDATA;ANNUAL;0,00
BASE;RW;COM;.PRE.;CHDATGMX100;Com.Space Heat.DATA.GAS.00.Furnace.;PJ;GW;PRE;-;CHDATA;ANNUAL;0,00
BASE;RW;COM;.PRE.;CHDATHET100;Com.Space Heat.DATA.LTH.00.Heat exchanger.;PJ;GW;PRE;-;CHDATA;ANNUAL;0,00
BASE;RW;COM;.PRE.;CHDATLPG100;Com.Space Heat.DATA.LPG.00.Furnace.;PJ;GW;PRE;-;CHDATA;ANNUAL;0,00
BASE;RW;COM;.PRE.;CHDATOIL100;Com.Space Heat.DATA.OIL.00.Furnace.;PJ;GW;PRE;-;CHDATA;ANNUAL;0,00
BASE;RW;COM;.PRE.;CHDATPEL100;Com.Space Heat.DATA.BIOPEL.00.Stove.;PJ;GW;PRE;-;CHDATA;ANNUAL;0,00
BASE;RW;COM;.PRE.;CHENBGS100;Com.Space Heat.EN.BGS.00.Furnace.;PJ;GW;PRE;-;CHEN;ANNUAL;0,00
BASE;RW;COM;.PRE.;CHENCPS100;Com.Space Heat.EN.BIOCPS.00.Stove.;PJ;GW;PRE;-;CHEN;ANNUAL;0,00
BASE;RW;COM;.PRE.;CHENELC100;Com.Space Heat.EN.ELC.00.Resistance.;PJ;GW;PRE;-;CHEN;ANNUAL;0,00
BASE;RW;COM;.PRE.;CHENELC200;Com.Space Heat.EN.ELC.00.Heat Pump.;PJ;GW;PRE;-;CHEN;ANNUAL;0,00
BASE;RW;COM;.PRE.;CHENGEO100;Com.Space Heat.EN.GEO.00.Furnace.;PJ;GW;PRE;-;CHEN;ANNUAL;0,00
BASE;RW;COM;.PRE.;CHENGMX100;Com.Space Heat.EN.GAS.00.Furnace.;PJ;GW;PRE;-;CHEN;ANNUAL;0,00
BASE;RW;COM;.PRE.;CHENHET100;Com.Space Heat.EN.LTH.00.Heat exchanger.;PJ;GW;PRE;-;CHEN;ANNUAL;0,00
BASE;RW;COM;.PRE.;CHENLPG100;Com.Space Heat.EN.LPG.00.Furnace.;PJ;GW;PRE;-;CHEN;ANNUAL;0,00
BASE;RW;COM;.PRE.;CHENOIL100;Com.Space Heat.EN.OIL.00.Furnace.;PJ;GW;PRE;-;CHEN;ANNUAL;0,00
BASE;RW;COM;.PRE.;CHENPEL100;Com.Space Heat.EN.WODDPELL.00.Stove.;PJ;GW;PRE;-;CHEN;ANNUAL;0,00
BASE;RW;COM;.PRE.;CHENSOL100;Com.Space Heat.EN.SOL.00.Furnace.;PJ;GW;PRE;-;CHEN;ANNUAL;0,00
BASE;RW;COM;.PRE.;CHSABGS100;Com.Space Heat.SA.BGS.00.Furnace.;PJ;GW;PRE;-;CHSA;ANNUAL;0,00
BASE;RW;COM;.PRE.;CHSACPS100;Com.Space Heat.SA.BIOCPS.00.Stove.;PJ;GW;PRE;-;CHSA;ANNUAL;0,00
BASE;RW;COM;.PRE.;CHSAELC100;Com.Space Heat.SA.ELC.00.Resistance.;PJ;GW;PRE;-;CHSA;ANNUAL;0,00
BASE;RW;COM;.PRE.;CHSAELC200;Com.Space Heat.SA.ELC.00.Heat Pump.;PJ;GW;PRE;-;CHSA;ANNUAL;0,00
BASE;RW;COM;.PRE.;CHSAGMX100;Com.Space Heat.SA.GAS.00.Furnace.;PJ;GW;PRE;-;CHSA;ANNUAL;0,00
BASE;RW;COM;.PRE.;CHSAHET100;Com.Space Heat.SA.LTH.00.Heat exchanger.;PJ;GW;PRE;-;CHSA;ANNUAL;0,00
BASE;RW;COM;.PRE.;CHSALPG100;Com.Space Heat.SA.LPG.00.Furnace.;PJ;GW;PRE;-;CHSA;ANNUAL;0,00
BASE;RW;COM;.PRE.;CHSAOIL100;Com.Space Heat.SA.OIL.00.Furnace.;PJ;GW;PRE;-;CHSA;ANNUAL;0,00
BASE;RW;COM;.PRE.;CHSAPEL100;Com.Space Heat.SA.BIOPEL.00.Stove.;PJ;GW;PRE;-;CHSA;ANNUAL;0,00
BASE;RW;COM;.PRE.;CHSASOL100;Com.Space Heat.SA.SOL.00.Furnace.;PJ;GW;PRE;-;CHSA;ANNUAL;0,00
BASE;RW;COM;.PRE.;CLIGBAELC100;Com.Lighting.ELC.00.Incandescent Standard.;PJ;PJA;PRE;-;CLIGBA;ANNUAL;0,00
BASE;RW;COM;.PRE.;CLIGBAELC200;Com.Lighting.ELC.00.Incandescent Improved.;PJ;PJA;PRE;-;CLIGBA;ANNUAL;0,00
BASE;RW;COM;.PRE.;CLIGBAELC300;Com.Lighting.ELC.00.Halogen.;PJ;PJA;PRE;-;CLIGBA;ANNUAL;0,00
BASE;RW;COM;.PRE.;CLIGBAELC400;Com.Lighting.ELC.00.Fluorescent.;PJ;PJA;PRE;-;CLIGBA;ANNUAL;0,00
BASE;RW;COM;.PRE.;CLIGBAELC500;Com.Lighting.ELC.00.LED.;PJ;PJA;PRE;-;CLIGBA;ANNUAL;0,00
BASE;RW;COM;.PRE.;CLIGBPELC100;Com.Lighting.ELC.00.Incandescent Standard.;PJ;PJA;PRE;-;CLIGBP;ANNUAL;0,00
BASE;RW;COM;.PRE.;CLIGBPELC200;Com.Lighting.ELC.00.Incandescent Improved.;PJ;PJA;PRE;-;CLIGBP;ANNUAL;0,00
BASE;RW;COM;.PRE.;CLIGBPELC300;Com.Lighting.ELC.00.Halogen.;PJ;PJA;PRE;-;CLIGBP;ANNUAL;0,00
BASE;RW;COM;.PRE.;CLIGBPELC400;Com.Lighting.ELC.00.Fluorescent.;PJ;PJA;PRE;-;CLIGBP;ANNUAL;0,00
BASE;RW;COM;.PRE.;CLIGBPELC500;Com.Lighting.ELC.00.LED.;PJ;PJA;PRE;-;CLIGBP;ANNUAL;0,00
BASE;RW;COM;.PRE.;CLIGCOELC100;Com.Lighting.ELC.00.Incandescent Standard.;PJ;PJA;PRE;-;CLIGCO;ANNUAL;0,00
BASE;RW;COM;.PRE.;CLIGCOELC200;Com.Lighting.ELC.00.Incandescent Improved.;PJ;PJA;PRE;-;CLIGCO;ANNUAL;0,00
BASE;RW;COM;.PRE.;CLIGCOELC300;Com.Lighting.ELC.00.Halogen.;PJ;PJA;PRE;-;CLIGCO;ANNUAL;0,00
BASE;RW;COM;.PRE.;CLIGCOELC400;Com.Lighting.ELC.00.Fluorescent.;PJ;PJA;PRE;-;CLIGCO;ANNUAL;0,00
BASE;RW;COM;.PRE.;CLIGCOELC500;Com.Lighting.ELC.00.LED.;PJ;PJA;PRE;-;CLIGCO;ANNUAL;0,00
BASE;RW;COM;.PRE.;CLIGCSELC100;Com.Lighting.ELC.00.Incandescent Standard.;PJ;PJA;PRE;-;CLIGCS;ANNUAL;0,00
BASE;RW;COM;.PRE.;CLIGCSELC200;Com.Lighting.ELC.00.Incandescent Improved.;PJ;PJA;PRE;-;CLIGCS;ANNUAL;0,00
BASE;RW;COM;.PRE.;CLIGCSELC300;Com.Lighting.ELC.00.Halogen.;PJ;PJA;PRE;-;CLIGCS;ANNUAL;0,00
BASE;RW;COM;.PRE.;CLIGCSELC400;Com.Lighting.ELC.00.Fluorescent.;PJ;PJA;PRE;-;CLIGCS;ANNUAL;0,00
BASE;RW;COM;.PRE.;CLIGCSELC500;Com.Lighting.ELC.00.Fluorescent.;PJ;PJA;PRE;-;CLIGCS;ANNUAL;0,00
BASE;RW;COM;.PRE.;CLIGDATAELC100;Com.Lighting.ELC.00.Incandescent Standard.;PJ;PJA;PRE;-;CLIGDATA;ANNUAL;0,00
BASE;RW;COM;.PRE.;CLIGDATAELC200;Com.Lighting.ELC.00.Incandescent Improved.;PJ;PJA;PRE;-;CLIGDATA;ANNUAL;0,00
BASE;RW;COM;.PRE.;CLIGDATAELC300;Com.Lighting.ELC.00.Halogen.;PJ;PJA;PRE;-;CLIGDATA;ANNUAL;0,00
BASE;RW;COM;.PRE.;CLIGDATAELC400;Com.Lighting.ELC.00.Fluorescent.;PJ;PJA;PRE;-;CLIGDATA;ANNUAL;0,00
BASE;RW;COM;.PRE.;CLIGDATAELC500;Com.Lighting.ELC.00.LED.;PJ;PJA;PRE;-;CLIGDATA;ANNUAL;0,00
BASE;RW;COM;.PRE.;CLIGENELC100;Com.Lighting.ELC.00.Incandescent Standard.;PJ;PJA;PRE;-;CLIGEN;ANNUAL;0,00
BASE;RW;COM;.PRE.;CLIGENELC200;Com.Lighting.ELC.00.Incandescent Improved.;PJ;PJA;PRE;-;CLIGEN;ANNUAL;0,00
BASE;RW;COM;.PRE.;CLIGENELC300;Com.Lighting.ELC.00.Halogen.;PJ;PJA;PRE;-;CLIGEN;ANNUAL;0,00
BASE;RW;COM;.PRE.;CLIGENELC400;Com.Lighting.ELC.00.Fluorescent.;PJ;PJA;PRE;-;CLIGEN;ANNUAL;0,00
BASE;RW;COM;.PRE.;CLIGENELC500;Com.Lighting.ELC.00.LED.;PJ;PJA;PRE;-;CLIGEN;ANNUAL;0,00
BASE;RW;COM;.PRE.;CLIGSAELC100;Com.Lighting.ELC.00.Incandescent Standard.;PJ;PJA;PRE;-;CLIGSA;ANNUAL;0,00
BASE;RW;COM;.PRE.;CLIGSAELC200;Com.Lighting.ELC.00.Incandescent Improved.;PJ;PJA;PRE;-;CLIGSA;ANNUAL;0,00
BASE;RW;COM;.PRE.;CLIGSAELC300;Com.Lighting.ELC.00.Halogen.;PJ;PJA;PRE;-;CLIGSA;ANNUAL;0,00
BASE;RW;COM;.PRE.;CLIGSAELC400;Com.Lighting.ELC.00.Fluorescent.;PJ;PJA;PRE;-;CLIGSA;ANNUAL;0,00
BASE;RW;COM;.PRE.;CLIGSAELC500;Com.Lighting.ELC.00.LED.;PJ;PJA;PRE;-;CLIGSA;ANNUAL;0,00
BASE;RW;COM;.DMD.;COM_CNBAT_BA;Building New BA;MM2;MM2-A;DMD;-;CNBATBA;ANNUAL;0,00
BASE;RW;COM;.DMD.;COM_CNBAT_BP;Building New BP;MM2;MM2-A;DMD;-;CNBATBP;ANNUAL;0,00
BASE;RW;COM;.DMD.;COM_CNBAT_CO;Building New CO;MM2;MM2-A;DMD;-;CNBATCO;ANNUAL;0,00
BASE;RW;COM;.DMD.;COM_CNBAT_CS;Building New CS;MM2;MM2-A;DMD;-;CNBATCS;ANNUAL;0,00
BASE;RW;COM;.DMD.;COM_CNBAT_DATA;Building New TA;MM2;MM2-A;DMD;-;CNBATDATA;ANNUAL;0,00
BASE;RW;COM;.DMD.;COM_CNBAT_EN;Building New EN;MM2;MM2-A;DMD;-;CNBATEN;ANNUAL;0,00
BASE;RW;COM;.DMD.;COM_CNBAT_SA;Building New SA;MM2;MM2-A;DMD;-;CNBATSA;ANNUAL;0,00
BASE;RW;COM;.PRE.;COMGAS00;Fuel Tech - biogaz enrichi (COM);PJ;PJA;PRE;-;COMGAS;ANNUAL;0,00
BASE;RW;COM;.PRE.;COMGEO00;Fuel Tech - Geothermal (COM);PJ;PJA;PRE;-;COMGEO;ANNUAL;0,00
BASE;RW;COM;.PRE.;COMGMX00;Fuel Tech  - Natural Gas (COM);PJ;PJA;PRE;-;COMGMX;ANNUAL;0,00
BASE;RW;COM;.PRE.;COMGSL00;Fuel Tech - GSL (COM);PJ;PJA;PRE;-;COMGSL;ANNUAL;0,00
BASE;RW;COM;.PRE.;COMGZH00;Fuel Tech - biogaz enrichi (COM);PJ;PJA;PRE;-;COMGZH;ANNUAL;0,00
BASE;RW;COM;.PRE.;COMHET00;Fuel Tech - Low Temparature Heat (COM);PJ;PJA;PRE;-;COMHET;ANNUAL;0,00
BASE;RW;COM;.PRE.;COMLPG00;Fuel Tech - Liquified Petroleum Gas (COM);PJ;PJA;PRE;-;COMLPG;ANNUAL;0,00
BASE;RW;COM;.PRE.;COMOIL00;Fuel Tech - Oil (COM);PJ;PJA;PRE;-;COMOIL;ANNUAL;0,00
BASE;RW;COM;.PRE.;COMPEL00;Fuel Tech - Pellets (COM);PJ;PJA;PRE;-;COMPEL;ANNUAL;0,00
BASE;RW;COM;.PRE.;COMSOL00;Fuel Tech - Solar (COM);PJ;PJA;PRE;-;COMSOL;ANNUAL;0,00
BASE;RW;COM;.DMD.;COSEELC100;Com.Serveur Electricity.DATA CENTER.ELC.00.Other Equipments.;PJ;PJA;DMD;-;COSE;ANNUAL;0,00
BASE;RW;COM;.DMD.;CPLIELC100;Com.Public Lighting.ELC.00.Generic Lamp.;PJ;PJA;DMD;-;CPLI;ANNUAL;0,00
BASE;RW;COM;.DMD.;CREFELC100;Com.Refrigeration.ELC.00.Refrigerator.;PJ;PJA;DMD;-;CREF;ANNUAL;0,00
BASE;RW;COM;.DMD.;CREFELC200;Com.Refrigeration.ELC.00.Freezer.;PJ;PJA;DMD;-;CREF;ANNUAL;0,00
BASE;RW;COM;.DMD.;CREFELC300;Com.Refrigeration.ELC.00.Refrigerator+Freezer.;PJ;PJA;DMD;-;CREF;ANNUAL;0,00
BASE;RW;COM;.PRE.;CWBABGS100;Com.Water Heat.BA.BGS.00.Furnace.;PJ;GW;PRE;-;CWBA;ANNUAL;0,00
BASE;RW;COM;.PRE.;CWBACPS100;Com.Water Heat.BA.BIOCPS.00.Stove.;PJ;GW;PRE;-;CWBA;ANNUAL;0,00
BASE;RW;COM;.PRE.;CWBAELC100;Com.Water Heat.BA.ELC.00.Resistance.;PJ;GW;PRE;-;CWBA;ANNUAL;0,00
BASE;RW;COM;.PRE.;CWBAELC200;Com.Water Heat.BA.ELC.00.Heat Pump.;PJ;GW;PRE;-;CWBA;ANNUAL;0,00
BASE;RW;COM;.PRE.;CWBAGEO100;Com.Water Heat.BA.GEO.00.Furnace.;PJ;GW;PRE;-;CWBA;ANNUAL;0,00
BASE;RW;COM;.PRE.;CWBAGMX100;Com.Water Heat.BA.GAS.00.Furnace.;PJ;GW;PRE;-;CWBA;ANNUAL;0,00
BASE;RW;COM;.PRE.;CWBAHET100;Com.Water Heat.BA.LTH.00.Heat Exchanger.;PJ;GW;PRE;-;CWBA;ANNUAL;0,00
BASE;RW;COM;.PRE.;CWBALPG100;Com.Water Heat.BA.LPG.00.Furnace.;PJ;GW;PRE;-;CWBA;ANNUAL;0,00
BASE;RW;COM;.PRE.;CWBAOIL100;Com.Water Heat.BA.OIL.00.Furnace.;PJ;GW;PRE;-;CWBA;ANNUAL;0,00
BASE;RW;COM;.PRE.;CWBAPEL100;Com.Water Heat.BA.BIOPEL.00.Stove.;PJ;GW;PRE;-;CWBA;ANNUAL;0,00
BASE;RW;COM;.PRE.;CWBASOL100;Com.Water Heat.BA.SOL.00.Furnace.;PJ;GW;PRE;-;CWBA;ANNUAL;0,00
BASE;RW;COM;.PRE.;CWBPBGS100;Com.Water Heat.BP.BGS.00.Furnace.;PJ;GW;PRE;-;CWBP;ANNUAL;0,00
BASE;RW;COM;.PRE.;CWBPCPS100;Com.Water Heat.BP.BIOCPS.00.Stove.;PJ;GW;PRE;-;CWBP;ANNUAL;0,00
BASE;RW;COM;.PRE.;CWBPELC200;Com.Water Heat.BP.ELC.00.Heat Pump.;PJ;GW;PRE;-;CWBP;ANNUAL;0,00
BASE;RW;COM;.PRE.;CWBPGEO100;Com.Water Heat.BP.GEO.00.Furnace.;PJ;GW;PRE;-;CWBP;ANNUAL;0,00
BASE;RW;COM;.PRE.;CWBPGMX100;Com.Water Heat.BP.GAS.00.Furnace.;PJ;GW;PRE;-;CWBP;ANNUAL;0,00
BASE;RW;COM;.PRE.;CWBPHET100;Com.Water Heat.BP.LTH.00.Heat Exchanger.;PJ;GW;PRE;-;CWBP;ANNUAL;0,00
BASE;RW;COM;.PRE.;CWBPLPG100;Com.Water Heat.BP.LPG.00.Furnace.;PJ;GW;PRE;-;CWBP;ANNUAL;0,00
BASE;RW;COM;.PRE.;CWBPOIL100;Com.Water Heat.BP.OIL.00.Furnace.;PJ;GW;PRE;-;CWBP;ANNUAL;0,00
BASE;RW;COM;.PRE.;CWBPPEL100;Com.Water Heat.BP.BIOPEL.00.Stove.;PJ;GW;PRE;-;CWBP;ANNUAL;0,00
BASE;RW;COM;.PRE.;CWBPSOL100;Com.Water Heat.BP.SOL.00.Furnace.;PJ;GW;PRE;-;CWBP;ANNUAL;0,00
BASE;RW;COM;.PRE.;CWCOBGS100;Com.Water Heat.CO.BGS.00.Furnace.;PJ;GW;PRE;-;CWCO;ANNUAL;0,00
BASE;RW;COM;.PRE.;CWCOCPS100;Com.Water Heat.CO.BIOCPS.00.Stove.;PJ;GW;PRE;-;CWCO;ANNUAL;0,00
BASE;RW;COM;.PRE.;CWCOELC100;Com.Water Heat.CO.ELC.00.Resistance.;PJ;GW;PRE;-;CWCO;ANNUAL;0,00
BASE;RW;COM;.PRE.;CWCOELC200;Com.Water Heat.CO.ELC.00.Heat Pump.;PJ;GW;PRE;-;CWCO;ANNUAL;0,00
BASE;RW;COM;.PRE.;CWCOGEO100;Com.Water Heat.CO.GEO.00.Furnace.;PJ;GW;PRE;-;CWCO;ANNUAL;0,00
BASE;RW;COM;.PRE.;CWCOGMX100;Com.Water Heat.CO.GAS.00.Furnace.;PJ;GW;PRE;-;CWCO;ANNUAL;0,00
BASE;RW;COM;.PRE.;CWCOHET100;Com.Water Heat.BP.LTH.00.Heat Exchanger.;PJ;GW;PRE;-;CWCO;ANNUAL;0,00
BASE;RW;COM;.PRE.;CWCOLPG100;Com.Water Heat.CO.LPG.00.Furnace.;PJ;GW;PRE;-;CWCO;ANNUAL;0,00
BASE;RW;COM;.PRE.;CWCOOIL100;Com.Water Heat.CO.OIL.00.Furnace.;PJ;GW;PRE;-;CWCO;ANNUAL;0,00
BASE;RW;COM;.PRE.;CWCOPEL100;Com.Water Heat.CO.BIOPEL.00.Stove.;PJ;GW;PRE;-;CWCO;ANNUAL;0,00
BASE;RW;COM;.PRE.;CWCOSOL100;Com.Water Heat.CO.SOL.00.Furnace.;PJ;GW;PRE;-;CWCO;ANNUAL;0,00
BASE;RW;COM;.PRE.;CWCSBGS100;Com.Water Heat.CS.BGS.00.Furnace.;PJ;GW;PRE;-;CWCS;ANNUAL;0,00
BASE;RW;COM;.PRE.;CWCSCPS100;Com.Water Heat.CS.BIOCPS.00.Stove.;PJ;GW;PRE;-;CWCS;ANNUAL;0,00
BASE;RW;COM;.PRE.;CWCSELC100;Com.Water Heat.CS.ELC.00.Resistance.;PJ;GW;PRE;-;CWCS;ANNUAL;0,00
BASE;RW;COM;.PRE.;CWCSELC200;Com.Water Heat.CS.ELC.00.Heat Pump.;PJ;GW;PRE;-;CWCS;ANNUAL;0,00
BASE;RW;COM;.PRE.;CWCSGEO100;Com.Water Heat.CS.GEO.00.Furnace.;PJ;GW;PRE;-;CWCS;ANNUAL;0,00
BASE;RW;COM;.PRE.;CWCSLPG100;Com.Water Heat.CS.LPG.00.Furnace.;PJ;GW;PRE;-;CWCS;ANNUAL;0,00
BASE;RW;COM;.PRE.;CWCSOIL100;Com.Water Heat.CS.OIL.00.Furnace.;PJ;GW;PRE;-;CWCS;ANNUAL;0,00
BASE;RW;COM;.PRE.;CWCSPEL100;Com.Water Heat.CS.BIOPEL.00.Stove.;PJ;GW;PRE;-;CWCS;ANNUAL;0,00
BASE;RW;COM;.PRE.;CWCSSOL100;Com.Water Heat.CS.SOL.00.Furnace.;PJ;GW;PRE;-;CWCS;ANNUAL;0,00
BASE;RW;COM;.PRE.;CWDATBGS100;Com.Water Heat.DATA.BGS.00.Furnace.;PJ;GW;PRE;-;CWDATA;ANNUAL;0,00
BASE;RW;COM;.PRE.;CWDATCPS100;Com.Water Heat.DATA.BIOCPS.00.Stove.;PJ;GW;PRE;-;CWDATA;ANNUAL;0,00
BASE;RW;COM;.PRE.;CWDATELC100;Com.Water Heat.DATA.ELC.00.Resistance.;PJ;GW;PRE;-;CWDATA;ANNUAL;0,00
BASE;RW;COM;.PRE.;CWDATELC200;Com.Water Heat.DATA.ELC.00.Heat Pump.;PJ;GW;PRE;-;CWDATA;ANNUAL;0,00
BASE;RW;COM;.PRE.;CWDATGEO100;Com.Water Heat.DATA.GEO.00.Furnace.;PJ;GW;PRE;-;CWDATA;ANNUAL;0,00
BASE;RW;COM;.PRE.;CWDATGMX100;Com.Water Heat.DATA.GAS.00.Furnace.;PJ;GW;PRE;-;CWDATA;ANNUAL;0,00
BASE;RW;COM;.PRE.;CWDATHET100;Com.Water Heat.DATA.LTH.00.Heat Exchanger.;PJ;GW;PRE;-;CWDATA;ANNUAL;0,00
BASE;RW;COM;.PRE.;CWDATLPG100;Com.Water Heat.DATA.LPG.00.Furnace.;PJ;GW;PRE;-;CWDATA;ANNUAL;0,00
BASE;RW;COM;.PRE.;CWDATOIL100;Com.Water Heat.DATA.OIL.00.Furnace.;PJ;GW;PRE;-;CWDATA;ANNUAL;0,00
BASE;RW;COM;.PRE.;CWDATPEL100;Com.Water Heat.DATA.BIOPEL.00.Stove.;PJ;GW;PRE;-;CWDATA;ANNUAL;0,00
BASE;RW;COM;.PRE.;CWDATSOL100;Com.Water Heat.DATA.SOL.00.Furnace.;PJ;GW;PRE;-;CWDATA;ANNUAL;0,00
BASE;RW;COM;.PRE.;CWENBGS100;Com.Water Heat.EN.BGS.00.Furnace.;PJ;GW;PRE;-;CWEN;ANNUAL;0,00
BASE;RW;COM;.PRE.;CWENCPS100;Com.Water Heat.EN.BIOCPS.00.Stove.;PJ;GW;PRE;-;CWEN;ANNUAL;0,00
BASE;RW;COM;.PRE.;CWENELC100;Com.Water Heat.EN.ELC.00.Resistance.;PJ;GW;PRE;-;CWEN;ANNUAL;0,00
BASE;RW;COM;.PRE.;CWENELC200;Com.Water Heat.EN.ELC.00.Heat Pump.;PJ;GW;PRE;-;CWEN;ANNUAL;0,00
BASE;RW;COM;.PRE.;CWENGEO100;Com.Water Heat.EN.GEO.00.Furnace.;PJ;GW;PRE;-;CWEN;ANNUAL;0,00
BASE;RW;COM;.PRE.;CWENGMX100;Com.Water Heat.EN.GAS.00.Furnace.;PJ;GW;PRE;-;CWEN;ANNUAL;0,00
BASE;RW;COM;.PRE.;CWENHET100;Com.Water Heat.EN.LTH.00.Heat Exchanger.;PJ;GW;PRE;-;CWEN;ANNUAL;0,00
BASE;RW;COM;.PRE.;CWENLPG100;Com.Water Heat.EN.LPG.00.Furnace.;PJ;GW;PRE;-;CWEN;ANNUAL;0,00
BASE;RW;COM;.PRE.;CWENOIL100;Com.Water Heat.EN.OIL.00.Furnace.;PJ;GW;PRE;-;CWEN;ANNUAL;0,00
BASE;RW;COM;.PRE.;CWENPEL100;Com.Water Heat.EN.BIOPEL.00.Stove.;PJ;GW;PRE;-;CWEN;ANNUAL;0,00
BASE;RW;COM;.PRE.;CWENSOL100;Com.Water Heat.EN.SOL.00.Furnace.;PJ;GW;PRE;-;CWEN;ANNUAL;0,00
BASE;RW;COM;.PRE.;CWSABGS100;Com.Water Heat.SA.BGS.00.Furnace.;PJ;GW;PRE;-;CWSA;ANNUAL;0,00
BASE;RW;COM;.PRE.;CWSACPS100;Com.Water Heat.SA.BIOCPS.00.Stove.;PJ;GW;PRE;-;CWSA;ANNUAL;0,00
BASE;RW;COM;.PRE.;CWSAELC100;Com.Water Heat.SA.ELC.00.Resistance.;PJ;GW;PRE;-;CWSA;ANNUAL;0,00
BASE;RW;COM;.PRE.;CWSAELC200;Com.Water Heat.SA.ELC.00.Heat Pump.;PJ;GW;PRE;-;CWSA;ANNUAL;0,00
BASE;RW;COM;.PRE.;CWSAGEO100;Com.Water Heat.SA.GEO.00.Furnace.;PJ;GW;PRE;-;CWSA;ANNUAL;0,00
BASE;RW;COM;.PRE.;CWSAGMX100;Com.Water Heat.SA.GAS.00.Furnace.;PJ;GW;PRE;-;CWSA;ANNUAL;0,00
BASE;RW;COM;.PRE.;CWSAHET100;Com.Water Heat.SA.LTH.00.Heat Exchanger.;PJ;GW;PRE;-;CWSA;ANNUAL;0,00
BASE;RW;COM;.PRE.;CWSALPG100;Com.Water Heat.SA.LPG.00.Furnace.;PJ;GW;PRE;-;CWSA;ANNUAL;0,00
BASE;RW;COM;.PRE.;CWSAOIL100;Com.Water Heat.SA.OIL.00.Furnace.;PJ;GW;PRE;-;CWSA;ANNUAL;0,00
BASE;RW;COM;.PRE.;CWSAPEL100;Com.Water Heat.SA.BIOPEL.00.Stove.;PJ;GW;PRE;-;CWSA;ANNUAL;0,00
BASE;RW;COM;.PRE.;CWSASOL100;Com.Water Heat.SA.SOL.00.Furnace.;PJ;GW;PRE;-;CWSA;ANNUAL;0,00
BASE;RW;RSD;.DMD.;DJ_2F_process;DJ_2F_process;PJ;PJA;DMD;-;DJ2F;ANNUAL;0,00
BASE;RW;RSD;.DMD.;DJ_3F_process;DJ_3F_process;PJ;PJA;DMD;-;DJ3F;ANNUAL;0,00
BASE;RW;RSD;.DMD.;DJ_4F_process;DJ_4F_process;PJ;PJA;DMD;-;DJ4F;ANNUAL;0,00
BASE;RW;RSD;.DMD.;DJ_AP_process;DJ_AP_process;PJ;PJA;DMD;-;DJAP;ANNUAL;0,00
BASE;RW;ELC;.PRE.;ELCBGS00;Fuel Tech - BioGas (ELC);PJ;PJA;PRE;-;ELCBGS;ANNUAL;0,00
BASE;RW;ELC;.PRE.;ELCBIO00;Fuel Tech - Biomass (ELC);PJ;PJA;PRE;-;ELCBIO;ANNUAL;0,00
BASE;RW;ELC;.PRE.;ELCCOH00;Fuel Tech - Hard Coal (ELC);PJ;PJA;PRE;-;ELCCOH;ANNUAL;0,00
BASE;RW;ELC;.PRE.;ELCCOL00;Fuel Tech - Lignite (ELC);PJ;PJA;PRE;-;ELCCOL;ANNUAL;0,00
BASE;RW;ELC;.PRE.;ELCCPS00;Fuel Tech - Wood Chips (ELC);PJ;PJA;PRE;-;ELCCPS;ANNUAL;0,00
BASE;RW;ELC;.PRE.;ELCDGS00;Fuel Tech - Derived Gas (ELC);PJ;PJA;PRE;-;ELCDGS;ANNUAL;0,00
BASE;RW;ELC;.PRE.;ELCGAS00;Fuel Tech - Natural Gas (ELC);PJ;PJA;PRE;-;ELCGAS;ANNUAL;0,00
BASE;RW;ELC;.PRE.;ELCGEO00;Fuel Tech - Geothermal (ELC);PJ;PJA;PRE;-;ELCGEO;ANNUAL;0,00
BASE;RW;ELC;.PRE.;ELCHFO00;Fuel Tech - Heavy Fuel Oil (ELC);PJ;PJA;PRE;-;ELCHFO;ANNUAL;0,00
BASE;RW;ELC;.ELE.;ECHPP_COM_OIL_E06;Existing thermal - CHP - Commercial - E07;PJ;GW;ELE;-;ELCHIG;DAYNITE;0,00
BASE;RW;ELC;.ELE.;ENUC_Thiange;Existing Nuclear Power Plant - 859;PJ;GW;ELE;-;ELCHIG;DAYNITE;0,00
BASE;RW;ELC;.ELE.;ERNW_Eolien_Big_E1;Wind Turbine >2000kW;PJ;GW;ELE;-;ELCHIG;DAYNITE;0,00
BASE;RW;ELC;.ELE.;ERNW_Eolien_Medium_E3;Wind Turbine >100 et <=2000 kW;PJ;GW;ELE;-;ELCHIG;DAYNITE;0,00
BASE;RW;ELC;.ELE.;ERNW_Eolien_Small_E4;Wind Turbine <=100 kW;PJ;GW;ELE;-;ELCHIG;DAYNITE;0,00
BASE;RW;ELC;.ELE.;ERNW_Hydro_Big_E5;Hydro run of river >10000 kW;PJ;GW;ELE;-;ELCHIG;ANNUAL;0,00
BASE;RW;ELC;.ELE.;ERNW_Hydro_Medium_E6;Hydro run of river >1000 et <=10000 kW;PJ;GW;ELE;-;ELCHIG;ANNUAL;0,00
BASE;RW;ELC;.ELE.STGTSS.;ERNW_Hydro_Pompage_E8;Hydro pump storage;PJ;GW;ELE;STG;ELCHIG;DAYNITE;0,00
BASE;RW;ELC;.ELE.;ERNW_Hydro_Small_E7;Hydro run of river <=1000 kW;PJ;GW;ELE;-;ELCHIG;ANNUAL;0,00
BASE;RW;ELC;.ELE.;ETSTP_MOT_BGS_E09;Existing Thermal Public - Pure ELC - Moteur  - E09;PJ;GW;ELE;-;ELCHIG;DAYNITE;0,00
BASE;RW;ELC;.ELE.;ETSTP_TAG_GAS_E06;Existing Thermal Public - Pure ELC - Turbine à natural gaz   - E06;PJ;GW;ELE;-;ELCHIG;DAYNITE;0,00
BASE;RW;ELC;.ELE.;ETSTP_TBJ_KER_E05;Existing Thermal Public - Pure ELC - Turbojet - E05;PJ;GW;ELE;-;ELCHIG;DAYNITE;0,00
BASE;RW;ELC;.ELE.;ETSTP_TGV_GAS_E01;Existing Thermal Public - Pure ELC - Turbine gaz à vapeur - E01;PJ;GW;ELE;-;ELCHIG;DAYNITE;0,00
BASE;RW;ELC;.ELE.;ETSTP_TGV_GAS_E02;Existing Thermal Public - Pure ELC - Turbine gaz à vapeur - E02;PJ;GW;ELE;-;ELCHIG;DAYNITE;0,00
BASE;RW;ELC;.ELE.;ETSTP_TGV_GAS_E03;Existing Thermal Public - Pure ELC - Turbine gaz à vapeur - E03;PJ;GW;ELE;-;ELCHIG;DAYNITE;0,00
BASE;RW;ELC;.ELE.;ETSTP_TGV_GAS_E04;Existing Thermal Public - Pure ELC - Turbine gaz à vapeur - E04;PJ;GW;ELE;-;ELCHIG;DAYNITE;0,00
BASE;RW;ELC;.PRE.;EVTRANS_H-H;Grid High Voltage;PJ;GW;PRE;-;ELCHIGG;DAYNITE;0,00
BASE;RW;ELC;.PRE.;ELCHYD00;Fuel Tech - Hydro (ELC);PJ;PJA;PRE;-;ELCHYD;ANNUAL;0,00
BASE;RW;ELC;.PRE.;EVTRANS_M-L;Grid low Voltage and Voltage Transformer: Medium to Low;PJ;GW;PRE;-;ELCLOW;DAYNITE;0,00
BASE;RW;ELC;.PRE.;EVTRANS_H-M;Grid medium Voltage and Voltage Transformer: High to Medium;PJ;GW;PRE;-;ELCMED;DAYNITE;0,00
BASE;RW;ELC;.PRE.;EVTRANS_L-M;Grid low Voltage and Voltage Transformer: Low to Medium;PJ;GW;PRE;-;ELCMED;DAYNITE;0,00
BASE;RW;ELC;.PRE.;ELCNUC00;Fuel Tech - Nuclear (ELC);PJ;PJA;PRE;-;ELCNUC;ANNUAL;0,00
BASE;RW;ELC;.PRE.;ELCOIL00;Fuel Tech - Oil (ELC);PJ;PJA;PRE;-;ELCOIL;ANNUAL;0,00
BASE;RW;ELC;.PRE.;ELCPEL00;Fuel Tech - Wood Pellets (ELC);PJ;PJA;PRE;-;ELCPEL;ANNUAL;0,00
BASE;RW;ELC;.PRE.;ELCSLU00;Fuel Tech - Wastes Renewable (ELC);PJ;PJA;PRE;-;ELCSLU;ANNUAL;0,00
BASE;RW;ELC;.PRE.;ELCSOL00;Fuel Tech - Solar (ELC);PJ;PJA;PRE;-;ELCSOL;ANNUAL;0,00
BASE;RW;ELC;.PRE.;ELCWIN00;Fuel Tech - Wind (ELC);PJ;PJA;PRE;-;ELCWIN;ANNUAL;0,00
BASE;RW;ELC;.PRE.;ELCWST00;Fuel Tech - Wastes Non-Renewable (ELC);PJ;PJA;PRE;-;ELCWST;ANNUAL;0,00
BASE;RW;IND;.DMD.;IAMSTDPRO00;IAM.Standard Production.00.;MT;MTA;DMD;-;IAM;ANNUAL;0,00
BASE;RW;IND;.DMD.;IBKSTDPRO00;IBK.bricks.production.standard;PJ;PJA;DMD;-;IBK;ANNUAL;0,00
BASE;RW;IND;.PRE.;IBOSTMOIL00;IBO.Generic Boiler.OIL;PJ;PJA;PRE;-;IBOHTH;ANNUAL;0,00
BASE;RW;IND;.PRE.;IBOSTMSOLID00;IBO.Generic Boiler.Solids;PJ;PJA;PRE;-;IBOHTH;ANNUAL;0,00
BASE;RW;IND;.DMD.;ICESTDPRO00;ICE.Ceramics.production.standard;PJ;PJA;DMD;-;ICE;ANNUAL;0,00
BASE;RW;IND;.DMD.;ICHDEMAND00;ICH.Other Chemicals.00.;PJ;PJA;DMD;-;ICH;ANNUAL;0,00
BASE;RW;IND;.PRE.;ICHELEELC00;ICH.Other Chemicals.Electro-Chemical Processes.ELC.00;PJ;PJA;PRE;-;ICHELE;ANNUAL;0,00
BASE;RW;IND;.PRE.;ICHSTMCOA00;ICH.Other Chemicals.Steam.COA.00;PJ;GW;PRE;-;ICHHTH;ANNUAL;0,00
BASE;RW;IND;.PRE.;ICHSTMCPS00;ICH.Other Chemicals.Steam.CPS.00;PJ;GW;PRE;-;ICHHTH;ANNUAL;0,00
BASE;RW;IND;.PRE.;ICHSTMGAS00;ICH.Other Chemicals.Steam.GAS.01;PJ;GW;PRE;-;ICHHTH;ANNUAL;0,00
BASE;RW;IND;.PRE.;ICHSTMGMX00;ICH.Other Chemicals.Steam.GAS.00;PJ;GW;PRE;-;ICHHTH;ANNUAL;0,00
BASE;RW;IND;.PRE.;ICHSTMHET00;ICH.Other Chemicals.Steam.HET.00;PJ;GW;PRE;-;ICHHTH;ANNUAL;0,00
BASE;RW;IND;.PRE.;ICHSTMHFO00;ICH.Other Chemicals.Steam.HFO.00;PJ;GW;PRE;-;ICHHTH;ANNUAL;0,00
BASE;RW;IND;.PRE.;ICHSTMLFO00;ICH.Other Chemicals.Steam.LFO.00;PJ;GW;PRE;-;ICHHTH;ANNUAL;0,00
BASE;RW;IND;.PRE.;ICHSTMLPG00;ICH.Other Chemicals.Steam.LPG.00;PJ;GW;PRE;-;ICHHTH;ANNUAL;0,00
BASE;RW;IND;.PRE.;ICHMCHELC00;ICH.Other Chemicals.Machine Drive.ELC.00;PJ;PJA;PRE;-;ICHMCH;ANNUAL;0,00
BASE;RW;IND;.PRE.;ICHOTH-NRG;ICH: Other energy uses;PJ;PJA;PRE;-;ICHOTH;ANNUAL;0,00
BASE;RW;IND;.PRE.;ICHPRCCOA00;ICH.Other Chemicals.Process Heat.COA.00;PJ;PJA;PRE;-;ICHPRC;ANNUAL;0,00
BASE;RW;IND;.PRE.;ICHPRCCPS00;ICH.Other Chemicals.Process Heat.CPS.00;PJ;PJA;PRE;-;ICHPRC;ANNUAL;0,00
BASE;RW;IND;.PRE.;ICHPRCGAS00;ICH.Other Chemicals.Process Heat.GAS.00;PJ;PJA;PRE;-;ICHPRC;ANNUAL;0,00
BASE;RW;IND;.PRE.;ICHPRCHFO00;ICH.Other Chemicals.Process Heat.HFO.00;PJ;PJA;PRE;-;ICHPRC;ANNUAL;0,00
BASE;RW;IND;.DMD.;ICMFINPRO00;ICM.Finishing Processes.00.;MT;MTA;DMD;-;ICM;ANNUAL;0,00
BASE;RW;IND;.PRE.;ICMPRCCOA00;ICM.Generic fuel kiln.COA;PJ;PJA;PRE;-;ICMPRC;ANNUAL;0,00
BASE;RW;IND;.PRE.;ICMPRCCOK00;ICM.Generic fuel kiln.COL;PJ;PJA;PRE;-;ICMPRC;ANNUAL;0,00
BASE;RW;IND;.PRE.;ICMPRCCOL00;ICM.Generic fuel kiln.COL;PJ;PJA;PRE;-;ICMPRC;ANNUAL;0,00
BASE;RW;IND;.PRE.;ICMPRCGAS00;ICM.Generic fuel kiln.GAS;PJ;PJA;PRE;-;ICMPRC;ANNUAL;0,00
BASE;RW;IND;.PRE.;ICMPRCHFO00;ICM.Generic fuel kiln.HFO;PJ;PJA;PRE;-;ICMPRC;ANNUAL;0,00
BASE;RW;IND;.PRE.;ICMPRCSLU00;ICM.Generic fuel kiln.SLU;PJ;PJA;PRE;-;ICMPRC;ANNUAL;0,00
BASE;RW;IND;.DMD.;IGFFLATGL00;IGF.Glass Flat.00.;MT;MTA;DMD;-;IGF;ANNUAL;0,00
BASE;RW;IND;.DMD.;IGHHOLLOW00;IGH.Glass Hollow.00.;MT;MTA;DMD;-;IGH;ANNUAL;0,00
BASE;RW;IND;.DMD.;IGHRECYCL00;IGO.Glass Recycling.00.;MT;MTA;DMD;-;IGO;ANNUAL;0,00
BASE;RW;IND;.DMD.;IISFINPRO00;IIS.Finishing Processes.00.;MT;MTA;DMD;-;IIS;ANNUAL;0,00
BASE;RW;IND;.PRE.;IISSTMGAS00;IIS.Generic Boiler.GAS;PJ;GW;PRE;-;IISHTH;ANNUAL;0,00
BASE;RW;IND;.DMD.;ILMQLMPRO00;ILM.Quick Lime Production.00.;MT;MTA;DMD;-;ILM;ANNUAL;0,00
BASE;RW;IND;.PRE.;ILMPRCCOA00;ILM.Generic fuel kiln.COA;PJ;PJA;PRE;-;ILMPRC;ANNUAL;0,00
BASE;RW;IND;.PRE.;ILMPRCCOK00;ILM.Generic fuel kiln.COK;PJ;PJA;PRE;-;ILMPRC;ANNUAL;0,00
BASE;RW;IND;.PRE.;ILMPRCCOL00;ILM.Generic fuel kiln.COL;PJ;PJA;PRE;-;ILMPRC;ANNUAL;0,00
BASE;RW;IND;.PRE.;ILMPRCGAS00;ILM.Generic fuel kiln.GAS;PJ;PJA;PRE;-;ILMPRC;ANNUAL;0,00
BASE;RW;IND;.PRE.;ILMPRCLFO00;ILM.Generic fuel kiln.LFO;PJ;PJA;PRE;-;ILMPRC;ANNUAL;0,00
BASE;RW;IND;.PRE.;ILMPRCLPG00;ILM.Generic fuel kiln.LPG;PJ;PJA;PRE;-;ILMPRC;ANNUAL;0,00
BASE;RW;IND;.PRE.;ILMPRCSLU00;ILM.Generic fuel kiln.SLU;PJ;PJA;PRE;-;ILMPRC;ANNUAL;0,00
BASE;RW;IND;.DMD.;IMLEVA00;IML.Evaporation and Powder.00;PJ;PJA;DMD;-;IML;ANNUAL;0,00
BASE;RW;IND;.PRE.;IMLSTMGAS00;IML.Generic Boiler.GAS;PJ;PJA;PRE;-;IMLHTH;ANNUAL;0,00
BASE;RW;IND;.PRE.;IMLSTMOIL00;IML.Generic Boiler.OIL;PJ;PJA;PRE;-;IMLHTH;ANNUAL;0,00
BASE;RW;IND;.PRE.;INDBFG00;Fuel Tech - Blast Furnace Gas (IND);PJ;PJA;PRE;-;INDBFG;ANNUAL;0,00
BASE;RW;IND;.PRE.;INDBGS00;Fuel Tech - Biogas (IND);PJ;PJA;PRE;-;INDBGS;ANNUAL;0,00
BASE;RW;IND;.PRE.;INDBIO00;Fuel Tech - Biofuel (IND);PJ;PJA;PRE;-;INDBIO;ANNUAL;0,00
BASE;RW;IND;.PRE.;INDCOA00;Fuel Tech - Hard Coal (IND);PJ;PJA;PRE;-;INDCOA;ANNUAL;0,00
BASE;RW;IND;.PRE.;INDCOG00;Fuel Tech - Coke Oven Gas (IND);PJ;PJA;PRE;-;INDCOG;ANNUAL;0,00
BASE;RW;IND;.PRE.;INDCOK00;Fuel Tech - Coke (IND);PJ;PJA;PRE;-;INDCOK;ANNUAL;0,00
BASE;RW;IND;.PRE.;INDCOL00;Fuel Tech - Lignite (IND);PJ;PJA;PRE;-;INDCOL;ANNUAL;0,00
BASE;RW;IND;.PRE.;INDCPS00;Fuel Tech - Wood CHIPS (IND);PJ;PJA;PRE;-;INDCPS;ANNUAL;0,00
BASE;RW;IND;.PRE.;INDELC00;Fuel Tech - Electricity (IND);PJ;GW;PRE;-;INDELC;DAYNITE;0,00
BASE;RW;IND;.PRE.;INDGEO00;Fuel Tech - Solar (IND);PJ;PJA;PRE;-;INDGEO;ANNUAL;0,00
BASE;RW;IND;.PRE.;INDGMX00;Fuel Tech - Natural Gas and biogas mixed  (IND);PJ;PJA;PRE;-;INDGMX;ANNUAL;0,00
BASE;RW;IND;.PRE.;INDHTH00;Fuel Tech - Heat (IND);PJ;PJA;PRE;-;INDHET;ANNUAL;0,00
BASE;RW;IND;.PRE.;INDHFO00;Fuel Tech - Heavy Fuel Oil (IND);PJ;PJA;PRE;-;INDHFO;ANNUAL;0,00
BASE;RW;IND;.PRE.;INDLFO00;Fuel Tech - Light Fuel Oil (IND);PJ;PJA;PRE;-;INDLFO;ANNUAL;0,00
BASE;RW;IND;.PRE.;INDLPG00;Fuel Tech - Liquified Petroleum Gas (IND);PJ;PJA;PRE;-;INDLPG;ANNUAL;0,00
BASE;RW;IND;.PRE.;INDPEL00;Fuel Tech - Wood PEL (IND);PJ;PJA;PRE;-;INDPEL;ANNUAL;0,00
BASE;RW;IND;.PRE.;INDSLU00;Fuel Tech - Waste Renewable (IND);PJ;PJA;PRE;-;INDSLU;ANNUAL;0,00
BASE;RW;IND;.PRE.;INDSOL00;Fuel Tech - Solar (IND);PJ;PJA;PRE;-;INDSOL;ANNUAL;0,00
BASE;RW;IND;.PRE.;INDWST00;Fuel Tech - Waste Non-Renewable (IND);PJ;PJA;PRE;-;INDWST;ANNUAL;0,00
BASE;RW;IND;.DMD.;INFDEMAND00;INF.Other Non Ferrous Metals.00.;PJ;PJA;DMD;-;INF;ANNUAL;0,00
BASE;RW;IND;.PRE.;INFELEELC00;INF.Other Non Ferrous Metals.Electro-Chemical Processes.ELC.00;PJ;PJA;PRE;-;INFELE;ANNUAL;0,00
BASE;RW;IND;.PRE.;INFSTMGMX00;INF.Other Non Ferrous Metals.Steam.GAS.00;PJ;GW;PRE;-;INFHTH;ANNUAL;0,00
BASE;RW;IND;.PRE.;INFSTMLFO00;INF.Other Non Ferrous Metals.Steam.LFO.00;PJ;GW;PRE;-;INFHTH;ANNUAL;0,00
BASE;RW;IND;.PRE.;INFSTMLPG00;INF.Other Non Ferrous Metals.Steam.LPG.00;PJ;GW;PRE;-;INFHTH;ANNUAL;0,00
BASE;RW;IND;.PRE.;INFMCHELC00;INF.Other Non Ferrous Metals.Machine Drive.ELC.00;PJ;PJA;PRE;-;INFMCH;ANNUAL;0,00
BASE;RW;IND;.PRE.;INFPRCGMX00;INF.Other Non Ferrous Metals.Process Heat.GAS.00;PJ;PJA;PRE;-;INFPRC;ANNUAL;0,00
BASE;RW;IND;.DMD.;INMDEMAND00;INM.Other Non Metallic Minerals.00.;PJ;PJA;DMD;-;INM;ANNUAL;0,00
BASE;RW;IND;.PRE.;INMELEELC00;INM.Other Non Metallic Minerals.Electro-Chemical Processes.ELC.00;PJ;PJA;PRE;-;INMELE;ANNUAL;0,00
BASE;RW;IND;.PRE.;INMSTMCOA00;INM.Other Non Metallic Minerals.Steam.COA.00;PJ;GW;PRE;-;INMHTH;ANNUAL;0,00
BASE;RW;IND;.PRE.;INMSTMCOL00;INM.Other Non Metallic Minerals.Steam.COL.00;PJ;GW;PRE;-;INMHTH;ANNUAL;0,00
BASE;RW;IND;.PRE.;INMSTMGMX00;INM.Other Non Metallic Minerals.Steam.GAS.00;PJ;GW;PRE;-;INMHTH;ANNUAL;0,00
BASE;RW;IND;.PRE.;INMSTMHFO00;INM.Other Non Metallic Minerals.Steam.HFO.00;PJ;GW;PRE;-;INMHTH;ANNUAL;0,00
BASE;RW;IND;.PRE.;INMSTMLFO00;INM.Other Non Metallic Minerals.Steam.LFO.00;PJ;GW;PRE;-;INMHTH;ANNUAL;0,00
BASE;RW;IND;.PRE.;INMSTMLPG00;INM.Other Non Metallic Minerals.Steam.LPG.00;PJ;GW;PRE;-;INMHTH;ANNUAL;0,00
BASE;RW;IND;.PRE.;INMMCHELC00;INM.Other Non Metallic Minerals.Machine Drive.ELC.00;PJ;PJA;PRE;-;INMMCH;ANNUAL;0,00
BASE;RW;IND;.PRE.;INMOTH-NRG;INM: Other energy uses;PJ;PJA;PRE;-;INMOTH;ANNUAL;0,00
BASE;RW;IND;.PRE.;INMPRCGMX00;INM.Other Non Metallic Minerals.Process Heat.GAS.00;PJ;PJA;PRE;-;INMPRC;ANNUAL;0,00
BASE;RW;IND;.PRE.;INMPRCLFO00;INM.Other Non Metallic Minerals.Process Heat.LFO.00;PJ;PJA;PRE;-;INMPRC;ANNUAL;0,00
BASE;RW;IND;.DMD.;IOFDEMAND00;IOF.Other FOOD.00;PJ;PJA;DMD;-;IOF;ANNUAL;0,00
BASE;RW;IND;.PRE.;IOFELEELC00;IOF.Other Food.Electro Processes.ELC.00;PJ;PJA;PRE;-;IOFELE;ANNUAL;0,00
BASE;RW;IND;.PRE.;IOFFROELC00;IOF.cold.ELC.00;PJ;PJA;PRE;-;IOFFRO;ANNUAL;0,00
BASE;RW;IND;.PRE.;IOFSTMBGS00;IOF.Other Food.Steam.BGS.00;PJ;GW;PRE;-;IOFHTH;ANNUAL;0,00
BASE;RW;IND;.PRE.;IOFSTMCPS00;IOF.Other Food.Steam.CPS.00;PJ;GW;PRE;-;IOFHTH;ANNUAL;0,00
BASE;RW;IND;.PRE.;IOFSTMGAS00;IOF.Other Food.Steam.GAS.01;PJ;GW;PRE;-;IOFHTH;ANNUAL;0,00
BASE;RW;IND;.PRE.;IOFSTMGMX00;IOF.Other Food.Steam.GAS.00;PJ;GW;PRE;-;IOFHTH;ANNUAL;0,00
BASE;RW;IND;.PRE.;IOFSTMHET00;IOF.Other Food.Steam.HTH.00;PJ;GW;PRE;-;IOFHTH;ANNUAL;0,00
BASE;RW;IND;.PRE.;IOFSTMLFO00;IOF.Other Food.Steam.LFO.00;PJ;GW;PRE;-;IOFHTH;ANNUAL;0,00
BASE;RW;IND;.PRE.;IOFSTMLPG00;IOF.Other Food.Steam.LPG.00;PJ;GW;PRE;-;IOFHTH;ANNUAL;0,00
BASE;RW;IND;.PRE.;IOFMCHELC00;IOF.Other Food.Machine Drive.ELC.00;PJ;PJA;PRE;-;IOFMCH;ANNUAL;0,00
BASE;RW;IND;.PRE.;IOFOTH-NRG;IOF: Other energy uses;PJ;PJA;PRE;-;IOFOTH;ANNUAL;0,00
BASE;RW;IND;.PRE.;IOFPRCBGS00;IOF.Other Food.Process Heat.BGS.00;PJ;PJA;PRE;-;IOFPRC;ANNUAL;0,00
BASE;RW;IND;.PRE.;IOFPRCCPS00;IOF.Other Food.Process Heat.CPS.00;PJ;PJA;PRE;-;IOFPRC;ANNUAL;0,00
BASE;RW;IND;.PRE.;IOFPRCGAS00;IOF.Other Food.Process Heat.GAS.01;PJ;PJA;PRE;-;IOFPRC;ANNUAL;0,00
BASE;RW;IND;.PRE.;IOFPRCGMX00;IOF.Other Food.Process Heat.GAS.00;PJ;PJA;PRE;-;IOFPRC;ANNUAL;0,00
BASE;RW;IND;.PRE.;IOFPRCLFO00;IOF.Other Food.Process Heat.LFO.00;PJ;PJA;PRE;-;IOFPRC;ANNUAL;0,00
BASE;RW;IND;.DMD.;IOIDEMAND00;IOI.Other Industries.00.;PJ;PJA;DMD;-;IOI;ANNUAL;0,00
BASE;RW;IND;.PRE.;IOIELEELC00;IOI.Other Industries.Electro-Chemical Processes.ELC.00;PJ;PJA;PRE;-;IOIELE;ANNUAL;0,00
BASE;RW;IND;.PRE.;IOISTMCOK00;IOI.Other Industries.Steam.COK.00;PJ;GW;PRE;-;IOIHTH;ANNUAL;0,00
BASE;RW;IND;.PRE.;IOISTMHFO00;IOI.Other Industries.Steam.HFO.00;PJ;GW;PRE;-;IOIHTH;ANNUAL;0,00
BASE;RW;IND;.PRE.;IOISTMLFO00;IOI.Other Industries.Steam.LFO.00;PJ;GW;PRE;-;IOIHTH;ANNUAL;0,00
BASE;RW;IND;.PRE.;IOISTMLPG00;IOI.Other Industries.Steam.LPG.00;PJ;GW;PRE;-;IOIHTH;ANNUAL;0,00
BASE;RW;IND;.PRE.;IOIMCHELC00;IOI.Other Industries.Machine Drive.ELC.00;PJ;PJA;PRE;-;IOIMCH;ANNUAL;0,00
BASE;RW;IND;.PRE.;IOIOTH-NRG;IOI: Other energy uses;PJ;PJA;PRE;-;IOIOTH;ANNUAL;0,00
BASE;RW;IND;.PRE.;IOIPRCGAS00;IOI.Other Industries.Process Heat.GAS.01;PJ;PJA;PRE;-;IOIPRC;ANNUAL;0,00
BASE;RW;IND;.PRE.;IOIPRCGMX00;IOI.Other Industries.Process Heat.GAS.00;PJ;PJA;PRE;-;IOIPRC;ANNUAL;0,00
BASE;RW;IND;.PRE.;IOIPRCLFO00;IOI.Other Industries.Process Heat.LFO.00;PJ;PJA;PRE;-;IOIPRC;ANNUAL;0,00
BASE;RW;IND;.DMD.;IPOPREPA00;IPO.Preparation.of.potatoes.00;PJ;PJA;DMD;-;IPO;ANNUAL;0,00
BASE;RW;IND;.PRE.;IPOSTMGAS00;IPO.Generic Boiler.GAS;PJ;PJA;PRE;-;IPOHTH;ANNUAL;0,00
BASE;RW;IND;.PRE.;IPOSTMOIL00;IPO.Generic Boiler.OIL;PJ;PJA;PRE;-;IPOHTH;ANNUAL;0,00
BASE;RW;IND;.DMD.;IPPHIGQUA00;IPP.High Quality Paper Production.00.;MT;MTA;DMD;-;IPP;ANNUAL;0,00
BASE;RW;IND;.PRE.;IPPSTMHET00;IPP.Generic Boiler.HET.00;PJ;GW;PRE;-;IPPHTH;ANNUAL;0,00
BASE;RW;IND;.PRE.;IPPPRCGAS00;IPP.Generic fuel kiln.GAS;PJ;PJA;PRE;-;IPPPRC;ANNUAL;0,00
BASE;RW;IND;.PRE.;IPPPRCHFO00;IPP.Generic fuel kiln.HFO;PJ;PJA;PRE;-;IPPPRC;ANNUAL;0,00
BASE;RW;IND;.PRE.;IPPPRCLFO00;IPP.Generic fuel kiln.LFO;PJ;PJA;PRE;-;IPPPRC;ANNUAL;0,00
BASE;RW;IND;.PRE.;IPPPRCLPG00;IPP.Generic fuel kiln.LPG;PJ;PJA;PRE;-;IPPPRC;ANNUAL;0,00
BASE;RW;IND;.DMD.;ISGPROD00;ISG.Production.00;PJ;PJA;DMD;-;ISG;ANNUAL;0,00
BASE;RW;IND;.PRE.;ISGSTMGAS00;ISG.Generic Boiler.GAS;PJ;PJA;PRE;-;ISGHTH;ANNUAL;0,00
BASE;RW;IND;.PRE.;ISGSTMOIL00;ISG.Generic Boiler.OIL;PJ;PJA;PRE;-;ISGHTH;ANNUAL;0,00
BASE;RW;IND;.PRE.;ISGSTMSOLID00;ISG.Generic Boiler.Solids.00;PJ;PJA;PRE;-;ISGHTH;ANNUAL;0,00
BASE;RW;IND;.PRE.;INDWOO00;Fuel Tech - Wood material (IND);MT;MTA;PRE;-;MBRWOO;ANNUAL;0,00
BASE;RW;IND;.PRE.;ICMDRYPRD00;ICM.Dry Process Production.00.;MT;MTA;PRE;-;MCMCLK;ANNUAL;0,00
BASE;RW;IND;.PRE.;ICMWETPRD00;ICM.Wet Process Production.00.;MT;MTA;PRE;-;MCMCLK;ANNUAL;0,00
BASE;RW;IND;.PRE.;IISELAFUR00;IIS.Electric Arc Furnace.00.;MT;MTA;PRE;-;MISCST;ANNUAL;0,00
BASE;RW;IND;.IMP.IRE.;IPPPUPIMP00;IPP.Pulp Import.00.;MT;MTA;IRE;-;MPPPUP;ANNUAL;0,00
BASE;RW;IND;.PRE.;IPPPUPRYC00;IPP.Recycling Pulp Production.00.;MT;MTA;PRE;-;MPPRYC;ANNUAL;0,00
BASE;RW;IND;.DMD.;NECDEMAND00;NEC.Non Energy Consumption.Chemicals.00.;PJ;PJA;DMD;-;NEC;ANNUAL;0,00
BASE;RW;IND;.DMD.;NEODEMAND00;NEO.Non Energy Consumption.Others.00.;PJ;PJA;DMD;-;NEO;ANNUAL;0,00
BASE;RW;SUP;.PRE.;Penalty_RenELCQuota;Penalty for not meeting the Renewable ELC production target under Quota system;PJ;PJ;PRE;-;Penalty_REQ;ANNUAL;0,00
BASE;RW;RSD;.DMD.;RDW_R_2Fac;Existing Building_2 façades;MM2;MM2-A;DMD;-;R_2Fac;ANNUAL;1,00
BASE;RW;RSD;.DMD.;RDW_R_3Fac;Existing Building_3 façades;MM2;MM2-A;DMD;-;R_3Fac;ANNUAL;1,00
BASE;RW;RSD;.DMD.;RDW_R_4Fac;Existing Building_4 façades;MM2;MM2-A;DMD;-;R_4Fac;ANNUAL;1,00
BASE;RW;RSD;.DMD.;RDW_R_Appa;Existing Building_Appart;MM2;MM2-A;DMD;-;R_Appa;ANNUAL;1,00
BASE;RW;RSD;.DMD.;RDW_R_N2F;New Residential Building 2Fac;MM2;MM2-A;DMD;-;R_N2Fac;ANNUAL;1,00
BASE;RW;RSD;.DMD.;RDW_R_N3F;New Residential Building 3Fac;MM2;MM2-A;DMD;-;R_N3Fac;ANNUAL;1,00
BASE;RW;RSD;.DMD.;RDW_R_N4F;New Residential Building 4Fac;MM2;MM2-A;DMD;-;R_N4Fac;ANNUAL;1,00
BASE;RW;RSD;.DMD.;RDW_R_NAP;New Residential Building App;MM2;MM2-A;DMD;-;R_NAppa;ANNUAL;1,00
BASE;RW;RSD;.DMD.;RCDRELC100;Rsd.Cloth Drying.ELC.00.Cloth Dryer.;PJ;PJA;DMD;-;RCDR;ANNUAL;0,00
BASE;RW;RSD;.DMD.;RCOKCOA100;Rsd.Cooking.COA.00.Stove.;PJ;PJA;DMD;-;RCOK;ANNUAL;0,00
BASE;RW;RSD;.DMD.;RCOKELC100;Rsd.Cooking.ELC.00.Stove.;PJ;PJA;DMD;-;RCOK;ANNUAL;0,00
BASE;RW;RSD;.DMD.;RCOKGMX100;Rsd.Cooking.GAS.00.Stove.;PJ;PJA;DMD;-;RCOK;ANNUAL;0,00
BASE;RW;RSD;.DMD.;RCOKLOG100;Rsd.Cooking.LOG.00.Stove.;PJ;PJA;DMD;-;RCOK;ANNUAL;0,00
BASE;RW;RSD;.DMD.;RCOKLPG100;Rsd.Cooking.LPG.00.Stove.;PJ;PJA;DMD;-;RCOK;ANNUAL;0,00
BASE;RW;RSD;.DMD.;RCOKOIL100;Rsd.Cooking.OIL.00.Stove.;PJ;PJA;DMD;-;RCOK;ANNUAL;0,00
BASE;RW;RSD;.DMD.;RCOKSOL100;Rsd.Cooking.SOL.00.Stove.;PJ;PJA;DMD;-;RCOK;ANNUAL;0,00
BASE;RW;RSD;.DMD.;RCWAELC100;Rsd.Cloth Washing.ELC.00.Cloth Washer.;PJ;PJA;DMD;-;RCWA;ANNUAL;0,00
BASE;RW;RSD;.DMD.;RCWAELC200;Rsd.Cloth Washing.ELC.00.Cloth Washer+dryer.;PJ;PJA;DMD;-;RCWA;ANNUAL;0,00
BASE;RW;RSD;.DMD.;RDWAELC100;Rsd.Dish Washing.ELC.00.Dish Washer.;PJ;PJA;DMD;-;RDWA;ANNUAL;0,00
BASE;RW;RSD;.PRE.;RSDCPS00;Fuel Tech - wood Chips  (RSD);PJ;PJA;PRE;-;RSDCPS;ANNUAL;0,00
BASE;RW;RSD;.PRE.;RSDELC00;Fuel Tech - Electricity (RSD);PJ;GW;PRE;-;RSDELC;DAYNITE;0,00
BASE;RW;RSD;.PRE.;RSDGEO00;Fuel Tech - Geothermal (RSD);PJ;PJA;PRE;-;RSDGEO;ANNUAL;0,00
BASE;RW;RSD;.PRE.;RSDLOG00;Fuel Tech - bûches (RSD);PJ;PJA;PRE;-;RSDLOG;ANNUAL;0,00
BASE;RW;RSD;.PRE.;RSDLPG00;Fuel Tech - Liquified Petroleum Gas (RSD);PJ;PJA;PRE;-;RSDLPG;ANNUAL;0,00
BASE;RW;RSD;.PRE.;RSDOIL00;Fuel Tech - Diesel (RSD);PJ;PJA;PRE;-;RSDOIL;ANNUAL;0,00
BASE;RW;RSD;.PRE.;RSDPEL00;Fuel Tech - pellets (RSD);PJ;PJA;PRE;-;RSDPEL;ANNUAL;0,00
BASE;RW;RSD;.PRE.;RSDSOL00;Fuel Tech - Solar (RSD);PJ;PJA;PRE;-;RSDSOL;ANNUAL;0,00
BASE;RW;RSD;.PRE.;RW2FCOA100;Rsd.Water Heat.Dwelling.2F.COA.00.Furnace.;PJ;GW;PRE;-;RW2F;ANNUAL;0,00
BASE;RW;RSD;.PRE.;RW2FELC100;Rsd.Water Heat.Dwelling.2F.ELC.00.Water Heater.;PJ;GW;PRE;-;RW2F;ANNUAL;0,00
BASE;RW;RSD;.PRE.;RW2FELC101;Rsd.Water Heat.Dwelling.2F.ELC.00.Heat Pump.;PJ;GW;PRE;-;RW2F;ANNUAL;0,00
BASE;RW;RSD;.PRE.;RW2FGEO100;Rsd.Water Heat.Dwelling.2F.GEO.00.Furnace.;PJ;GW;PRE;-;RW2F;ANNUAL;0,00
BASE;RW;RSD;.PRE.;RW2FGMX100;Rsd.Water Heat.Dwelling.2F.GMX.00.Furnace.;PJ;GW;PRE;-;RW2F;ANNUAL;0,00
BASE;RW;RSD;.PRE.;RW2FHET100;Rsd.Water Heat.Dwelling.2F.HET.00.Heat Exchanger.;PJ;GW;PRE;-;RW2F;ANNUAL;0,00
BASE;RW;RSD;.PRE.;RW2FLOG100;Rsd.Water Heat.Dwelling.2F.LOG.00.Stove.;PJ;GW;PRE;-;RW2F;ANNUAL;0,00
BASE;RW;RSD;.PRE.;RW2FLPG100;Rsd.Water Heat.Dwelling.2F.LPG.00.Furnace.;PJ;GW;PRE;-;RW2F;ANNUAL;0,00
BASE;RW;RSD;.PRE.;RW2FPEL100;Rsd.Water Heat.Dwelling.2F.PEL.00.Stove.;PJ;GW;PRE;-;RW2F;ANNUAL;0,00
BASE;RW;RSD;.PRE.;RW2FSOL100;Rsd.Water Heat.Dwelling.2F.SOL.00.Furnace.;PJ;GW;PRE;-;RW2F;ANNUAL;0,00
BASE;RW;RSD;.PRE.;RW3FCOA100;Rsd.Water Heat.Dwelling.3F.COA.00.Furnace.;PJ;GW;PRE;-;RW3F;ANNUAL;0,00
BASE;RW;RSD;.PRE.;RW3FELC100;Rsd.Water Heat.Dwelling.3F.ELC.00.Water Heater.;PJ;GW;PRE;-;RW3F;ANNUAL;0,00
BASE;RW;RSD;.PRE.;RW3FELC101;Rsd.Water Heat.Dwelling.3F.ELC.00.Heat Pump.;PJ;GW;PRE;-;RW3F;ANNUAL;0,00
BASE;RW;RSD;.PRE.;RW3FGEO100;Rsd.Water Heat.Dwelling.3F.GEO.00.Furnace.;PJ;GW;PRE;-;RW3F;ANNUAL;0,00
BASE;RW;RSD;.PRE.;RW3FGMX100;Rsd.Water Heat.Dwelling.3F.GMX.00.Furnace.;PJ;GW;PRE;-;RW3F;ANNUAL;0,00
BASE;RW;RSD;.PRE.;RW3FHET100;Rsd.Water Heat.Dwelling.3F.HET.00.Heat Exchanger.;PJ;GW;PRE;-;RW3F;ANNUAL;0,00
BASE;RW;RSD;.PRE.;RW3FLOG100;Rsd.Water Heat.Dwelling.3F.LOG.00.Stove.;PJ;GW;PRE;-;RW3F;ANNUAL;0,00
BASE;RW;RSD;.PRE.;RW3FLPG100;Rsd.Water Heat.Dwelling.3F.LPG.00.Furnace.;PJ;GW;PRE;-;RW3F;ANNUAL;0,00
BASE;RW;RSD;.PRE.;RW3FOIL100;Rsd.Water Heat.Dwelling.3F.OIL.00.Furnace.;PJ;GW;PRE;-;RW3F;ANNUAL;0,00
BASE;RW;RSD;.PRE.;RW3FPEL100;Rsd.Water Heat.Dwelling.3F.PEL.00.Stove.;PJ;GW;PRE;-;RW3F;ANNUAL;0,00
BASE;RW;RSD;.PRE.;RW3FSOL100;Rsd.Water Heat.Dwelling.3F.SOL.00.Furnace.;PJ;GW;PRE;-;RW3F;ANNUAL;0,00
BASE;RW;RSD;.PRE.;RW4FCOA100;Rsd.Water Heat.Dwelling.4F.COA.00.Furnace.;PJ;GW;PRE;-;RW4F;ANNUAL;0,00
BASE;RW;RSD;.PRE.;RW4FELC100;Rsd.Water Heat.Dwelling.4F.ELC.00.Water Heater.;PJ;GW;PRE;-;RW4F;ANNUAL;0,00
BASE;RW;RSD;.PRE.;RW4FELC101;Rsd.Water Heat.Dwelling.4F.ELC.00.Heat Pump.;PJ;GW;PRE;-;RW4F;ANNUAL;0,00
BASE;RW;RSD;.PRE.;RW4FGEO100;Rsd.Water Heat.Dwelling.4F.GEO.00.Furnace.;PJ;GW;PRE;-;RW4F;ANNUAL;0,00
BASE;RW;RSD;.PRE.;RW4FGMX100;Rsd.Water Heat.Dwelling.4F.GMX.00.Furnace.;PJ;GW;PRE;-;RW4F;ANNUAL;0,00
BASE;RW;RSD;.PRE.;RW4FHET100;Rsd.Water Heat.Dwelling.4F.HET.00.Heat Exchanger.;PJ;GW;PRE;-;RW4F;ANNUAL;0,00
BASE;RW;RSD;.PRE.;RW4FLOG100;Rsd.Water Heat.Dwelling.4F.LOG.00.Stove.;PJ;GW;PRE;-;RW4F;ANNUAL;0,00
BASE;RW;RSD;.PRE.;RW4FLPG100;Rsd.Water Heat.Dwelling.4F.LPG.00.Furnace.;PJ;GW;PRE;-;RW4F;ANNUAL;0,00
BASE;RW;RSD;.PRE.;RW4FOIL100;Rsd.Water Heat.Dwelling.4F.OIL.00.Furnace.;PJ;GW;PRE;-;RW4F;ANNUAL;0,00
BASE;RW;RSD;.PRE.;RW4FPEL100;Rsd.Water Heat.Dwelling.4F.PEL.00.Stove.;PJ;GW;PRE;-;RW4F;ANNUAL;0,00
BASE;RW;RSD;.PRE.;RW4FSOL100;Rsd.Water Heat.Dwelling.4F.SOL.00.Furnace.;PJ;GW;PRE;-;RW4F;ANNUAL;0,00
BASE;RW;RSD;.PRE.;RWAPCOA100;Rsd.Water Heat.Dwelling.AP.COA.00.Furnace.;PJ;GW;PRE;-;RWAP;ANNUAL;0,00
BASE;RW;RSD;.PRE.;RWAPELC100;Rsd.Water Heat.Dwelling.AP.ELC.00.Water Heater.;PJ;GW;PRE;-;RWAP;ANNUAL;0,00
BASE;RW;RSD;.PRE.;RWAPELC101;Rsd.Water Heat.Dwelling.AP.ELC.00.Heat Pump.;PJ;GW;PRE;-;RWAP;ANNUAL;0,00
BASE;RW;RSD;.PRE.;RWAPGEO100;Rsd.Water Heat.Dwelling.AP.GEO.00.Furnace.;PJ;GW;PRE;-;RWAP;ANNUAL;0,00
BASE;RW;RSD;.PRE.;RWAPGMX100;Rsd.Water Heat.Dwelling.AP.GMX.00.Furnace.;PJ;GW;PRE;-;RWAP;ANNUAL;0,00
BASE;RW;RSD;.PRE.;RWAPHET100;Rsd.Water Heat.Dwelling.AP.HET.00.Heat Exchanger.;PJ;GW;PRE;-;RWAP;ANNUAL;0,00
BASE;RW;RSD;.PRE.;RWAPLOG100;Rsd.Water Heat.Dwelling.AP.LOG.00.Stove.;PJ;GW;PRE;-;RWAP;ANNUAL;0,00
BASE;RW;RSD;.PRE.;RWAPLPG100;Rsd.Water Heat.Dwelling.AP.LPG.00.Furnace.;PJ;GW;PRE;-;RWAP;ANNUAL;0,00
BASE;RW;RSD;.PRE.;RWAPOIL100;Rsd.Water Heat.Dwelling.AP.OIL.00.Furnace.;PJ;GW;PRE;-;RWAP;ANNUAL;0,00
BASE;RW;RSD;.PRE.;RWAPPEL100;Rsd.Water Heat.Dwelling.AP.PEL.00.Stove.;PJ;GW;PRE;-;RWAP;ANNUAL;0,00
BASE;RW;RSD;.PRE.;RWAPSOL100;Rsd.Water Heat.Dwelling.AP.SOL.00.Furnace.;PJ;GW;PRE;-;RWAP;ANNUAL;0,00
BASE;RW;SUP;.EXP.IRE.;FeedInTariff;Accounting for Feed-in Tariffs for REN ELC;MEURO;MEURO;IRE;-;SUBS-REN_FeedIn;ANNUAL;0,00
BASE;RW;SUP;.EXP.IRE.;RENInvSubsidy;Accounting for Investment subsidies for REN Techs;MEURO;MEURO;IRE;-;SUBS-REN_INV;ANNUAL;0,00
BASE;RW;SUP;.PRE.;SUPBGS00;Fuel Tech - biogas;PJ;PJA;PRE;-;SUPBGS;ANNUAL;0,00
BASE;RW;SUP;.PRE.;SUPBOU00;Fuel Tech - Boues;MT;MT;PRE;-;SUPBOU;ANNUAL;0,00
BASE;RW;SUP;.PRE.;SUPCOA00;Fuel Tech - Coal (SUP);PJ;PJA;PRE;-;SUPCOA;ANNUAL;0,00
BASE;RW;SUP;.PRE.;SUPCPS00;Fuel Tech - Chips (SUP);PJ;PJA;PRE;-;SUPCPS;ANNUAL;0,00
BASE;RW;SUP;.PRE.;SUPCPS00;Fuel Tech - Chips (SUP);PJ;PJA;PRE;-;SUPCPS;ANNUAL;0,00
BASE;RW;SUP;.PRE.;SUPCRD00;Fuel Tech - Crude Oil (SUP);PJ;PJA;PRE;-;SUPCRD;ANNUAL;0,00
BASE;RW;SUP;.PRE.;SUPCUL00;Fuel Tech - Culture (SUP);MT;MT;PRE;-;SUPCUL;ANNUAL;0,00
BASE;RW;SUP;.PRE.;SUPDST00;Fuel Tech - Mazout (SUP);PJ;PJA;PRE;-;SUPDST;ANNUAL;0,00
BASE;RW;SUP;.PRE.;SUPEFF00;Fuel Tech - Effluents (SUP);MT;MT;PRE;-;SUPEFF;ANNUAL;0,00
BASE;RW;SUP;.PRE.;SUPELC00;Fuel Tech - Electricity (SUP);PJ;PJA;PRE;-;SUPELC;ANNUAL;0,00
BASE;RW;SUP;.PRE.;SUPGAS00;Fuel Tech - Natural Gas (SUP);PJ;PJA;PRE;-;SUPGAS;ANNUAL;0,00
BASE;RW;SUP;.PRE.;SUPGMX00;Fuel Tech - Natural Gas biogas mixed (SUP);PJ;PJA;PRE;-;SUPGMX;ANNUAL;0,00
BASE;RW;SUP;.PRE.;SUPHTH00;Fuel Tech - High Temperature Heat (SUP);PJ;PJA;PRE;-;SUPHTH;SEASON;0,00
BASE;RW;SUP;.PRE.;SUPLOG00;Fuel Tech - bûches(SUP);PJ;PJA;PRE;-;SUPLOG;ANNUAL;0,00
BASE;RW;SUP;.PRE.;SUPLOG00;Fuel Tech - bûches(SUP);PJ;PJA;PRE;-;SUPLOG;ANNUAL;0,00
BASE;RW;SUP;.PRE.;SUPPEL00;Fuel Tech - Pellets (SUP);PJ;PJA;PRE;-;SUPPEL;ANNUAL;0,00
BASE;RW;SUP;.PRE.;SUPRPG00;Fuel Tech - Refinery Gas and LPG (SUP);PJ;PJA;PRE;-;SUPRPG;ANNUAL;0,00
BASE;RW;SUP;.PRE.;SUPRPP00;Fuel Tech - Refined Petroleum Products (SUP);PJ;PJA;PRE;-;SUPRPP;ANNUAL;0,00
BASE;RW;SUP;.PRE.;SUPSLU00;Fuel Tech - Sludges (SUP);MT;MT;PRE;-;SUPSLU;ANNUAL;0,00
BASE;RW;TRA;.DMD.;TADFKER00;Aviation Domestic Freight Kerosene Tech Existing;PJ;PJA;DMD;-;TADF;ANNUAL;0,00
BASE;RW;TRA;.DMD.;TADPKER00;Aviation Domestic Passengers Kerosene Tech Existing;PJ;PJA;DMD;-;TADP;ANNUAL;0,00
BASE;RW;TRA;.DMD.;TAIFKER00;Aviation International Freight Kerosene Tech Existing;PJ;PJA;DMD;-;TAIF;ANNUAL;0,00
BASE;RW;TRA;.DMD.;TAIPKER00;Aviation International Passengers Kerosene Tech Existing;PJ;PJA;DMD;-;TAIP;ANNUAL;0,00
BASE;RW;TRA;.DMD.;TBUSBDLU00;Buses Biodiesel Urban Existing;BVKM;000VEH;DMD;-;TBU;ANNUAL;0,00
BASE;RW;TRA;.DMD.;TBUSDSTHEVU00;Buses PHEV Diesel Urban Existing;BVKM;000VEH;DMD;-;TBU;ANNUAL;0,00
BASE;RW;TRA;.DMD.;TBUSDSTU00;Buses Diesel Urban Existing;BVKM;000VEH;DMD;-;TBU;ANNUAL;0,00
BASE;RW;TRA;.DMD.;TBUSGMXU00;Buses CNG Urban Existing;BVKM;000VEH;DMD;-;TBU;ANNUAL;0,00
BASE;RW;TRA;.DMD.;TBUSHDSTU00;Buses Hybrid Diesel Urban Existing;BVKM;000VEH;DMD;-;TBU;ANNUAL;0,00
BASE;RW;TRA;.DMD.;TCARDSTEX00;Cars Diesel Executive Existing;BVKM;000VEH;DMD;-;TCAR;ANNUAL;0,00
BASE;RW;TRA;.DMD.;TCARDSTML00;Cars Diesel Medium-Lower Existing;BVKM;000VEH;DMD;-;TCAR;ANNUAL;0,00
BASE;RW;TRA;.DMD.;TCARDSTMU00;Cars Diesel Medium-Upper Existing;BVKM;000VEH;DMD;-;TCAR;ANNUAL;0,00
BASE;RW;TRA;.DMD.;TCARDSTSM00;Cars Diesel small Existing;BVKM;000VEH;DMD;-;TCAR;ANNUAL;0,00
BASE;RW;TRA;.DMD.;TCARDTSHEVEX00;Cars PHEV Diesel Executive Existing;BVKM;000VEH;DMD;-;TCAR;ANNUAL;0,00
BASE;RW;TRA;.DMD.;TCARELCML00;Cars Electric Medium-Lower Existing;BVKM;000VEH;DMD;-;TCAR;ANNUAL;0,00
BASE;RW;TRA;.DMD.;TCARGMXEX00;Cars CNG Executive Existing;BVKM;000VEH;DMD;-;TCAR;ANNUAL;0,00
BASE;RW;TRA;.DMD.;TCARGMXML00;Cars CNG Medium-Lower Existing;BVKM;000VEH;DMD;-;TCAR;ANNUAL;0,00
BASE;RW;TRA;.DMD.;TCARGSLEX00;Cars Gasoline Executive Existing;BVKM;000VEH;DMD;-;TCAR;ANNUAL;0,00
BASE;RW;TRA;.DMD.;TCARGSLHEVEX00;Cars PHEV Gasoline  Executive Existing;BVKM;000VEH;DMD;-;TCAR;ANNUAL;0,00
BASE;RW;TRA;.DMD.;TCARGSLHEVML00;Cars PHEV Gasoline  Medium-Lower Existing;BVKM;000VEH;DMD;-;TCAR;ANNUAL;0,00
BASE;RW;TRA;.DMD.;TCARGSLHEVMU00;Cars PHEV Gasoline  Medium-Upper Existing;BVKM;000VEH;DMD;-;TCAR;ANNUAL;0,00
BASE;RW;TRA;.DMD.;TCARGSLML00;Cars Gasoline Medium-Lower Existing;BVKM;000VEH;DMD;-;TCAR;ANNUAL;0,00
BASE;RW;TRA;.DMD.;TCARGSLMU00;Cars Gasoline Medium-Upper Existing;BVKM;000VEH;DMD;-;TCAR;ANNUAL;0,00
BASE;RW;TRA;.DMD.;TCARGSLSM00;Cars Gasoline Small Existing;BVKM;000VEH;DMD;-;TCAR;ANNUAL;0,00
BASE;RW;TRA;.DMD.;TCARHGSLEX00;Cars Hybrid Gasoline Executive Existing;BVKM;000VEH;DMD;-;TCAR;ANNUAL;0,00
BASE;RW;TRA;.DMD.;TCARHGSLML00;Cars Hybrid Gasoline Medium-Lower Existing;BVKM;000VEH;DMD;-;TCAR;ANNUAL;0,00
BASE;RW;TRA;.DMD.;TCARHGSLMU00;Cars Hybrid Gasoline Medium-Upper Existing;BVKM;000VEH;DMD;-;TCAR;ANNUAL;0,00
BASE;RW;TRA;.DMD.;TCARHGSLSM00;Cars Hybrid Gasoline small Existing;BVKM;000VEH;DMD;-;TCAR;ANNUAL;0,00
BASE;RW;TRA;.DMD.;TCARLPGEX00;Cars LPG Executive Existing;BVKM;000VEH;DMD;-;TCAR;ANNUAL;0,00
BASE;RW;TRA;.DMD.;TCARLPGML00;Cars LPG Medium-Lower Existing;BVKM;000VEH;DMD;-;TCAR;ANNUAL;0,00
BASE;RW;TRA;.DMD.;TCARLPGMU00;Cars LPG Medium-Upper Existing;BVKM;000VEH;DMD;-;TCAR;ANNUAL;0,00
BASE;RW;TRA;.DMD.;TCARLPGSM00;Cars LPG small Existing;BVKM;000VEH;DMD;-;TCAR;ANNUAL;0,00
BASE;RW;TRA;.DMD.;THDTDSTH200;Heavy Duty Trucks Diesel Less than 14 t Existing;BVKM;000VEH;DMD;-;THDT;ANNUAL;0,00
BASE;RW;TRA;.DMD.;THDTDSTH300;Heavy Duty Trucks Diesel Between 14-28 t Existing;BVKM;000VEH;DMD;-;THDT;ANNUAL;0,00
BASE;RW;TRA;.DMD.;THDTDSTH400;Heavy Duty Trucks Diesel Between 28-40 t Existing;BVKM;000VEH;DMD;-;THDT;ANNUAL;0,00
BASE;RW;TRA;.DMD.;THDTDSTH500;Heavy Duty Trucks Diesel Between 40-50 t Existing;BVKM;000VEH;DMD;-;THDT;ANNUAL;0,00
BASE;RW;TRA;.DMD.;THDTELCH00;Heavy Duty Trucks Electric  Existing;BVKM;000VEH;DMD;-;THDT;ANNUAL;0,00
BASE;RW;TRA;.DMD.;THDTGSLH100;Heavy Duty Trucks Gasoline More than 3 t Existing;BVKM;000VEH;DMD;-;THDT;ANNUAL;0,00
BASE;RW;TRA;.DMD.;TLCVDSTLC00;Light Commercial Vehicles Diesel  Light Existing;BVKM;000VEH;DMD;-;TLCV;ANNUAL;0,00
BASE;RW;TRA;.DMD.;TLCVELCLC00;Light Commercial Vehicles Electric Light Existing;BVKM;000VEH;DMD;-;TLCV;ANNUAL;0,00
BASE;RW;TRA;.DMD.;TLCVGSLLC00;Light Commercial Vehicles Gasoline  Light Existing;BVKM;000VEH;DMD;-;TLCV;ANNUAL;0,00
BASE;RW;TRA;.DMD.;TMOPELC00;Bicycle electric  Existing;BVKM;000VEH;DMD;-;TMOP;ANNUAL;0,00
BASE;RW;TRA;.DMD.;TMOPGSL00;Mopeds Gasoline  Existing;BVKM;000VEH;DMD;-;TMOP;ANNUAL;0,00
BASE;RW;TRA;.DMD.;TMOTGSL00;Motorcycles Gasoline  Existing;BVKM;000VEH;DMD;-;TMOT;ANNUAL;0,00
BASE;RW;TRA;.DMD.;TNDFDST00;Navigation Domestic Freight Tech Existing;BTKM;BTKMA;DMD;-;TNDF;ANNUAL;0,00
BASE;RW;TRA;.PRE.;TRABDL00;Fuel Tech - Biodiesel (TRA);PJ;PJA;PRE;-;TRABDL;ANNUAL;0,00
BASE;RW;TRA;.PRE.;TRABGS00;Fuel tech - biogas (TRA);PJ;PJA;PRE;-;TRABGS;ANNUAL;0,00
BASE;RW;TRA;.PRE.;TRADST00;Fuel Tech - Diesel (TRA);PJ;PJA;PRE;-;TRADST;ANNUAL;0,00
BASE;RW;TRA;.PRE.;TRAELC00;Fuel Tech - Electricity (TRA);PJ;GW;PRE;-;TRAELC;ANNUAL;0,00
BASE;RW;TRA;.PRE.;TRAETH00;Fuel Tech - Ethanol (TRA);PJ;PJA;PRE;-;TRAETH;ANNUAL;0,00
BASE;RW;TRA;.PRE.;TRAGMX00;Fuel Tech - Reseau gas mixed (TRA);PJ;PJA;PRE;-;TRAGMX;ANNUAL;0,00
TRA-NewTechs;RW;TRA;.STG.;TSTGEVCMIDN01;TSTGEVCMIDN01;PJ;GW;STG;-;BATELCOUT;DAYNITE;0,00
TRA-NewTechs;RW;TRA;.PRE.;TCHARGHOMSMARTN01;TCHARGHOMSMARTN01;PJ;GW;PRE;-;RSDELC;DAYNITE;0,00
TRA-NewTechs;RW;TRA;.DMD.TADF.;TAVDOMBDLFN01;Transport marchandise - Aviation - Domestic - Biokerosene (New);PJ;000VEH;DMD;-;TADF;ANNUAL;1,00
TRA-NewTechs;RW;TRA;.DMD.TADP.;TAVDOMBDLPN01;Transport personne - Aviation - Domestic - Biokerosene (New);PJ;000VEH;DMD;-;TADP;ANNUAL;1,00
TRA-NewTechs;RW;TRA;.DMD.TAIF.;TAVINTHH2FN01;Transport marchandise - Aviation - International - Hydrogen (New);PJ;000VEH;DMD;-;TAIF;ANNUAL;1,00
TRA-NewTechs;RW;TRA;.DMD.TAIP.;TAVINTHH2PN01;Transport personne- Aviation - International - Hydrogen (New);PJ;000VEH;DMD;-;TAIP;ANNUAL;1,00
TRA-NewTechs;RW;TRA;.DMD.TRADBU.;TBUSBDLCN01;Buses BioDiesel Coach New;BVKM;000VEH;DMD;-;TBC;ANNUAL;1,00
TRA-NewTechs;RW;TRA;.DMD.TRADBU.;TBUSDSTCN01;Buses Diesel Coach New;BVKM;000VEH;DMD;-;TBC;ANNUAL;1,00
TRA-NewTechs;RW;TRA;.DMD.TRADBU.;TBUSETHCN01;Buses Ethanol Coach New;BVKM;000VEH;DMD;-;TBC;ANNUAL;1,00
TRA-NewTechs;RW;TRA;.DMD.TRADBU.;TBUSGH2CN01;Buses Hydrogen Gas Coach New;BVKM;000VEH;DMD;-;TBC;ANNUAL;1,00
TRA-NewTechs;RW;TRA;.DMD.TRADBU.;TBUSGMXCN01;Buses Gas Coach New;BVKM;000VEH;DMD;-;TBC;ANNUAL;1,00
TRA-NewTechs;RW;TRA;.DMD.TRADBU.;TBUSGSLCN01;Buses Gasoline Coach New;BVKM;000VEH;DMD;-;TBC;ANNUAL;1,00
TRA-NewTechs;RW;TRA;.DMD.TRADBU.;TBUSBDLUN01;Buses BioDiesel Urban New;BVKM;000VEH;DMD;-;TBU;ANNUAL;1,00
TRA-NewTechs;RW;TRA;.DMD.TRADBU.;TBUSDSTUHEVN01;Buses Plug-In Hybrid diesel Urban New;BVKM;000VEH;DMD;-;TBU;ANNUAL;1,00
TRA-NewTechs;RW;TRA;.DMD.TRADBU.;TBUSDSTUN01;Buses Diesel Urban New;BVKM;000VEH;DMD;-;TBU;ANNUAL;1,00
TRA-NewTechs;RW;TRA;.DMD.TRADBU.;TBUSELCUN01;Buses Electric Urban New;BVKM;000VEH;DMD;-;TBU;ANNUAL;1,00
TRA-NewTechs;RW;TRA;.DMD.TRADBU.;TBUSETHUN01;Buses Ethanol Urban New;BVKM;000VEH;DMD;-;TBU;ANNUAL;1,00
TRA-NewTechs;RW;TRA;.DMD.TRADBU.;TBUSGH2UN01;Buses Hydrogen Gas Urban New;BVKM;000VEH;DMD;-;TBU;ANNUAL;1,00
TRA-NewTechs;RW;TRA;.DMD.TRADBU.;TBUSGMXUN01;Buses Gas Urban New;BVKM;000VEH;DMD;-;TBU;ANNUAL;1,00
TRA-NewTechs;RW;TRA;.DMD.TRADBU.;TBUSGSLUN01;Buses Gasoline Urban New;BVKM;000VEH;DMD;-;TBU;ANNUAL;1,00
TRA-NewTechs;RW;TRA;.DMD.TRADCA.;TCARDSTEXN01;Cars Diesel Executive New;BVKM;000VEH;DMD;-;TCAR;ANNUAL;1,00
TRA-NewTechs;RW;TRA;.DMD.TRADCA.;TCARDSTHEV4EXN01;Cars PlugInHyb-40CD diesel Executive New;BVKM;000VEH;DMD;-;TCAR;ANNUAL;1,00
TRA-NewTechs;RW;TRA;.DMD.TRADCA.;TCARDSTHYBEXN01;Cars Hybrid Diesel Executive New;BVKM;000VEH;DMD;-;TCAR;ANNUAL;1,00
TRA-NewTechs;RW;TRA;.DMD.TRADCA.;TCARDSTHYBMLN01;Cars Hybrid Diesel Medium-Lower New;BVKM;000VEH;DMD;-;TCAR;ANNUAL;1,00
TRA-NewTechs;RW;TRA;.DMD.TRADCA.;TCARDSTHYBMUN01;Cars Hybrid Diesel Medium-Upper New;BVKM;000VEH;DMD;-;TCAR;ANNUAL;1,00
TRA-NewTechs;RW;TRA;.DMD.TRADCA.;TCARDSTHYBSMN01;Cars Hybrid Diesel Small New;BVKM;000VEH;DMD;-;TCAR;ANNUAL;1,00
TRA-NewTechs;RW;TRA;.DMD.TRADCA.;TCARDSTMLN01;Cars Diesel Medium-Lower New;BVKM;000VEH;DMD;-;TCAR;ANNUAL;1,00
TRA-NewTechs;RW;TRA;.DMD.TRADCA.;TCARDSTMUN01;Cars Diesel Medium-Upper New;BVKM;000VEH;DMD;-;TCAR;ANNUAL;1,00
TRA-NewTechs;RW;TRA;.DMD.TRADCA.;TCARDSTSMN01;Cars Diesel Small New;BVKM;000VEH;DMD;-;TCAR;ANNUAL;1,00
TRA-NewTechs;RW;TRA;.DMD.TRADCA.;TCARELCEXN01;Cars Electric Executive New;BVKM;000VEH;DMD;-;TCAR;ANNUAL;1,00
TRA-NewTechs;RW;TRA;.DMD.TRADCA.;TCARELCMLN01;Cars Electric Medium-Lower New;BVKM;000VEH;DMD;-;TCAR;ANNUAL;1,00
TRA-NewTechs;RW;TRA;.DMD.TRADCA.;TCARELCMUN01;Cars Electric Medium-Upper New;BVKM;000VEH;DMD;-;TCAR;ANNUAL;1,00
TRA-NewTechs;RW;TRA;.DMD.TRADCA.;TCARELCSMN01;Cars Electric Small New;BVKM;000VEH;DMD;-;TCAR;ANNUAL;1,00
TRA-NewTechs;RW;TRA;.DMD.TRADCA.;TCARGH2FCEXN01;Cars Hydrogen Fuel Cell Executive New;BVKM;000VEH;DMD;-;TCAR;ANNUAL;1,00
TRA-NewTechs;RW;TRA;.DMD.TRADCA.;TCARGH2FCMLN01;Cars Hydrogen Fuel Cell Medium-Lower New;BVKM;000VEH;DMD;-;TCAR;ANNUAL;1,00
TRA-NewTechs;RW;TRA;.DMD.TRADCA.;TCARGH2FCMUN01;Cars Hydrogen Fuel Cell Medium-Upper New;BVKM;000VEH;DMD;-;TCAR;ANNUAL;1,00
TRA-NewTechs;RW;TRA;.DMD.TRADCA.;TCARGH2FCSMN01;Cars Hydrogen Fuel Cell Small New;BVKM;000VEH;DMD;-;TCAR;ANNUAL;1,00
TRA-NewTechs;RW;TRA;.DMD.TRADCA.;TCARGMXEXN01;Cars Gas Executive New;BVKM;000VEH;DMD;-;TCAR;ANNUAL;1,00
TRA-NewTechs;RW;TRA;.DMD.TRADCA.;TCARGMXMLN01;Cars Gas Medium-Lower New;BVKM;000VEH;DMD;-;TCAR;ANNUAL;1,00
TRA-NewTechs;RW;TRA;.DMD.TRADCA.;TCARGMXMUN01;Cars Gas Medium-Upper New;BVKM;000VEH;DMD;-;TCAR;ANNUAL;1,00
TRA-NewTechs;RW;TRA;.DMD.TRADCA.;TCARGMXSMN01;Cars Gas Small New;BVKM;000VEH;DMD;-;TCAR;ANNUAL;1,00
TRA-NewTechs;RW;TRA;.DMD.TRADCA.;TCARGSLEXN01;Cars Gasoline Executive New;BVKM;000VEH;DMD;-;TCAR;ANNUAL;1,00
TRA-NewTechs;RW;TRA;.DMD.TRADCA.;TCARGSLHEV4EXN01;Cars PlugInHyb-40CD Gasoline Executive New;BVKM;000VEH;DMD;-;TCAR;ANNUAL;1,00
TRA-NewTechs;RW;TRA;.DMD.TRADCA.;TCARGSLHYBEXN01;Cars Hybrid Gasoline Executive New;BVKM;000VEH;DMD;-;TCAR;ANNUAL;1,00
TRA-NewTechs;RW;TRA;.DMD.TRADCA.;TCARGSLHYBMLN01;Cars Hybrid Gasoline Medium-Lower New;BVKM;000VEH;DMD;-;TCAR;ANNUAL;1,00
TRA-NewTechs;RW;TRA;.DMD.TRADCA.;TCARGSLHYBMUN01;Cars Hybrid Gasoline Medium-Upper New;BVKM;000VEH;DMD;-;TCAR;ANNUAL;1,00
TRA-NewTechs;RW;TRA;.DMD.TRADCA.;TCARGSLHYBSMN01;Cars Hybrid Gasoline Small New;BVKM;000VEH;DMD;-;TCAR;ANNUAL;1,00
TRA-NewTechs;RW;TRA;.DMD.TRADCA.;TCARGSLMLN01;Cars Gasoline Medium-Lower New;BVKM;000VEH;DMD;-;TCAR;ANNUAL;1,00
TRA-NewTechs;RW;TRA;.DMD.TRADCA.;TCARGSLMUN01;Cars Gasoline Medium-Upper New;BVKM;000VEH;DMD;-;TCAR;ANNUAL;1,00
TRA-NewTechs;RW;TRA;.DMD.TRADCA.;TCARGSLSMN01;Cars Gasoline Small New;BVKM;000VEH;DMD;-;TCAR;ANNUAL;1,00
TRA-NewTechs;RW;TRA;.DMD.TRADCA.;TCARLPGEXN01;Cars LPG Executive New;BVKM;000VEH;DMD;-;TCAR;ANNUAL;1,00
TRA-NewTechs;RW;TRA;.DMD.TRADCA.;TCARLPGMLN01;Cars LPG Medium-Lower New;BVKM;000VEH;DMD;-;TCAR;ANNUAL;1,00
TRA-NewTechs;RW;TRA;.DMD.TRADCA.;TCARLPGMUN01;Cars LPG Medium-Upper New;BVKM;000VEH;DMD;-;TCAR;ANNUAL;1,00
TRA-NewTechs;RW;TRA;.DMD.TRADCA.;TCARLPGSMN01;Cars LPG Small New;BVKM;000VEH;DMD;-;TCAR;ANNUAL;1,00
TRA-NewTechs;RW;TRA;.DMD.TRADTH.;THDTDSTH1N01;Heavy Duty Trucks Diesel More than 3 t;BVKM;000VEH;DMD;-;THDT;ANNUAL;1,00
TRA-NewTechs;RW;TRA;.DMD.TRADTH.;THDTDSTH2N01;Heavy Duty Trucks Diesel Less than 14 t New;BVKM;000VEH;DMD;-;THDT;ANNUAL;1,00
TRA-NewTechs;RW;TRA;.DMD.TRADTH.;THDTDSTH3N01;Heavy Duty Trucks Diesel  Between 14-28  New;BVKM;000VEH;DMD;-;THDT;ANNUAL;1,00
TRA-NewTechs;RW;TRA;.DMD.TRADTH.;THDTDSTH4N01;Heavy Duty Trucks Diesel  Between 28-40 t New;BVKM;000VEH;DMD;-;THDT;ANNUAL;1,00
TRA-NewTechs;RW;TRA;.DMD.TRADTH.;THDTDSTH5N01;Heavy Duty Trucks Diesel Between 40-50 t New;BVKM;000VEH;DMD;-;THDT;ANNUAL;1,00
TRA-NewTechs;RW;TRA;.DMD.TRADTH.;THDTDSTHYBH2N01;Heavy Duty Trucks Hybrid Diesel Less than 14 t New;BVKM;000VEH;DMD;-;THDT;ANNUAL;1,00
TRA-NewTechs;RW;TRA;.DMD.TRADTH.;THDTDSTHYBH3N01;Heavy Duty Trucks Hybrid Diesel Between 14-28 t New;BVKM;000VEH;DMD;-;THDT;ANNUAL;1,00
TRA-NewTechs;RW;TRA;.DMD.TRADTH.;THDTDSTHYBH4N01;Heavy Duty Trucks Hybrid Diesel Between 28-40 t New;BVKM;000VEH;DMD;-;THDT;ANNUAL;1,00
TRA-NewTechs;RW;TRA;.DMD.TRADTH.;THDTDSTHYBH5N01;Heavy Duty Trucks Hybrid Diesel Between 40-50 t New;BVKM;000VEH;DMD;-;THDT;ANNUAL;1,00
TRA-NewTechs;RW;TRA;.DMD.TRADTH.;THDTELCH1N01;Heavy Duty Trucks Electric More than 3 t;BVKM;000VEH;DMD;-;THDT;ANNUAL;1,00
TRA-NewTechs;RW;TRA;.DMD.TRADTH.;THDTELCH2N01;Heavy Duty Trucks Electric Less than 14 t New;BVKM;000VEH;DMD;-;THDT;ANNUAL;1,00
TRA-NewTechs;RW;TRA;.DMD.TRADTH.;THDTELCH3N01;Heavy Duty Trucks Electric Less than 14-28 t New;BVKM;000VEH;DMD;-;THDT;ANNUAL;1,00
TRA-NewTechs;RW;TRA;.DMD.TRADTH.;THDTELCH4N01;Heavy Duty Trucks Electric Less than 28-40 t New;BVKM;000VEH;DMD;-;THDT;ANNUAL;1,00
TRA-NewTechs;RW;TRA;.DMD.TRADTH.;THDTELCH5N01;Heavy Duty Trucks Electric Less than 40-50 t New;BVKM;000VEH;DMD;-;THDT;ANNUAL;1,00
TRA-NewTechs;RW;TRA;.DMD.TRADTH.;THDTGH2H1N01;Heavy Duty Trucks Hydrogen More than 3 t;BVKM;000VEH;DMD;-;THDT;ANNUAL;1,00
TRA-NewTechs;RW;TRA;.DMD.TRADTH.;THDTGH2H2N01;Heavy Duty Trucks Hydrogen Less than 14 t New;BVKM;000VEH;DMD;-;THDT;ANNUAL;1,00
TRA-NewTechs;RW;TRA;.DMD.TRADTH.;THDTGH2H3N01;Heavy Duty Trucks Hydrogen Less than 14-28 t New;BVKM;000VEH;DMD;-;THDT;ANNUAL;1,00
TRA-NewTechs;RW;TRA;.DMD.TRADTH.;THDTGH2H4N01;Heavy Duty Trucks Hydrogen Less than 28-40 t New;BVKM;000VEH;DMD;-;THDT;ANNUAL;1,00
TRA-NewTechs;RW;TRA;.DMD.TRADTH.;THDTGH2H5N01;Heavy Duty Trucks Hydrogen Less than 40-50 t New;BVKM;000VEH;DMD;-;THDT;ANNUAL;1,00
TRA-NewTechs;RW;TRA;.DMD.TRADTH.;THDTGMXH1N02;Heavy Duty Trucks CNG More than 3 t;BVKM;000VEH;DMD;-;THDT;ANNUAL;1,00
TRA-NewTechs;RW;TRA;.DMD.TRADTH.;THDTGMXH2N01;Heavy Duty Trucks CNG Less than 14 t New;BVKM;000VEH;DMD;-;THDT;ANNUAL;1,00
TRA-NewTechs;RW;TRA;.DMD.TRADTH.;THDTGMXH3N01;Heavy Duty Trucks LNG  Between 14-28 t New;BVKM;000VEH;DMD;-;THDT;ANNUAL;1,00
TRA-NewTechs;RW;TRA;.DMD.TRADTH.;THDTGMXH4N01;Heavy Duty Trucks LNG Between 28-40 t New;BVKM;000VEH;DMD;-;THDT;ANNUAL;1,00
TRA-NewTechs;RW;TRA;.DMD.TRADTH.;THDTGMXH5N01;Heavy Duty Trucks LNG Between 40-50 t New;BVKM;000VEH;DMD;-;THDT;ANNUAL;1,00
TRA-NewTechs;RW;TRA;.DMD.TRADTH.;THDTGSLH1N01;Heavy Duty Trucks Gasoline More than 3 t;BVKM;000VEH;DMD;-;THDT;ANNUAL;1,00
TRA-NewTechs;RW;TRA;.DMD.TRADTH.;THDTGSLHYBH1N01;Heavy Duty Trucks Hybrid Gasoline More than 3 t;BVKM;000VEH;DMD;-;THDT;ANNUAL;1,00
TRA-NewTechs;RW;TRA;.DMD.TRADTL.;TLCVBDLLCN01;Light Commercial Vehicles BioDiesel Light New;BVKM;000VEH;DMD;-;TLCV;ANNUAL;1,00
TRA-NewTechs;RW;TRA;.DMD.TRADTL.;TLCVDSTHYBLCN01;Light Commercial Vehicles Hybrid Diesel Light New;BVKM;000VEH;DMD;-;TLCV;ANNUAL;1,00
TRA-NewTechs;RW;TRA;.DMD.TRADTL.;TLCVDSTLCN01;Light Commercial Vehicles Diesel Light New;BVKM;000VEH;DMD;-;TLCV;ANNUAL;1,00
TRA-NewTechs;RW;TRA;.DMD.TRADTL.;TLCVELCLCN01;Light Commercial Vehicles Electric Light New;BVKM;000VEH;DMD;-;TLCV;ANNUAL;1,00
TRA-NewTechs;RW;TRA;.DMD.TRADTL.;TLCVETHHYBLCN01;Light Commercial Vehicles Hybrid Ethanol Light New;BVKM;000VEH;DMD;-;TLCV;ANNUAL;1,00
TRA-NewTechs;RW;TRA;.DMD.TRADTL.;TLCVETHLCN01;Light Commercial Vehicles Ethanol Light New;BVKM;000VEH;DMD;-;TLCV;ANNUAL;1,00
TRA-NewTechs;RW;TRA;.DMD.TRADTL.;TLCVGH2LCN01;Light Commercial Vehicles Hydrogen Light New;BVKM;000VEH;DMD;-;TLCV;ANNUAL;1,00
TRA-NewTechs;RW;TRA;.DMD.TRADTL.;TLCVGMXLCN01;Light Commercial Vehicles Gas Light New;BVKM;000VEH;DMD;-;TLCV;ANNUAL;1,00
TRA-NewTechs;RW;TRA;.DMD.TRADTL.;TLCVGSLLCN01;Light Commercial Vehicles Gasoline Light New;BVKM;000VEH;DMD;-;TLCV;ANNUAL;1,00
TRA-NewTechs;RW;TRA;.DMD.TRADMO.;TMOPGSLN01;Mopeds Gasoline New;BVKM;000VEH;DMD;-;TMOP;ANNUAL;1,00
TRA-NewTechs;RW;TRA;.DMD.TRADMO.;TMOTELCN01;Motorcycles Electric New;BVKM;000VEH;DMD;-;TMOT;ANNUAL;1,00
TRA-NewTechs;RW;TRA;.DMD.TRADMO.;TMOTGSLN01;Motorcycles Gasoline New;BVKM;000VEH;DMD;-;TMOT;ANNUAL;1,00
TRA-NewTechs;RW;TRA;.DMD.TNDF.;TNAINLBDLN01;Transport  Navigation  Inland  Biodiesel (New);BTKM;000VEH;DMD;-;TNDF;ANNUAL;1,00
COM-NewTechs_V02;RW;COM;.DMD.;CHBANELCHP301;Com Space Heat New heat pump - BAN - ELC301;PJ;GW;DMD;-;;ANNUAL;0,00
COM-NewTechs_V02;RW;COM;.DMD.;CHBANELCHP302;Com Space Heat New heat pump - BAN - ELC302;PJ;GW;DMD;-;;ANNUAL;0,00
COM-NewTechs_V02;RW;COM;.DMD.;CHBANELCHP401;Com Space Heat New heat pump - BAN - ELC401;PJ;GW;DMD;-;;ANNUAL;0,00
COM-NewTechs_V02;RW;COM;.DMD.;CHBANELCHP402;Com Space Heat New heat pump - BAN - ELC402;PJ;GW;DMD;-;;ANNUAL;0,00
COM-NewTechs_V02;RW;COM;.DMD.;CHBANGMXHP201;Com Space Heat New Heat Pump - BAN - GMX201;PJ;GW;DMD;-;;ANNUAL;0,00
COM-NewTechs_V02;RW;COM;.DMD.;CHBANGMXHP202;Com Space Heat New Heat Pump - BAN - GMX202;PJ;GW;DMD;-;;ANNUAL;0,00
COM-NewTechs_V02;RW;COM;.DMD.;CHBANLPGHP202;Com Space Heat New Heat Pump - BAN - LPG202;PJ;GW;DMD;-;;ANNUAL;0,00
COM-NewTechs_V02;RW;COM;.DMD.;CHBANELCHPR201;Com Space Heat New heat pump with reno - BAN - ELC201;PJ;GW;DMD;-;;ANNUAL;0,00
COM-NewTechs_V02;RW;COM;.DMD.;CHBANELCHPR202;Com Space Heat New heat pump with reno - BAN - ELC202;PJ;GW;DMD;-;;ANNUAL;0,00
COM-NewTechs_V02;RW;COM;.DMD.;CHBANELCHPR301;Com Space Heat New heat pump with reno - BAN - ELC301;PJ;GW;DMD;-;;ANNUAL;0,00
COM-NewTechs_V02;RW;COM;.DMD.;CHBANELCHPR401;Com Space Heat New heat pump with reno - BAN - ELC401;PJ;GW;DMD;-;;ANNUAL;0,00
COM-NewTechs_V02;RW;COM;.DMD.;CHBANELCHPR402;Com Space Heat New heat pump with reno - BAN - ELC402;PJ;GW;DMD;-;;ANNUAL;0,00
COM-NewTechs_V02;RW;COM;.DMD.;CWBANELC101;Com Water Heat New Boiler - BAN - ELC101;PJ;GW;DMD;-;;ANNUAL;0,00
COM-NewTechs_V02;RW;COM;.DMD.;CWBANELCHP201;Com Water Heat New Boiler - BAN - ELC201;PJ;GW;DMD;-;;ANNUAL;0,00
COM-NewTechs_V02;RW;COM;.DMD.;CWBANGEO101;Com Water Heat New Boiler - BAN - GEO101;PJ;GW;DMD;-;;ANNUAL;0,00
COM-NewTechs_V02;RW;COM;.DMD.;CWBANLPG101;Com Water Heat New Boiler - BAN - LPG101;PJ;GW;DMD;-;;ANNUAL;0,00
COM-NewTechs_V02;RW;COM;.DMD.;CWBANSOLE101;Com Water Heat New Boiler with back up - BAN - ELC101;PJ;GW;DMD;-;;ANNUAL;0,00
COM-NewTechs_V02;RW;COM;.DMD.;CWBANSOLG101;Com Water Heat New Boiler with back up - BAN - GMX101;PJ;GW;DMD;-;;ANNUAL;0,00
COM-NewTechs_V02;RW;COM;.DMD.;CWBANSOLD101;Com Water Heat New Boiler with back up - BAN - OIL101;PJ;GW;DMD;-;;ANNUAL;0,00
COM-NewTechs_V02;RW;COM;.DMD.;CHBPNCPS101;Com Space Heat New Boiler - BPN - CPS101;PJ;GW;DMD;-;;ANNUAL;0,00
COM-NewTechs_V02;RW;COM;.DMD.;CHBPNELC101;Com Space Heat New Boiler - BPN - ELC101;PJ;GW;DMD;-;;ANNUAL;0,00
COM-NewTechs_V02;RW;COM;.DMD.;CHBPNELC201;Com Space Heat New Boiler - BPN - ELC201;PJ;GW;DMD;-;;ANNUAL;0,00
COM-NewTechs_V02;RW;COM;.DMD.;CHBPNGMX201;Com Space Heat New Boiler - BPN - GMX201;PJ;GW;DMD;-;;ANNUAL;0,00
COM-NewTechs_V02;RW;COM;.DMD.;CHBPNGMX301;Com Space Heat New Boiler - BPN - GMX301;PJ;GW;DMD;-;;ANNUAL;0,00
COM-NewTechs_V02;RW;COM;.DMD.;CHBPNGMX401;Com Space Heat New Boiler - BPN - GMX401;PJ;GW;DMD;-;;ANNUAL;0,00
COM-NewTechs_V02;RW;COM;.DMD.;CHBPNGMX501;Com Space Heat New Boiler - BPN - GMX501;PJ;GW;DMD;-;;ANNUAL;0,00
COM-NewTechs_V02;RW;COM;.DMD.;CHBPNLPG201;Com Space Heat New Boiler - BPN - LPG201;PJ;GW;DMD;-;;ANNUAL;0,00
COM-NewTechs_V02;RW;COM;.DMD.;CHBPNLPG301;Com Space Heat New Boiler - BPN - LPG301;PJ;GW;DMD;-;;ANNUAL;0,00
COM-NewTechs_V02;RW;COM;.DMD.;CHBPNOIL201;Com Space Heat New Boiler - BPN - OIL201;PJ;GW;DMD;-;;ANNUAL;0,00
COM-NewTechs_V02;RW;COM;.DMD.;CHBPNOIL301;Com Space Heat New Boiler - BPN - OIL301;PJ;GW;DMD;-;;ANNUAL;0,00
COM-NewTechs_V02;RW;COM;.DMD.;CHBPNOIL401;Com Space Heat New Boiler - BPN - OIL401;PJ;GW;DMD;-;;ANNUAL;0,00
COM-NewTechs_V02;RW;COM;.DMD.;CWBANPEL101;Com Water Heat New Boiler - BAN - PEL101;PJ;GW;DMD;-;;ANNUAL;0,00
COM-NewTechs_V02;RW;COM;.DMD.;CHBPNPEL101;Com Space Heat New Boiler - BPN - PEL101;PJ;GW;DMD;-;;ANNUAL;0,00
COM-NewTechs_V02;RW;COM;.DMD.;CHBPNGEO101;Com Space Heat New FC - BPN - GEO101;PJ;GW;DMD;-;;ANNUAL;0,00
COM-NewTechs_V02;RW;COM;.DMD.;CHBPNLTH101;Com Space Heat New Heat Exchanger - BPN - HET101;PJ;GW;DMD;-;;ANNUAL;0,00
COM-NewTechs_V02;RW;COM;.DMD.;CHBPNELCHP201;Com Space Heat New Heat pump - BPN - ELC201;PJ;GW;DMD;-;;ANNUAL;0,00
COM-NewTechs_V02;RW;COM;.DMD.;CHBPNELCHP301;Com Space Heat New Heat pump - BPN - ELC301;PJ;GW;DMD;-;;ANNUAL;0,00
COM-NewTechs_V02;RW;COM;.DMD.;CHBPNELCHP302;Com Space Heat New Heat pump - BPN - ELC302;PJ;GW;DMD;-;;ANNUAL;0,00
COM-NewTechs_V02;RW;COM;.DMD.;CHBPNELCHP401;Com Space Heat New Heat pump - BPN - ELC401;PJ;GW;DMD;-;;ANNUAL;0,00
COM-NewTechs_V02;RW;COM;.DMD.;CHBPNELCHP402;Com Space Heat New Heat pump - BPN - ELC402;PJ;GW;DMD;-;;ANNUAL;0,00
COM-NewTechs_V02;RW;COM;.DMD.;CHBPNGMXHP201;Com Space Heat New Heat Pump - BPN - GMX201;PJ;GW;DMD;-;;ANNUAL;0,00
COM-NewTechs_V02;RW;COM;.DMD.;CHBPNGMXHP202;Com Space Heat New Heat Pump - BPN - GMX202;PJ;GW;DMD;-;;ANNUAL;0,00
COM-NewTechs_V02;RW;COM;.DMD.;CWBANOIL101;Com Water Heat New Boiler - BAN - OIL101;PJ;GW;DMD;-;;ANNUAL;0,00
COM-NewTechs_V02;RW;COM;.DMD.;CHBPNLPGHP202;Com Space Heat New Heat Pump - BPN - LPG202;PJ;GW;DMD;-;;ANNUAL;0,00
COM-NewTechs_V02;RW;COM;.DMD.;CHBPNELCHPR201;Com Space Heat New Heat Pump With reno - BPN - ELC201;PJ;GW;DMD;-;;ANNUAL;0,00
COM-NewTechs_V02;RW;COM;.DMD.;CHBPNELCHPR202;Com Space Heat New Heat Pump With reno - BPN - ELC202;PJ;GW;DMD;-;;ANNUAL;0,00
COM-NewTechs_V02;RW;COM;.DMD.;CHBPNELCHPR301;Com Space Heat New Heat Pump With reno - BPN - ELC301;PJ;GW;DMD;-;;ANNUAL;0,00
COM-NewTechs_V02;RW;COM;.DMD.;CHBPNELCHPR302;Com Space Heat New Heat Pump With reno - BPN - ELC302;PJ;GW;DMD;-;;ANNUAL;0,00
COM-NewTechs_V02;RW;COM;.DMD.;CHBPNELCHPR401;Com Space Heat New Heat Pump With reno - BPN - ELC401;PJ;GW;DMD;-;;ANNUAL;0,00
COM-NewTechs_V02;RW;COM;.DMD.;CHBPNELCHPR402;Com Space Heat New Heat Pump With reno - BPN - ELC402;PJ;GW;DMD;-;;ANNUAL;0,00
COM-NewTechs_V02;RW;COM;.DMD.;CCCONGMXHP101;Com Space Cool New - CON - GMX101;PJ;GW;DMD;-;;ANNUAL;0,00
COM-NewTechs_V02;RW;COM;.DMD.;CHCONCPS101;Com Space Heat New Boiler - CON - CPS101;PJ;GW;DMD;-;;ANNUAL;0,00
COM-NewTechs_V02;RW;COM;.DMD.;CHCONELC101;Com Space Heat New Boiler - CON - ELC101;PJ;GW;DMD;-;;ANNUAL;0,00
COM-NewTechs_V02;RW;COM;.DMD.;CHCONELC201;Com Space Heat New Boiler - CON - ELC201;PJ;GW;DMD;-;;ANNUAL;0,00
COM-NewTechs_V02;RW;COM;.DMD.;CHCONGMX201;Com Space Heat New Boiler - CON - GMX201;PJ;GW;DMD;-;;ANNUAL;0,00
COM-NewTechs_V02;RW;COM;.DMD.;CHCONGMX301;Com Space Heat New Boiler - CON - GMX301;PJ;GW;DMD;-;;ANNUAL;0,00
COM-NewTechs_V02;RW;COM;.DMD.;CHCONGMX401;Com Space Heat New Boiler - CON - GMX401;PJ;GW;DMD;-;;ANNUAL;0,00
COM-NewTechs_V02;RW;COM;.DMD.;CHCONGMX501;Com Space Heat New Boiler - CON - GMX501;PJ;GW;DMD;-;;ANNUAL;0,00
COM-NewTechs_V02;RW;COM;.DMD.;CHCONLPG201;Com Space Heat New Boiler - CON - LPG201;PJ;GW;DMD;-;;ANNUAL;0,00
COM-NewTechs_V02;RW;COM;.DMD.;CHCONLPG301;Com Space Heat New Boiler - CON - LPG301;PJ;GW;DMD;-;;ANNUAL;0,00
COM-NewTechs_V02;RW;COM;.DMD.;CHCONOIL201;Com Space Heat New Boiler - CON - OIL201;PJ;GW;DMD;-;;ANNUAL;0,00
COM-NewTechs_V02;RW;COM;.DMD.;CHCONOIL301;Com Space Heat New Boiler - CON - OIL301;PJ;GW;DMD;-;;ANNUAL;0,00
COM-NewTechs_V02;RW;COM;.DMD.;CHCONOIL401;Com Space Heat New Boiler - CON - OIL401;PJ;GW;DMD;-;;ANNUAL;0,00
COM-NewTechs_V02;RW;COM;.DMD.;CHCONPEL101;Com Space Heat New Boiler - CON - PEL101;PJ;GW;DMD;-;;ANNUAL;0,00
COM-NewTechs_V02;RW;COM;.DMD.;CHCONGEO101;Com Space Heat New FC - CON - GEO101;PJ;GW;DMD;-;;ANNUAL;0,00
COM-NewTechs_V02;RW;COM;.DMD.;CHCONLTH101;Com Space Heat New Heat Exchanger - CON - HET101;PJ;GW;DMD;-;;ANNUAL;0,00
COM-NewTechs_V02;RW;COM;.DMD.;CHCONELCHP201;Com Space Heat New Heat Pump - CO - ELC201;PJ;GW;DMD;-;;ANNUAL;0,00
COM-NewTechs_V02;RW;COM;.DMD.;CHCONELCHP202;Com Space Heat New Heat Pump - CO - ELC202;PJ;GW;DMD;-;;ANNUAL;0,00
COM-NewTechs_V02;RW;COM;.DMD.;CHCONELCHP301;Com Space Heat New Heat Pump - CO - ELC301;PJ;GW;DMD;-;;ANNUAL;0,00
COM-NewTechs_V02;RW;COM;.DMD.;CHCONELCHP302;Com Space Heat New Heat Pump - CO - ELC302;PJ;GW;DMD;-;;ANNUAL;0,00
COM-NewTechs_V02;RW;COM;.DMD.;CHCONELCHP401;Com Space Heat New Heat Pump - CO - ELC401;PJ;GW;DMD;-;;ANNUAL;0,00
COM-NewTechs_V02;RW;COM;.DMD.;CHCONELCHP402;Com Space Heat New Heat Pump - CO - ELC402;PJ;GW;DMD;-;;ANNUAL;0,00
COM-NewTechs_V02;RW;COM;.DMD.;CHCONGMXHP201;Com Space Heat New Heat Pump - CON - GMX201;PJ;GW;DMD;-;;ANNUAL;0,00
COM-NewTechs_V02;RW;COM;.DMD.;CHCONGMXHP202;Com Space Heat New Heat Pump - CON - GMX202;PJ;GW;DMD;-;;ANNUAL;0,00
COM-NewTechs_V02;RW;COM;.DMD.;CHCONLPGHP202;Com Space Heat New Heat Pump - CON - LPG202;PJ;GW;DMD;-;;ANNUAL;0,00
COM-NewTechs_V02;RW;COM;.DMD.;CHCONELCHPR201;Com Space Heat New Heat Pump with reno - CO - ELC201;PJ;GW;DMD;-;;ANNUAL;0,00
COM-NewTechs_V02;RW;COM;.DMD.;CHCONELCHPR202;Com Space Heat New Heat Pump With Reno - CO - ELC202;PJ;GW;DMD;-;;ANNUAL;0,00
COM-NewTechs_V02;RW;COM;.DMD.;CWCONOIL101;Com Water Heat New Boiler - CON - OIL101;PJ;GW;DMD;-;;ANNUAL;0,00
COM-NewTechs_V02;RW;COM;.DMD.;CWCONPEL101;Com Water Heat New Boiler - CON - PEL101;PJ;GW;DMD;-;;ANNUAL;0,00
COM-NewTechs_V02;RW;COM;.DMD.;CWCONSOL101;Com Water Heat New Boiler - CON - SOL101;PJ;GW;DMD;-;;ANNUAL;0,00
COM-NewTechs_V02;RW;COM;.DMD.;CWCONSOLE101;Com Water Heat New Boiler with back up - CON - ELC101;PJ;GW;DMD;-;;ANNUAL;0,00
COM-NewTechs_V02;RW;COM;.DMD.;CWCONSOLG101;Com Water Heat New Boiler with back up - CON - GMX101;PJ;GW;DMD;-;;ANNUAL;0,00
COM-NewTechs_V02;RW;COM;.DMD.;CWCONSOLD101;Com Water Heat New Boiler with back up - CON - OIL101;PJ;GW;DMD;-;;ANNUAL;0,00
COM-NewTechs_V02;RW;COM;.DMD.;CCCSNELC201;Com Space Cool New - CSN - ELC201;PJ;GW;DMD;-;;ANNUAL;0,00
COM-NewTechs_V02;RW;COM;.DMD.;CCCSNELC301;Com Space Cool New - CSN - ELC301;PJ;GW;DMD;-;;ANNUAL;0,00
COM-NewTechs_V02;RW;COM;.DMD.;CCCSNELC401;Com Space Cool New - CSN - ELC401;PJ;GW;DMD;-;;ANNUAL;0,00
COM-NewTechs_V02;RW;COM;.DMD.;CCCSNGMXHP101;Com Space Cool New - CSN - GMX101;PJ;GW;DMD;-;;ANNUAL;0,00
COM-NewTechs_V02;RW;COM;.DMD.;CHCSNGMX501;Com Space Heat New Boiler - CON - GMX501;PJ;GW;DMD;-;;ANNUAL;0,00
COM-NewTechs_V02;RW;COM;.DMD.;CHCSNCPS101;Com Space Heat New Boiler - CSN - CPS101;PJ;GW;DMD;-;;ANNUAL;0,00
COM-NewTechs_V02;RW;COM;.DMD.;CHCSNELC101;Com Space Heat New Boiler - CSN - ELC101;PJ;GW;DMD;-;;ANNUAL;0,00
COM-NewTechs_V02;RW;COM;.DMD.;CHCSNELC201;Com Space Heat New Boiler - CSN - ELC201;PJ;GW;DMD;-;;ANNUAL;0,00
COM-NewTechs_V02;RW;COM;.DMD.;CHCSNGMX301;Com Space Heat New Boiler - CSN - GMX301;PJ;GW;DMD;-;;ANNUAL;0,00
COM-NewTechs_V02;RW;COM;.DMD.;CHCSNGMX401;Com Space Heat New Boiler - CSN - GMX401;PJ;GW;DMD;-;;ANNUAL;0,00
COM-NewTechs_V02;RW;COM;.DMD.;CHCSNLPG201;Com Space Heat New Boiler - CSN - LPG201;PJ;GW;DMD;-;;ANNUAL;0,00
COM-NewTechs_V02;RW;COM;.DMD.;CHCSNLPG301;Com Space Heat New Boiler - CSN - LPG301;PJ;GW;DMD;-;;ANNUAL;0,00
COM-NewTechs_V02;RW;COM;.DMD.;CHCSNOIL201;Com Space Heat New Boiler - CSN - OIL201;PJ;GW;DMD;-;;ANNUAL;0,00
COM-NewTechs_V02;RW;COM;.DMD.;CHCSNOIL301;Com Space Heat New Boiler - CSN - OIL301;PJ;GW;DMD;-;;ANNUAL;0,00
COM-NewTechs_V02;RW;COM;.DMD.;CHCSNOIL401;Com Space Heat New Boiler - CSN - OIL401;PJ;GW;DMD;-;;ANNUAL;0,00
COM-NewTechs_V02;RW;COM;.DMD.;CHCSNPEL101;Com Space Heat New Boiler - CSN - PEL101;PJ;GW;DMD;-;;ANNUAL;0,00
COM-NewTechs_V02;RW;COM;.DMD.;CHCSNGEO101;Com Space Heat New FC - CSN - GEO101;PJ;GW;DMD;-;;ANNUAL;0,00
COM-NewTechs_V02;RW;COM;.DMD.;CHCSNLTH101;Com Space Heat New Heat Exchanger - CSN - HET101;PJ;GW;DMD;-;;ANNUAL;0,00
COM-NewTechs_V02;RW;COM;.DMD.;CHCSNELCHP201;Com Space Heat New heat pump - CSN - ELC201;PJ;GW;DMD;-;;ANNUAL;0,00
COM-NewTechs_V02;RW;COM;.DMD.;CHCSNELCHP202;Com Space Heat New heat pump - CSN - ELC202;PJ;GW;DMD;-;;ANNUAL;0,00
COM-NewTechs_V02;RW;COM;.DMD.;CHCSNELCHP301;Com Space Heat New heat pump - CSN - ELC301;PJ;GW;DMD;-;;ANNUAL;0,00
COM-NewTechs_V02;RW;COM;.DMD.;CHCSNELCHP302;Com Space Heat New heat pump - CSN - ELC302;PJ;GW;DMD;-;;ANNUAL;0,00
COM-NewTechs_V02;RW;COM;.DMD.;CHCSNELCHP401;Com Space Heat New heat pump - CSN - ELC401;PJ;GW;DMD;-;;ANNUAL;0,00
COM-NewTechs_V02;RW;COM;.DMD.;CHCSNELCHP402;Com Space Heat New heat pump - CSN - ELC402;PJ;GW;DMD;-;;ANNUAL;0,00
COM-NewTechs_V02;RW;COM;.DMD.;CHCSNGMXHP201;Com Space Heat New Heat Pump - CSN - GMX201;PJ;GW;DMD;-;;ANNUAL;0,00
COM-NewTechs_V02;RW;COM;.DMD.;CHCSNGMXHP202;Com Space Heat New Heat Pump - CSN - GMX202;PJ;GW;DMD;-;;ANNUAL;0,00
COM-NewTechs_V02;RW;COM;.DMD.;CHCSNLPGHP202;Com Space Heat New Heat Pump - CSN - LPG202;PJ;GW;DMD;-;;ANNUAL;0,00
COM-NewTechs_V02;RW;COM;.DMD.;CHCSNELCHPELC201;Com Space Heat New heat pump with réno - CSN - ELC201;PJ;GW;DMD;-;;ANNUAL;0,00
COM-NewTechs_V02;RW;COM;.DMD.;CHCSNELCHPELC202;Com Space Heat New heat pump with réno - CSN - ELC202;PJ;GW;DMD;-;;ANNUAL;0,00
COM-NewTechs_V02;RW;COM;.DMD.;CHCSNELCHPELC301;Com Space Heat New heat pump with réno - CSN - ELC301;PJ;GW;DMD;-;;ANNUAL;0,00
COM-NewTechs_V02;RW;COM;.DMD.;CHCSNELCHPELC302;Com Space Heat New heat pump with réno - CSN - ELC302;PJ;GW;DMD;-;;ANNUAL;0,00
COM-NewTechs_V02;RW;COM;.DMD.;CHCSNELCHPELC401;Com Space Heat New heat pump with réno - CSN - ELC401;PJ;GW;DMD;-;;ANNUAL;0,00
COM-NewTechs_V02;RW;COM;.DMD.;CHCSNELCHPELC402;Com Space Heat New heat pump with réno - CSN - ELC402;PJ;GW;DMD;-;;ANNUAL;0,00
COM-NewTechs_V02;RW;COM;.DMD.;CWCSNELCHP201;Com Water Heat New Boiler - CSN - ELC201;PJ;GW;DMD;-;;ANNUAL;0,00
COM-NewTechs_V02;RW;COM;.DMD.;CWCSNGEO101;Com Water Heat New Boiler - CSN - GEO101;PJ;GW;DMD;-;;ANNUAL;0,00
COM-NewTechs_V02;RW;COM;.DMD.;CWCSNGMX101;Com Water Heat New Boiler - CSN - GMX101;PJ;GW;DMD;-;;ANNUAL;0,00
COM-NewTechs_V02;RW;COM;.DMD.;CWCSNLPG101;Com Water Heat New Boiler - CSN - LPG101;PJ;GW;DMD;-;;ANNUAL;0,00
COM-NewTechs_V02;RW;COM;.DMD.;CWCSNOIL101;Com Water Heat New Boiler - CSN - OIL101;PJ;GW;DMD;-;;ANNUAL;0,00
COM-NewTechs_V02;RW;COM;.DMD.;CWCSNPEL101;Com Water Heat New Boiler - CSN - PEL101;PJ;GW;DMD;-;;ANNUAL;0,00
COM-NewTechs_V02;RW;COM;.DMD.;CWCSNSOL101;Com Water Heat New Boiler - CSN - SOL101;PJ;GW;DMD;-;;ANNUAL;0,00
COM-NewTechs_V02;RW;COM;.DMD.;CWCSNSOLE101;Com Water Heat New Boiler with back up - CSN - ELC101;PJ;GW;DMD;-;;ANNUAL;0,00
COM-NewTechs_V02;RW;COM;.DMD.;CWCSNSOLG101;Com Water Heat New Boiler with back up - CSN - GMX101;PJ;GW;DMD;-;;ANNUAL;0,00
COM-NewTechs_V02;RW;COM;.DMD.;CWCSNSOLD101;Com Water Heat New Boiler with back up - CSN - OIL101;PJ;GW;DMD;-;;ANNUAL;0,00
COM-NewTechs_V02;RW;COM;.DMD.;CCDATANELC101;Com Space Cool New - DATAN - ELC101;PJ;GW;DMD;-;;ANNUAL;0,00
COM-NewTechs_V02;RW;COM;.DMD.;CCDATANELCHP101;Com Space Cool New - DATAN - ELC101;PJ;GW;DMD;-;;ANNUAL;0,00
COM-NewTechs_V02;RW;COM;.DMD.;CCDATANELC201;Com Space Cool New - DATAN - ELC201;PJ;GW;DMD;-;;ANNUAL;0,00
COM-NewTechs_V02;RW;COM;.DMD.;CCDATANELC301;Com Space Cool New - DATAN - ELC301;PJ;GW;DMD;-;;ANNUAL;0,00
COM-NewTechs_V02;RW;COM;.DMD.;CCDATANELC401;Com Space Cool New - DATAN - ELC401;PJ;GW;DMD;-;;ANNUAL;0,00
COM-NewTechs_V02;RW;COM;.DMD.;CCDATANGMXHP101;Com Space Cool New - DATAN - GMX101;PJ;GW;DMD;-;;ANNUAL;0,00
COM-NewTechs_V02;RW;COM;.DMD.;CHDATANCPS101;Com Space Heat New Boiler - DATAN - CPS101;PJ;GW;DMD;-;;ANNUAL;0,00
COM-NewTechs_V02;RW;COM;.DMD.;CHDATANELC101;Com Space Heat New Boiler - DATAN - ELC101;PJ;GW;DMD;-;;ANNUAL;0,00
COM-NewTechs_V02;RW;COM;.DMD.;CHDATANELC201;Com Space Heat New Boiler - DATAN - ELC201;PJ;GW;DMD;-;;ANNUAL;0,00
COM-NewTechs_V02;RW;COM;.DMD.;CHDATANGMX201;Com Space Heat New Boiler - DATAN - GMX201;PJ;GW;DMD;-;;ANNUAL;0,00
COM-NewTechs_V02;RW;COM;.DMD.;CHDATANGMX301;Com Space Heat New Boiler - DATAN - GMX301;PJ;GW;DMD;-;;ANNUAL;0,00
COM-NewTechs_V02;RW;COM;.DMD.;CHDATANGMX401;Com Space Heat New Boiler - DATAN - GMX401;PJ;GW;DMD;-;;ANNUAL;0,00
COM-NewTechs_V02;RW;COM;.DMD.;CHDATANGMX501;Com Space Heat New Boiler - DATAN - GMX501;PJ;GW;DMD;-;;ANNUAL;0,00
COM-NewTechs_V02;RW;COM;.DMD.;CHDATANLPG201;Com Space Heat New Boiler - DATAN - LPG201;PJ;GW;DMD;-;;ANNUAL;0,00
COM-NewTechs_V02;RW;COM;.DMD.;CHDATANLPG301;Com Space Heat New Boiler - DATAN - LPG301;PJ;GW;DMD;-;;ANNUAL;0,00
COM-NewTechs_V02;RW;COM;.DMD.;CHDATANOIL301;Com Space Heat New Boiler - DATAN - OIL301;PJ;GW;DMD;-;;ANNUAL;0,00
COM-NewTechs_V02;RW;COM;.DMD.;CHDATANOIL401;Com Space Heat New Boiler - DATAN - OIL401;PJ;GW;DMD;-;;ANNUAL;0,00
COM-NewTechs_V02;RW;COM;.DMD.;CHDATANGEO101;Com Space Heat New FC - DATAN - GEO101;PJ;GW;DMD;-;;ANNUAL;0,00
COM-NewTechs_V02;RW;COM;.DMD.;CHDATANLTH101;Com Space Heat New Heat Exchanger - DATAN - HET101;PJ;GW;DMD;-;;ANNUAL;0,00
COM-NewTechs_V02;RW;COM;.DMD.;CHDATANELCHP201;Com Space Heat New Heat pump - DATAN - ELC201;PJ;GW;DMD;-;;ANNUAL;0,00
COM-NewTechs_V02;RW;COM;.DMD.;CHDATANELCHP202;Com Space Heat New Heat pump - DATAN - ELC202;PJ;GW;DMD;-;;ANNUAL;0,00
COM-NewTechs_V02;RW;COM;.DMD.;CHDATANELCHP301;Com Space Heat New Heat pump - DATAN - ELC301;PJ;GW;DMD;-;;ANNUAL;0,00
COM-NewTechs_V02;RW;COM;.DMD.;CHDATANELCHP302;Com Space Heat New Heat pump - DATAN - ELC302;PJ;GW;DMD;-;;ANNUAL;0,00
COM-NewTechs_V02;RW;COM;.DMD.;CHDATANELCHP401;Com Space Heat New Heat pump - DATAN - ELC401;PJ;GW;DMD;-;;ANNUAL;0,00
COM-NewTechs_V02;RW;COM;.DMD.;CHDATANELCHP402;Com Space Heat New Heat pump - DATAN - ELC402;PJ;GW;DMD;-;;ANNUAL;0,00
COM-NewTechs_V02;RW;COM;.DMD.;CHDATANGMXHP201;Com Space Heat New Heat Pump - DATAN - GMX201;PJ;GW;DMD;-;;ANNUAL;0,00
COM-NewTechs_V02;RW;COM;.DMD.;CHDATANGMXHP202;Com Space Heat New Heat Pump - DATAN - GMX202;PJ;GW;DMD;-;;ANNUAL;0,00
COM-NewTechs_V02;RW;COM;.DMD.;CHDATANLPGHP202;Com Space Heat New Heat Pump - DATAN - LPG202;PJ;GW;DMD;-;;ANNUAL;0,00
COM-NewTechs_V02;RW;COM;.DMD.;CHDATANELCHPR201;Com Space Heat New Heat Pump With reno - DATAN - ELC201;PJ;GW;DMD;-;;ANNUAL;0,00
COM-NewTechs_V02;RW;COM;.DMD.;CHDATANELCHPR202;Com Space Heat New Heat Pump With reno - DATAN - ELC202;PJ;GW;DMD;-;;ANNUAL;0,00
COM-NewTechs_V02;RW;COM;.DMD.;CHDATANELCHPR301;Com Space Heat New Heat Pump With reno - DATAN - ELC301;PJ;GW;DMD;-;;ANNUAL;0,00
COM-NewTechs_V02;RW;COM;.DMD.;CHDATANELCHPR302;Com Space Heat New Heat Pump With reno - DATAN - ELC302;PJ;GW;DMD;-;;ANNUAL;0,00
COM-NewTechs_V02;RW;COM;.DMD.;CHDATANELCHPR401;Com Space Heat New Heat Pump With reno - DATAN - ELC401;PJ;GW;DMD;-;;ANNUAL;0,00
COM-NewTechs_V02;RW;COM;.DMD.;CHDATANELCHPR402;Com Space Heat New Heat Pump With reno - DATAN - ELC402;PJ;GW;DMD;-;;ANNUAL;0,00
COM-NewTechs_V02;RW;COM;.DMD.;CWDATANELC101;Com Water Heat New Boiler - DATAN - ELC101;PJ;GW;DMD;-;;ANNUAL;0,00
COM-NewTechs_V02;RW;COM;.DMD.;CWDATANELCHP201;Com Water Heat New Boiler - DATAN - ELC201;PJ;GW;DMD;-;;ANNUAL;0,00
COM-NewTechs_V02;RW;COM;.DMD.;CWDATANGMX101;Com Water Heat New Boiler - DATAN - GMX101;PJ;GW;DMD;-;;ANNUAL;0,00
COM-NewTechs_V02;RW;COM;.DMD.;CWDATANOIL101;Com Water Heat New Boiler - DATAN - OIL101;PJ;GW;DMD;-;;ANNUAL;0,00
COM-NewTechs_V02;RW;COM;.DMD.;CWDATANPEL101;Com Water Heat New Boiler - DATAN - PEL101;PJ;GW;DMD;-;;ANNUAL;0,00
COM-NewTechs_V02;RW;COM;.DMD.;CWDATANSOLE101;Com Water Heat New Boiler with back up - DATAN - ELC101;PJ;GW;DMD;-;;ANNUAL;0,00
COM-NewTechs_V02;RW;COM;.DMD.;CWDATANSOLG101;Com Water Heat New Boiler with back up - DATAN - GMX101;PJ;GW;DMD;-;;ANNUAL;0,00
COM-NewTechs_V02;RW;COM;.DMD.;CWDATANSOLD101;Com Water Heat New Boiler with back up - DATAN - OIL101;PJ;GW;DMD;-;;ANNUAL;0,00
COM-NewTechs_V02;RW;COM;.DMD.;CHENNGMX501;Com Space Heat New Boiler - CON - GMX501;PJ;GW;DMD;-;;ANNUAL;0,00
COM-NewTechs_V02;RW;COM;.DMD.;CHENNCPS101;Com Space Heat New Boiler - ENN - CPS101;PJ;GW;DMD;-;;ANNUAL;0,00
COM-NewTechs_V02;RW;COM;.DMD.;CHENNELC101;Com Space Heat New Boiler - ENN - ELC101;PJ;GW;DMD;-;;ANNUAL;0,00
COM-NewTechs_V02;RW;COM;.DMD.;CHENNELC201;Com Space Heat New Boiler - ENN - ELC201;PJ;GW;DMD;-;;ANNUAL;0,00
COM-NewTechs_V02;RW;COM;.DMD.;CHENNGMX401;Com Space Heat New Boiler - ENN - GMX401;PJ;GW;DMD;-;;ANNUAL;0,00
COM-NewTechs_V02;RW;COM;.DMD.;CHENNLPG201;Com Space Heat New Boiler - ENN - LPG201;PJ;GW;DMD;-;;ANNUAL;0,00
COM-NewTechs_V02;RW;COM;.DMD.;CHENNLPG301;Com Space Heat New Boiler - ENN - LPG301;PJ;GW;DMD;-;;ANNUAL;0,00
COM-NewTechs_V02;RW;COM;.DMD.;CHENNOIL201;Com Space Heat New Boiler - ENN - OIL201;PJ;GW;DMD;-;;ANNUAL;0,00
COM-NewTechs_V02;RW;COM;.DMD.;CHENNOIL301;Com Space Heat New Boiler - ENN - OIL301;PJ;GW;DMD;-;;ANNUAL;0,00
COM-NewTechs_V02;RW;COM;.DMD.;CHENNOIL401;Com Space Heat New Boiler - ENN - OIL401;PJ;GW;DMD;-;;ANNUAL;0,00
COM-NewTechs_V02;RW;COM;.DMD.;CHENNPEL101;Com Space Heat New Boiler - ENN - PEL101;PJ;GW;DMD;-;;ANNUAL;0,00
COM-NewTechs_V02;RW;COM;.DMD.;CHENNLTH101;Com Space Heat New Heat Exchanger - ENN - HET101;PJ;GW;DMD;-;;ANNUAL;0,00
COM-NewTechs_V02;RW;COM;.DMD.;CHENNELCHP401;Com Space Heat New Heat pump - ENN - ELC401;PJ;GW;DMD;-;;ANNUAL;0,00
COM-NewTechs_V02;RW;COM;.DMD.;CHENNELCHP402;Com Space Heat New Heat pump - ENN - ELC402;PJ;GW;DMD;-;;ANNUAL;0,00
COM-NewTechs_V02;RW;COM;.DMD.;CHENNGMXHP201;Com Space Heat New Heat Pump - ENN - GMX201;PJ;GW;DMD;-;;ANNUAL;0,00
COM-NewTechs_V02;RW;COM;.DMD.;CHENNGMXHP202;Com Space Heat New Heat Pump - ENN - GMX202;PJ;GW;DMD;-;;ANNUAL;0,00
COM-NewTechs_V02;RW;COM;.DMD.;CHENNLPGHP202;Com Space Heat New Heat Pump - ENN - LPG202;PJ;GW;DMD;-;;ANNUAL;0,00
COM-NewTechs_V02;RW;COM;.DMD.;CHENNELCHPR201;Com Space Heat New Heat Pump With reno - ENN - ELC201;PJ;GW;DMD;-;;ANNUAL;0,00
COM-NewTechs_V02;RW;COM;.DMD.;CHENNELCHPR202;Com Space Heat New Heat Pump With reno - ENN - ELC202;PJ;GW;DMD;-;;ANNUAL;0,00
COM-NewTechs_V02;RW;COM;.DMD.;CHENNELCHPR301;Com Space Heat New Heat Pump With reno - ENN - ELC301;PJ;GW;DMD;-;;ANNUAL;0,00
COM-NewTechs_V02;RW;COM;.DMD.;CHENNELCHPR302;Com Space Heat New Heat Pump With reno - ENN - ELC302;PJ;GW;DMD;-;;ANNUAL;0,00
COM_Retrofits2;RW;COM;.PRE.;Retrofit-F_C_BP;Retrofit-F_C_BP;PJ;MM2;PRE;-;Retrofit-F_C_BP_NRGI;ANNUAL;0,00
COM_Retrofits2;RW;COM;.PRE.;Retrofit-F_C_CO;Retrofit-F_C_CO;PJ;MM2;PRE;-;Retrofit-F_C_CO_NRGI;ANNUAL;0,00
COM_Retrofits2;RW;COM;.PRE.;Retrofit-F_C_SA;Retrofit-F_C_SA;PJ;MM2;PRE;-;Retrofit-F_C_SA_NRGI;ANNUAL;0,00
COM_Retrofits2;RW;COM;.PRE.;Retrofit-M_C_BA;Retrofit-M_C_BA;PJ;MM2;PRE;-;Retrofit-M_C_BA_NRGI;ANNUAL;0,00
COM_Retrofits2;RW;COM;.PRE.;Retrofit-M_C_BP;Retrofit-M_C_BP;PJ;MM2;PRE;-;Retrofit-M_C_BP_NRGI;ANNUAL;0,00
COM_Retrofits2;RW;COM;.PRE.;Retrofit-M_C_CO;Retrofit-M_C_CO;PJ;MM2;PRE;-;Retrofit-M_C_CO_NRGI;ANNUAL;0,00
COM_Retrofits2;RW;COM;.PRE.;Retrofit-M_C_CS;Retrofit-M_C_CS;PJ;MM2;PRE;-;Retrofit-M_C_CS_NRGI;ANNUAL;0,00
COM_Retrofits2;RW;COM;.PRE.;Retrofit-M_C_EN;Retrofit-M_C_EN;PJ;MM2;PRE;-;Retrofit-M_C_EN_NRGI;ANNUAL;0,00
COM_Retrofits2;RW;COM;.PRE.;Retrofit-F_C_CS;Retrofit-F_C_CS;PJ;MM2;PRE;-;Retrofit-F_C_CS_NRGI;ANNUAL;0,00
COM_Retrofits2;RW;COM;.PRE.;Retrofit-M_C_SA;Retrofit-M_C_SA;PJ;MM2;PRE;-;Retrofit-M_C_SA_NRGI;ANNUAL;0,00
COM_Retrofits2;RW;COM;.PRE.;Retrofit-S_C_BA;Retrofit-S_C_BA;PJ;MM2;PRE;-;Retrofit-S_C_BA_NRGI;ANNUAL;0,00
COM_Retrofits2;RW;COM;.PRE.;Retrofit-S_C_BP;Retrofit-S_C_BP;PJ;MM2;PRE;-;Retrofit-S_C_BP_NRGI;ANNUAL;0,00
COM_Retrofits2;RW;COM;.PRE.;Retrofit-S_C_CO;Retrofit-S_C_CO;PJ;MM2;PRE;-;Retrofit-S_C_CO_NRGI;ANNUAL;0,00
COM_Retrofits2;RW;COM;.PRE.;Retrofit-S_C_CS;Retrofit-S_C_CS;PJ;MM2;PRE;-;Retrofit-S_C_CS_NRGI;ANNUAL;0,00
COM_Retrofits2;RW;COM;.PRE.;Retrofit-S_C_EN;Retrofit-S_C_EN;PJ;MM2;PRE;-;Retrofit-S_C_EN_NRGI;ANNUAL;0,00
COM_Retrofits2;RW;COM;.PRE.;Retrofit-S_C_SA;Retrofit-S_C_SA;PJ;MM2;PRE;-;Retrofit-S_C_SA_NRGI;ANNUAL;0,00
COM_Retrofits2;RW;COM;.PRE.;Retrofit-T_C_BA;Retrofit-T_C_BA;PJ;MM2;PRE;-;Retrofit-T_C_BA_NRGI;ANNUAL;0,00
COM_Retrofits2;RW;COM;.PRE.;Retrofit-T_C_BP;Retrofit-T_C_BP;PJ;MM2;PRE;-;Retrofit-T_C_BP_NRGI;ANNUAL;0,00
COM_Retrofits2;RW;COM;.PRE.;Retrofit-T_C_CO;Retrofit-T_C_CO;PJ;MM2;PRE;-;Retrofit-T_C_CO_NRGI;ANNUAL;0,00
RSD_Retrofits;RW;RSD;.PRE.;Retrofit-F_R_2Fac1945;Retrofit Fenetres Dwellings R_2Fac1945;PJ;MM2;PRE;-;Retrofit-F_R_2Fac1945_NRGI;ANNUAL;0,00
RSD_Retrofits;RW;RSD;.PRE.;Retrofit-F_R_2Fac1958;Retrofit Fenetres Dwellings R_2Fac1958;PJ;MM2;PRE;-;Retrofit-F_R_2Fac1958_NRGI;ANNUAL;0,00
RSD_Retrofits;RW;RSD;.PRE.;Retrofit-F_R_2Fac1976;Retrofit Fenetres Dwellings R_2Fac1976;PJ;MM2;PRE;-;Retrofit-F_R_2Fac1976_NRGI;ANNUAL;0,00
RSD_Retrofits;RW;RSD;.PRE.;Retrofit-F_R_2Fac1989;Retrofit Fenetres Dwellings R_2Fac1989;PJ;MM2;PRE;-;Retrofit-F_R_2Fac1989_NRGI;ANNUAL;0,00
RSD_Retrofits;RW;RSD;.PRE.;Retrofit-F_R_2Fac2005;Retrofit Fenetres Dwellings R_2Fac2005;PJ;MM2;PRE;-;Retrofit-F_R_2Fac2005_NRGI;ANNUAL;0,00
RSD_Retrofits;RW;RSD;.PRE.;Retrofit-F_R_3Fac1945;Retrofit Fenetres Dwellings R_3Fac1945;PJ;MM2;PRE;-;Retrofit-F_R_3Fac1945_NRGI;ANNUAL;0,00
RSD_Retrofits;RW;RSD;.PRE.;Retrofit-F_R_3Fac1958;Retrofit Fenetres Dwellings R_3Fac1958;PJ;MM2;PRE;-;Retrofit-F_R_3Fac1958_NRGI;ANNUAL;0,00
RSD_Retrofits;RW;RSD;.PRE.;Retrofit-F_R_3Fac1976;Retrofit Fenetres Dwellings R_3Fac1976;PJ;MM2;PRE;-;Retrofit-F_R_3Fac1976_NRGI;ANNUAL;0,00
RSD_Retrofits;RW;RSD;.PRE.;Retrofit-F_R_3Fac1989;Retrofit Fenetres Dwellings R_3Fac1989;PJ;MM2;PRE;-;Retrofit-F_R_3Fac1989_NRGI;ANNUAL;0,00
RSD_Retrofits;RW;RSD;.PRE.;Retrofit-F_R_3Fac2005;Retrofit Fenetres Dwellings R_3Fac2005;PJ;MM2;PRE;-;Retrofit-F_R_3Fac2005_NRGI;ANNUAL;0,00
RSD_Retrofits;RW;RSD;.PRE.;Retrofit-F_R_4Fac1945;Retrofit Fenetres Dwellings R_4Fac1945;PJ;MM2;PRE;-;Retrofit-F_R_4Fac1945_NRGI;ANNUAL;0,00
RSD_Retrofits;RW;RSD;.PRE.;Retrofit-F_R_4Fac1958;Retrofit Fenetres Dwellings R_4Fac1958;PJ;MM2;PRE;-;Retrofit-F_R_4Fac1958_NRGI;ANNUAL;0,00
RSD_Retrofits;RW;RSD;.PRE.;Retrofit-F_R_4Fac1976;Retrofit Fenetres Dwellings R_4Fac1976;PJ;MM2;PRE;-;Retrofit-F_R_4Fac1976_NRGI;ANNUAL;0,00
RSD_Retrofits;RW;RSD;.PRE.;Retrofit-F_R_4Fac1989;Retrofit Fenetres Dwellings R_4Fac1989;PJ;MM2;PRE;-;Retrofit-F_R_4Fac1989_NRGI;ANNUAL;0,00
RSD_Retrofits;RW;RSD;.PRE.;Retrofit-F_R_4Fac2005;Retrofit Fenetres Dwellings R_4Fac2005;PJ;MM2;PRE;-;Retrofit-F_R_4Fac2005_NRGI;ANNUAL;0,00
RSD_Retrofits;RW;RSD;.PRE.;Retrofit-F_R_Appa1945;Retrofit Fenetres Dwellings R_Appa1945;PJ;MM2;PRE;-;Retrofit-F_R_Appa1945_NRGI;ANNUAL;0,00
RSD_Retrofits;RW;RSD;.PRE.;Retrofit-F_R_Appa1958;Retrofit Fenetres Dwellings R_Appa1958;PJ;MM2;PRE;-;Retrofit-F_R_Appa1958_NRGI;ANNUAL;0,00
RSD_Retrofits;RW;RSD;.PRE.;Retrofit-F_R_Appa1976;Retrofit Fenetres Dwellings R_Appa1976;PJ;MM2;PRE;-;Retrofit-F_R_Appa1976_NRGI;ANNUAL;0,00
RSD_Retrofits;RW;RSD;.PRE.;Retrofit-F_R_Appa1989;Retrofit Fenetres Dwellings R_Appa1989;PJ;MM2;PRE;-;Retrofit-F_R_Appa1989_NRGI;ANNUAL;0,00
RSD_Retrofits;RW;RSD;.PRE.;Retrofit-F_R_Appa2005;Retrofit Fenetres Dwellings R_Appa2005;PJ;MM2;PRE;-;Retrofit-F_R_Appa2005_NRGI;ANNUAL;0,00
RSD_Retrofits;RW;RSD;.PRE.;Retrofit-M_R_2Fac1945;Retrofit Murs Dwellings R_2Fac1945;PJ;MM2;PRE;-;Retrofit-M_R_2Fac1945_NRGI;ANNUAL;0,00
RSD_Retrofits;RW;RSD;.PRE.;Retrofit-M_R_2Fac1958;Retrofit Murs Dwellings R_2Fac1958;PJ;MM2;PRE;-;Retrofit-M_R_2Fac1958_NRGI;ANNUAL;0,00
RSD_Retrofits;RW;RSD;.PRE.;Retrofit-M_R_2Fac1976;Retrofit Murs Dwellings R_2Fac1976;PJ;MM2;PRE;-;Retrofit-M_R_2Fac1976_NRGI;ANNUAL;0,00
RSD_Retrofits;RW;RSD;.PRE.;Retrofit-M_R_2Fac1989;Retrofit Murs Dwellings R_2Fac1989;PJ;MM2;PRE;-;Retrofit-M_R_2Fac1989_NRGI;ANNUAL;0,00
RSD_Retrofits;RW;RSD;.PRE.;Retrofit-M_R_2Fac2005;Retrofit Murs Dwellings R_2Fac2005;PJ;MM2;PRE;-;Retrofit-M_R_2Fac2005_NRGI;ANNUAL;0,00
RSD_Retrofits;RW;RSD;.PRE.;Retrofit-M_R_3Fac1945;Retrofit Murs Dwellings R_3Fac1945;PJ;MM2;PRE;-;Retrofit-M_R_3Fac1945_NRGI;ANNUAL;0,00
RSD_Retrofits;RW;RSD;.PRE.;Retrofit-M_R_3Fac1958;Retrofit Murs Dwellings R_3Fac1958;PJ;MM2;PRE;-;Retrofit-M_R_3Fac1958_NRGI;ANNUAL;0,00
RSD_Retrofits;RW;RSD;.PRE.;Retrofit-M_R_3Fac1976;Retrofit Murs Dwellings R_3Fac1976;PJ;MM2;PRE;-;Retrofit-M_R_3Fac1976_NRGI;ANNUAL;0,00
RSD_Retrofits;RW;RSD;.PRE.;Retrofit-M_R_3Fac1989;Retrofit Murs Dwellings R_3Fac1989;PJ;MM2;PRE;-;Retrofit-M_R_3Fac1989_NRGI;ANNUAL;0,00
RSD_Retrofits;RW;RSD;.PRE.;Retrofit-M_R_3Fac2005;Retrofit Murs Dwellings R_3Fac2005;PJ;MM2;PRE;-;Retrofit-M_R_3Fac2005_NRGI;ANNUAL;0,00
RSD_Retrofits;RW;RSD;.PRE.;Retrofit-M_R_4Fac1945;Retrofit Murs Dwellings R_4Fac1945;PJ;MM2;PRE;-;Retrofit-M_R_4Fac1945_NRGI;ANNUAL;0,00
RSD_Retrofits;RW;RSD;.PRE.;Retrofit-M_R_4Fac1958;Retrofit Murs Dwellings R_4Fac1958;PJ;MM2;PRE;-;Retrofit-M_R_4Fac1958_NRGI;ANNUAL;0,00
RSD_Retrofits;RW;RSD;.PRE.;Retrofit-M_R_4Fac1976;Retrofit Murs Dwellings R_4Fac1976;PJ;MM2;PRE;-;Retrofit-M_R_4Fac1976_NRGI;ANNUAL;0,00
RSD_Retrofits;RW;RSD;.PRE.;Retrofit-M_R_4Fac1989;Retrofit Murs Dwellings R_4Fac1989;PJ;MM2;PRE;-;Retrofit-M_R_4Fac1989_NRGI;ANNUAL;0,00
RSD_Retrofits;RW;RSD;.PRE.;Retrofit-M_R_4Fac2005;Retrofit Murs Dwellings R_4Fac2005;PJ;MM2;PRE;-;Retrofit-M_R_4Fac2005_NRGI;ANNUAL;0,00
RSD_Retrofits;RW;RSD;.PRE.;Retrofit-M_R_Appa1945;Retrofit Murs Dwellings R_Appa1945;PJ;MM2;PRE;-;Retrofit-M_R_Appa1945_NRGI;ANNUAL;0,00
RSD_Retrofits;RW;RSD;.PRE.;Retrofit-M_R_Appa1958;Retrofit Murs Dwellings R_Appa1958;PJ;MM2;PRE;-;Retrofit-M_R_Appa1958_NRGI;ANNUAL;0,00
RSD_Retrofits;RW;RSD;.PRE.;Retrofit-M_R_Appa1976;Retrofit Murs Dwellings R_Appa1976;PJ;MM2;PRE;-;Retrofit-M_R_Appa1976_NRGI;ANNUAL;0,00
RSD_Retrofits;RW;RSD;.PRE.;Retrofit-M_R_Appa1989;Retrofit Murs Dwellings R_Appa1989;PJ;MM2;PRE;-;Retrofit-M_R_Appa1989_NRGI;ANNUAL;0,00
RSD_Retrofits;RW;RSD;.PRE.;Retrofit-M_R_Appa2005;Retrofit Murs Dwellings R_Appa2005;PJ;MM2;PRE;-;Retrofit-M_R_Appa2005_NRGI;ANNUAL;0,00
COM_Retrofits2;RW;COM;.PRE.;Retrofit-T_C_EN;Retrofit-T_C_EN;PJ;MM2;PRE;-;Retrofit-T_C_EN_NRGI;ANNUAL;0,00
RSD_Retrofits;RW;RSD;.PRE.;Retrofit-S_R_2Fac1945;Retrofit Sols Dwellings R_2Fac1945;PJ;MM2;PRE;-;Retrofit-S_R_2Fac1945_NRGI;ANNUAL;0,00
RSD_Retrofits;RW;RSD;.PRE.;Retrofit-S_R_2Fac1958;Retrofit Sols Dwellings R_2Fac1958;PJ;MM2;PRE;-;Retrofit-S_R_2Fac1958_NRGI;ANNUAL;0,00
RSD_Retrofits;RW;RSD;.PRE.;Retrofit-S_R_2Fac1976;Retrofit Sols Dwellings R_2Fac1976;PJ;MM2;PRE;-;Retrofit-S_R_2Fac1976_NRGI;ANNUAL;0,00
RSD_Retrofits;RW;RSD;.PRE.;Retrofit-S_R_2Fac1989;Retrofit Sols Dwellings R_2Fac1989;PJ;MM2;PRE;-;Retrofit-S_R_2Fac1989_NRGI;ANNUAL;0,00
RSD_Retrofits;RW;RSD;.PRE.;Retrofit-S_R_2Fac2005;Retrofit Sols Dwellings R_2Fac2005;PJ;MM2;PRE;-;Retrofit-S_R_2Fac2005_NRGI;ANNUAL;0,00
RSD_Retrofits;RW;RSD;.PRE.;Retrofit-S_R_3Fac1945;Retrofit Sols Dwellings R_3Fac1945;PJ;MM2;PRE;-;Retrofit-S_R_3Fac1945_NRGI;ANNUAL;0,00
RSD_Retrofits;RW;RSD;.PRE.;Retrofit-S_R_3Fac1958;Retrofit Sols Dwellings R_3Fac1958;PJ;MM2;PRE;-;Retrofit-S_R_3Fac1958_NRGI;ANNUAL;0,00
RSD_Retrofits;RW;RSD;.PRE.;Retrofit-S_R_3Fac1976;Retrofit Sols Dwellings R_3Fac1976;PJ;MM2;PRE;-;Retrofit-S_R_3Fac1976_NRGI;ANNUAL;0,00
RSD_Retrofits;RW;RSD;.PRE.;Retrofit-S_R_3Fac1989;Retrofit Sols Dwellings R_3Fac1989;PJ;MM2;PRE;-;Retrofit-S_R_3Fac1989_NRGI;ANNUAL;0,00
RSD_Retrofits;RW;RSD;.PRE.;Retrofit-S_R_3Fac2005;Retrofit Sols Dwellings R_3Fac2005;PJ;MM2;PRE;-;Retrofit-S_R_3Fac2005_NRGI;ANNUAL;0,00
RSD_Retrofits;RW;RSD;.PRE.;Retrofit-S_R_4Fac1945;Retrofit Sols Dwellings R_4Fac1945;PJ;MM2;PRE;-;Retrofit-S_R_4Fac1945_NRGI;ANNUAL;0,00
RSD_Retrofits;RW;RSD;.PRE.;Retrofit-S_R_4Fac1958;Retrofit Sols Dwellings R_4Fac1958;PJ;MM2;PRE;-;Retrofit-S_R_4Fac1958_NRGI;ANNUAL;0,00
RSD_Retrofits;RW;RSD;.PRE.;Retrofit-S_R_4Fac1976;Retrofit Sols Dwellings R_4Fac1976;PJ;MM2;PRE;-;Retrofit-S_R_4Fac1976_NRGI;ANNUAL;0,00
RSD_Retrofits;RW;RSD;.PRE.;Retrofit-S_R_4Fac2005;Retrofit Sols Dwellings R_4Fac2005;PJ;MM2;PRE;-;Retrofit-S_R_4Fac2005_NRGI;ANNUAL;0,00
RSD_Retrofits;RW;RSD;.PRE.;Retrofit-S_R_Appa1945;Retrofit Sols Dwellings R_Appa1945;PJ;MM2;PRE;-;Retrofit-S_R_Appa1945_NRGI;ANNUAL;0,00
RSD_Retrofits;RW;RSD;.PRE.;Retrofit-S_R_Appa1958;Retrofit Sols Dwellings R_Appa1958;PJ;MM2;PRE;-;Retrofit-S_R_Appa1958_NRGI;ANNUAL;0,00
RSD_Retrofits;RW;RSD;.PRE.;Retrofit-S_R_Appa1976;Retrofit Sols Dwellings R_Appa1976;PJ;MM2;PRE;-;Retrofit-S_R_Appa1976_NRGI;ANNUAL;0,00
RSD_Retrofits;RW;RSD;.PRE.;Retrofit-S_R_Appa1989;Retrofit Sols Dwellings R_Appa1989;PJ;MM2;PRE;-;Retrofit-S_R_Appa1989_NRGI;ANNUAL;0,00
RSD_Retrofits;RW;RSD;.PRE.;Retrofit-S_R_Appa2005;Retrofit Sols Dwellings R_Appa2005;PJ;MM2;PRE;-;Retrofit-S_R_Appa2005_NRGI;ANNUAL;0,00
COM_Retrofits2;RW;COM;.PRE.;Retrofit-T_C_SA;Retrofit-T_C_SA;PJ;MM2;PRE;-;Retrofit-T_C_SA_NRGI;ANNUAL;0,00
RSD_Retrofits;RW;RSD;.PRE.;Retrofit-T_R_2Fac1945;Retrofit Toits Dwellings R_2Fac1945;PJ;MM2;PRE;-;Retrofit-T_R_2Fac1945_NRGI;ANNUAL;0,00
RSD_Retrofits;RW;RSD;.PRE.;Retrofit-T_R_2Fac1958;Retrofit Toits Dwellings R_2Fac1958;PJ;MM2;PRE;-;Retrofit-T_R_2Fac1958_NRGI;ANNUAL;0,00
RSD_Retrofits;RW;RSD;.PRE.;Retrofit-T_R_2Fac1976;Retrofit Toits Dwellings R_2Fac1976;PJ;MM2;PRE;-;Retrofit-T_R_2Fac1976_NRGI;ANNUAL;0,00
RSD_Retrofits;RW;RSD;.PRE.;Retrofit-T_R_2Fac1989;Retrofit Toits Dwellings R_2Fac1989;PJ;MM2;PRE;-;Retrofit-T_R_2Fac1989_NRGI;ANNUAL;0,00
RSD_Retrofits;RW;RSD;.PRE.;Retrofit-T_R_2Fac2005;Retrofit Toits Dwellings R_2Fac2005;PJ;MM2;PRE;-;Retrofit-T_R_2Fac2005_NRGI;ANNUAL;0,00
RSD_Retrofits;RW;RSD;.PRE.;Retrofit-T_R_3Fac1945;Retrofit Toits Dwellings R_3Fac1945;PJ;MM2;PRE;-;Retrofit-T_R_3Fac1945_NRGI;ANNUAL;0,00
RSD_Retrofits;RW;RSD;.PRE.;Retrofit-T_R_3Fac1958;Retrofit Toits Dwellings R_3Fac1958;PJ;MM2;PRE;-;Retrofit-T_R_3Fac1958_NRGI;ANNUAL;0,00
RSD_Retrofits;RW;RSD;.PRE.;Retrofit-T_R_3Fac1976;Retrofit Toits Dwellings R_3Fac1976;PJ;MM2;PRE;-;Retrofit-T_R_3Fac1976_NRGI;ANNUAL;0,00
RSD_Retrofits;RW;RSD;.PRE.;Retrofit-T_R_3Fac1989;Retrofit Toits Dwellings R_3Fac1989;PJ;MM2;PRE;-;Retrofit-T_R_3Fac1989_NRGI;ANNUAL;0,00
RSD_Retrofits;RW;RSD;.PRE.;Retrofit-T_R_3Fac2005;Retrofit Toits Dwellings R_3Fac2005;PJ;MM2;PRE;-;Retrofit-T_R_3Fac2005_NRGI;ANNUAL;0,00
RSD_Retrofits;RW;RSD;.PRE.;Retrofit-T_R_4Fac1945;Retrofit Toits Dwellings R_4Fac1945;PJ;MM2;PRE;-;Retrofit-T_R_4Fac1945_NRGI;ANNUAL;0,00
RSD_Retrofits;RW;RSD;.PRE.;Retrofit-T_R_4Fac1958;Retrofit Toits Dwellings R_4Fac1958;PJ;MM2;PRE;-;Retrofit-T_R_4Fac1958_NRGI;ANNUAL;0,00
RSD_Retrofits;RW;RSD;.PRE.;Retrofit-T_R_4Fac1976;Retrofit Toits Dwellings R_4Fac1976;PJ;MM2;PRE;-;Retrofit-T_R_4Fac1976_NRGI;ANNUAL;0,00
RSD_Retrofits;RW;RSD;.PRE.;Retrofit-T_R_4Fac1989;Retrofit Toits Dwellings R_4Fac1989;PJ;MM2;PRE;-;Retrofit-T_R_4Fac1989_NRGI;ANNUAL;0,00
RSD_Retrofits;RW;RSD;.PRE.;Retrofit-T_R_4Fac2005;Retrofit Toits Dwellings R_4Fac2005;PJ;MM2;PRE;-;Retrofit-T_R_4Fac2005_NRGI;ANNUAL;0,00
RSD_Retrofits;RW;RSD;.PRE.;Retrofit-T_R_Appa1945;Retrofit Toits Dwellings R_Appa1945;PJ;MM2;PRE;-;Retrofit-T_R_Appa1945_NRGI;ANNUAL;0,00
RSD_Retrofits;RW;RSD;.PRE.;Retrofit-T_R_Appa1958;Retrofit Toits Dwellings R_Appa1958;PJ;MM2;PRE;-;Retrofit-T_R_Appa1958_NRGI;ANNUAL;0,00
RSD_Retrofits;RW;RSD;.PRE.;Retrofit-T_R_Appa1976;Retrofit Toits Dwellings R_Appa1976;PJ;MM2;PRE;-;Retrofit-T_R_Appa1976_NRGI;ANNUAL;0,00
RSD_Retrofits;RW;RSD;.PRE.;Retrofit-T_R_Appa1989;Retrofit Toits Dwellings R_Appa1989;PJ;MM2;PRE;-;Retrofit-T_R_Appa1989_NRGI;ANNUAL;0,00
RSD_Retrofits;RW;RSD;.PRE.;Retrofit-T_R_Appa2005;Retrofit Toits Dwellings R_Appa2005;PJ;MM2;PRE;-;Retrofit-T_R_Appa2005_NRGI;ANNUAL;0,00
COM-NewTechs_V02;RW;COM;.PRE.;CHBACPS101;Com Space Heat New Boiler - BA - CPS101;PJ;GW;PRE;-;CHBACPS101_NRGO;ANNUAL;0,00
COM-NewTechs_V02;RW;COM;.PRE.;CHBAELCHP202;Com Space Heat New Heat Pump - CO - ELC202;PJ;GW;PRE;-;CHBAELCHP202_NRGO;ANNUAL;0,00
COM-NewTechs_V02;RW;COM;.PRE.;CHBAELCHP302;Com Space Heat New Heat Pump - CO - ELC302;PJ;GW;PRE;-;CHBAELCHP302_NRGO;ANNUAL;0,00
COM-NewTechs_V02;RW;COM;.PRE.;CHBAELCHP402;Com Space Heat New Heat Pump - CO - ELC402;PJ;GW;PRE;-;CHBAELCHP402_NRGO;ANNUAL;0,00
COM-NewTechs_V02;RW;COM;.PRE.;CHBAELCHPR202;Com Space Heat New Heat Pump With Reno - CO - ELC202;PJ;GW;PRE;-;CHBAELCHPR202_NRGO;ANNUAL;0,00
COM-NewTechs_V02;RW;COM;.PRE.;CHBAELCHPR302;Com Space Heat New Heat Pump With reno - CO - ELC302;PJ;GW;PRE;-;CHBAELCHPR302_NRGO;ANNUAL;0,00
COM-NewTechs_V02;RW;COM;.PRE.;CHBAELCHPR402;Com Space Heat New Heat Pump With Reno - CO - ELC402;PJ;GW;PRE;-;CHBAELCHPR402_NRGO;ANNUAL;0,00
COM-NewTechs_V02;RW;COM;.PRE.;CHBAGMX301;Com Space Heat New Boiler - BA - GMX301;PJ;GW;PRE;-;CHBAGMX301_NRGO;ANNUAL;0,00
COM-NewTechs_V02;RW;COM;.PRE.;CHBAGMX501;Com Space Heat New Boiler - CO - GMX501;PJ;GW;PRE;-;CHBAGMX501_NRGO;ANNUAL;0,00
COM-NewTechs_V02;RW;COM;.PRE.;CHBALPG301;Com Space Heat New Boiler - BA - LPG301;PJ;GW;PRE;-;CHBALPG301_NRGO;ANNUAL;0,00
COM-NewTechs_V02;RW;COM;.PRE.;CHBALTH101;Com Space Heat New Heat Exchanger - BA - HET101;PJ;GW;PRE;-;CHBALTH101_NRGO;ANNUAL;0,00
COM-NewTechs_V02;RW;COM;.PRE.;CHBAOIL301;Com Space Heat New Boiler - BA - OIL301;PJ;GW;PRE;-;CHBAOIL301_NRGO;ANNUAL;0,00
COM-NewTechs_V02;RW;COM;.PRE.;CHBAOIL401;Com Space Heat New Boiler - BA - OIL401;PJ;GW;PRE;-;CHBAOIL401_NRGO;ANNUAL;0,00
COM-NewTechs_V02;RW;COM;.PRE.;CHBAPEL101;Com Space Heat New Boiler - BA - PEL101;PJ;GW;PRE;-;CHBAPEL101_NRGO;ANNUAL;0,00
COM-NewTechs_V02;RW;COM;.PRE.;CHBPCPS101;Com Space Heat New Boiler - BP - CPS101;PJ;GW;PRE;-;CHBPCPS101_NRGO;ANNUAL;0,00
COM-NewTechs_V02;RW;COM;.DMD.;CHCSNGMX201;Com Space Heat New Boiler - CSN - GMX201;PJ;GW;DMD;-;;ANNUAL;0,00
COM-NewTechs_V02;RW;COM;.PRE.;CHBPELCHP202;Com Space Heat New Heat pump - BP - ELC202;PJ;GW;PRE;-;CHBPELCHP202_NRGO;ANNUAL;0,00
COM-NewTechs_V02;RW;COM;.PRE.;CHBPELCHP302;Com Space Heat New Heat pump - BP - ELC302;PJ;GW;PRE;-;CHBPELCHP302_NRGO;ANNUAL;0,00
COM-NewTechs_V02;RW;COM;.PRE.;CHBPELCHP402;Com Space Heat New Heat pump - BP - ELC402;PJ;GW;PRE;-;CHBPELCHP402_NRGO;ANNUAL;0,00
COM-NewTechs_V02;RW;COM;.PRE.;CHBPELCHPR202;Com Space Heat New Heat Pump With reno - BP - ELC202;PJ;GW;PRE;-;CHBPELCHPR202_NRGO;ANNUAL;0,00
COM-NewTechs_V02;RW;COM;.PRE.;CHBPELCHPR302;Com Space Heat New Heat Pump With reno - BP - ELC302;PJ;GW;PRE;-;CHBPELCHPR302_NRGO;ANNUAL;0,00
COM-NewTechs_V02;RW;COM;.PRE.;CHBPELCHPR402;Com Space Heat New Heat Pump With reno - BP - ELC402;PJ;GW;PRE;-;CHBPELCHPR402_NRGO;ANNUAL;0,00
COM-NewTechs_V02;RW;COM;.PRE.;CHBPGMX301;Com Space Heat New Boiler - BP - GMX301;PJ;GW;PRE;-;CHBPGMX301_NRGO;ANNUAL;0,00
COM-NewTechs_V02;RW;COM;.PRE.;CHBPGMX501;Com Space Heat New Boiler - BP - GMX501;PJ;GW;PRE;-;CHBPGMX501_NRGO;ANNUAL;0,00
COM-NewTechs_V02;RW;COM;.PRE.;CHBPLPG301;Com Space Heat New Boiler - BP - LPG301;PJ;GW;PRE;-;CHBPLPG301_NRGO;ANNUAL;0,00
COM-NewTechs_V02;RW;COM;.PRE.;CHBPLTH101;Com Space Heat New Heat Exchanger - BP - HET101;PJ;GW;PRE;-;CHBPLTH101_NRGO;ANNUAL;0,00
COM-NewTechs_V02;RW;COM;.PRE.;CHBPOIL301;Com Space Heat New Boiler - BP - OIL301;PJ;GW;PRE;-;CHBPOIL301_NRGO;ANNUAL;0,00
RSD-NewTechs;RW;RSD;.PRE.;RHN2FBDLN1;Biomass Boiler.HeatHotwater New-RHN2F-New1;PJ;GW;PRE;-;RHN2FBDLN1_NRGO;ANNUAL;1,00
COM-NewTechs_V02;RW;COM;.PRE.;CHBPOIL401;Com Space Heat New Boiler - BP - OIL401;PJ;GW;PRE;-;CHBPOIL401_NRGO;ANNUAL;0,00
COM-NewTechs_V02;RW;COM;.PRE.;CHBPPEL101;Com Space Heat New Boiler - BP - PEL101;PJ;GW;PRE;-;CHBPPEL101_NRGO;ANNUAL;0,00
COM-NewTechs_V02;RW;COM;.PRE.;CHCOCPS101;Com Space Heat New Boiler - CO - CPS101;PJ;GW;PRE;-;CHCOCPS101_NRGO;ANNUAL;0,00
COM-NewTechs_V02;RW;COM;.PRE.;CHCOELCHP202;Com Space Heat New Heat Pump - CO - ELC202;PJ;GW;PRE;-;CHCOELCHP202_NRGO;ANNUAL;0,00
COM-NewTechs_V02;RW;COM;.PRE.;CHCOELCHP302;Com Space Heat New Heat Pump - CO - ELC302;PJ;GW;PRE;-;CHCOELCHP302_NRGO;ANNUAL;0,00
COM-NewTechs_V02;RW;COM;.PRE.;CHCOELCHP402;Com Space Heat New Heat Pump - CO - ELC402;PJ;GW;PRE;-;CHCOELCHP402_NRGO;ANNUAL;0,00
COM-NewTechs_V02;RW;COM;.PRE.;CHCOELCHPR202;Com Space Heat New Heat Pump With Reno - CO - ELC202;PJ;GW;PRE;-;CHCOELCHPR202_NRGO;ANNUAL;0,00
COM-NewTechs_V02;RW;COM;.PRE.;CHCOELCHPR302;Com Space Heat New Heat Pump With reno - CO - ELC302;PJ;GW;PRE;-;CHCOELCHPR302_NRGO;ANNUAL;0,00
COM-NewTechs_V02;RW;COM;.PRE.;CHCOELCHPR402;Com Space Heat New Heat Pump With Reno - CO - ELC402;PJ;GW;PRE;-;CHCOELCHPR402_NRGO;ANNUAL;0,00
COM-NewTechs_V02;RW;COM;.PRE.;CHCOGMX301;Com Space Heat New Boiler - CO - GMX301;PJ;GW;PRE;-;CHCOGMX301_NRGO;ANNUAL;0,00
COM-NewTechs_V02;RW;COM;.PRE.;CHCOGMX501;Com Space Heat New Boiler - CO - GMX501;PJ;GW;PRE;-;CHCOGMX501_NRGO;ANNUAL;0,00
COM-NewTechs_V02;RW;COM;.PRE.;CHCOLPG301;Com Space Heat New Boiler - CO - LPG301;PJ;GW;PRE;-;CHCOLPG301_NRGO;ANNUAL;0,00
COM-NewTechs_V02;RW;COM;.PRE.;CHCOLTH101;Com Space Heat New Heat Exchanger - CO - HET101;PJ;GW;PRE;-;CHCOLTH101_NRGO;ANNUAL;0,00
COM-NewTechs_V02;RW;COM;.PRE.;CHCOOIL301;Com Space Heat New Boiler - CO - OIL301;PJ;GW;PRE;-;CHCOOIL301_NRGO;ANNUAL;0,00
COM-NewTechs_V02;RW;COM;.PRE.;CHCOOIL401;Com Space Heat New Boiler - CO - OIL401;PJ;GW;PRE;-;CHCOOIL401_NRGO;ANNUAL;0,00
COM-NewTechs_V02;RW;COM;.PRE.;CHCOPEL101;Com Space Heat New Boiler - CO - PEL101;PJ;GW;PRE;-;CHCOPEL101_NRGO;ANNUAL;0,00
COM-NewTechs_V02;RW;COM;.PRE.;CHCSOIL401;Com Space Heat New Boiler - CS - OIL401;PJ;GW;PRE;-;CHCSOIL401_NRGO;ANNUAL;0,00
COM-NewTechs_V02;RW;COM;.PRE.;CHCSPEL101;Com Space Heat New Boiler - CS - PEL101;PJ;GW;PRE;-;CHCSPEL101_NRGO;ANNUAL;0,00
COM-NewTechs_V02;RW;COM;.PRE.;CHDATACPS101;Com Space Heat New Boiler - DATA - CPS101;PJ;GW;PRE;-;CHDATACPS101_NRGO;ANNUAL;0,00
COM-NewTechs_V02;RW;COM;.PRE.;CHDATAELCHP202;Com Space Heat New Heat pump - DATA - ELC202;PJ;GW;PRE;-;CHDATAELCHP202_NRGO;ANNUAL;0,00
COM-NewTechs_V02;RW;COM;.PRE.;CHDATAELCHP302;Com Space Heat New Heat pump - DATA - ELC302;PJ;GW;PRE;-;CHDATAELCHP302_NRGO;ANNUAL;0,00
COM-NewTechs_V02;RW;COM;.PRE.;CHDATAELCHP402;Com Space Heat New Heat pump - DATA - ELC402;PJ;GW;PRE;-;CHDATAELCHP402_NRGO;ANNUAL;0,00
COM-NewTechs_V02;RW;COM;.PRE.;CHENELCHP202;Com Space Heat New Heat Pump - CO - ELC202;PJ;GW;PRE;-;CHENELCHP202_NRGO;ANNUAL;0,00
COM-NewTechs_V02;RW;COM;.PRE.;CHENELCHP302;Com Space Heat New Heat Pump - CO - ELC302;PJ;GW;PRE;-;CHENELCHP302_NRGO;ANNUAL;0,00
COM-NewTechs_V02;RW;COM;.PRE.;CHENOIL301;Com Space Heat New Boiler - EN - OIL301;PJ;GW;PRE;-;CHENOIL301_NRGO;ANNUAL;0,00
COM-NewTechs_V02;RW;COM;.PRE.;CHENOIL401;Com Space Heat New Boiler - EN - OIL401;PJ;GW;PRE;-;CHENOIL401_NRGO;ANNUAL;0,00
COM-NewTechs_V02;RW;COM;.PRE.;CHENPEL101;Com Space Heat New Boiler - EN - PEL101;PJ;GW;PRE;-;CHENPEL101_NRGO;ANNUAL;0,00
COM-NewTechs_V02;RW;COM;.PRE.;CHNBAOIL301;Com Space Heat New Boiler - NBA - OIL301;PJ;GW;PRE;-;CHNBAOIL301_NRGO;ANNUAL;0,00
COM-NewTechs_V02;RW;COM;.PRE.;CHNBAOIL401;Com Space Heat New Boiler - NBA - OIL401;PJ;GW;PRE;-;CHNBAOIL401_NRGO;ANNUAL;0,00
COM-NewTechs_V02;RW;COM;.PRE.;CHNBAPEL101;Com Space Heat New Boiler - NBA - HH2110;PJ;GW;PRE;-;CHNBAPEL101_NRGO;ANNUAL;0,00
COM-NewTechs_V02;RW;COM;.PRE.;CHNBPELCHP202;Com Space Heat New Heat pump - NBP - ELC202;PJ;GW;PRE;-;CHNBPELCHP202_NRGO;ANNUAL;0,00
COM-NewTechs_V02;RW;COM;.PRE.;CHNBPELCHP402;Com Space Heat New Heat pump - NBP - ELC402;PJ;GW;PRE;-;CHNBPELCHP402_NRGO;ANNUAL;0,00
COM-NewTechs_V02;RW;COM;.PRE.;CHNBPGMX501;Com Space Heat New Boiler - NBP - GMX501;PJ;GW;PRE;-;CHNBPGMX501_NRGO;ANNUAL;0,00
COM-NewTechs_V02;RW;COM;.PRE.;CHNBPLPG301;Com Space Heat New Boiler - NBP - LPG301;PJ;GW;PRE;-;CHNBPLPG301_NRGO;ANNUAL;0,00
COM-NewTechs_V02;RW;COM;.PRE.;CHNBPLTH101;Com Space Heat New Heat Exchanger - NBP - HET101;PJ;GW;PRE;-;CHNBPLTH101_NRGO;ANNUAL;0,00
COM-NewTechs_V02;RW;COM;.PRE.;CHNBPOIL301;Com Space Heat New Boiler - NBP - OIL301;PJ;GW;PRE;-;CHNBPOIL301_NRGO;ANNUAL;0,00
COM-NewTechs_V02;RW;COM;.PRE.;CHNBPOIL401;Com Space Heat New Boiler - NBP - OIL401;PJ;GW;PRE;-;CHNBPOIL401_NRGO;ANNUAL;0,00
COM-NewTechs_V02;RW;COM;.PRE.;CHNBPPEL101;Com Space Heat New Boiler - NBP - PEL101;PJ;GW;PRE;-;CHNBPPEL101_NRGO;ANNUAL;0,00
COM-NewTechs_V02;RW;COM;.PRE.;CHNCOCPS101;Com Space Heat New Boiler - NCO - CPS101;PJ;GW;PRE;-;CHNCOCPS101_NRGO;ANNUAL;0,00
COM-NewTechs_V02;RW;COM;.PRE.;CHNBPCPS101;Com Space Heat New Boiler - NBP - CPS101;PJ;GW;PRE;-;CHNBPCPS101_NRGO;ANNUAL;0,00
COM-NewTechs_V02;RW;COM;.PRE.;CHNCOELCHP202;Com Space Heat New Heat pump - NCO - ELC202;PJ;GW;PRE;-;CHNCOELCHP202_NRGO;ANNUAL;0,00
COM-NewTechs_V02;RW;COM;.PRE.;CHNCOELCHP302;Com Space Heat New Heat pump - NCO - ELC302;PJ;GW;PRE;-;CHNCOELCHP302_NRGO;ANNUAL;0,00
COM-NewTechs_V02;RW;COM;.PRE.;CHNCOELCHP402;Com Space Heat New Heat pump - NCO - ELC402;PJ;GW;PRE;-;CHNCOELCHP402_NRGO;ANNUAL;0,00
COM-NewTechs_V02;RW;COM;.PRE.;CHNCOGMX301;Com Space Heat New Boiler - NCO - GMX301;PJ;GW;PRE;-;CHNCOGMX301_NRGO;ANNUAL;0,00
COM-NewTechs_V02;RW;COM;.PRE.;CHNCOGMX501;Com Space Heat New Boiler - NCO - GMX501;PJ;GW;PRE;-;CHNCOGMX501_NRGO;ANNUAL;0,00
COM-NewTechs_V02;RW;COM;.PRE.;CHNCOLPG301;Com Space Heat New Boiler - NCO - LPG301;PJ;GW;PRE;-;CHNCOLPG301_NRGO;ANNUAL;0,00
COM-NewTechs_V02;RW;COM;.PRE.;CHNCOLTH101;Com Space Heat New Heat Exchanger - NCO - HET101;PJ;GW;PRE;-;CHNCOLTH101_NRGO;ANNUAL;0,00
COM-NewTechs_V02;RW;COM;.PRE.;CHNCOOIL401;Com Space Heat New Boiler - NCO - OIL401;PJ;GW;PRE;-;CHNCOOIL401_NRGO;ANNUAL;0,00
COM-NewTechs_V02;RW;COM;.PRE.;CHNCOPEL101;Com Space Heat New Boiler - NCO - PEL101;PJ;GW;PRE;-;CHNCOPEL101_NRGO;ANNUAL;0,00
COM-NewTechs_V02;RW;COM;.PRE.;CHNCSCPS101;Com Space Heat New Boiler - NCS - CPS101;PJ;GW;PRE;-;CHNCSCPS101_NRGO;ANNUAL;0,00
COM-NewTechs_V02;RW;COM;.PRE.;CHNCSELCHP202;Com Space Heat New heat pump - NCS - ELC202;PJ;GW;PRE;-;CHNCSELCHP202_NRGO;ANNUAL;0,00
COM-NewTechs_V02;RW;COM;.PRE.;CHNCSELCHP302;Com Space Heat New heat pump - NCS - ELC302;PJ;GW;PRE;-;CHNCSELCHP302_NRGO;ANNUAL;0,00
COM-NewTechs_V02;RW;COM;.PRE.;CHNCSELCHP402;Com Space Heat New heat pump - NCS - ELC402;PJ;GW;PRE;-;CHNCSELCHP402_NRGO;ANNUAL;0,00
COM-NewTechs_V02;RW;COM;.PRE.;CHNCSGMX301;Com Space Heat New Boiler - NCS - GMX301;PJ;GW;PRE;-;CHNCSGMX301_NRGO;ANNUAL;0,00
COM-NewTechs_V02;RW;COM;.PRE.;CHNCSLPG301;Com Space Heat New Boiler - NCS - LPG301;PJ;GW;PRE;-;CHNCSLPG301_NRGO;ANNUAL;0,00
COM-NewTechs_V02;RW;COM;.PRE.;CHNCSLTH101;Com Space Heat New Heat Exchanger - NCS - HET101;PJ;GW;PRE;-;CHNCSLTH101_NRGO;ANNUAL;0,00
COM-NewTechs_V02;RW;COM;.PRE.;CHNCSOIL301;Com Space Heat New Boiler - NCS - OIL301;PJ;GW;PRE;-;CHNCSOIL301_NRGO;ANNUAL;0,00
COM-NewTechs_V02;RW;COM;.PRE.;CHNCSOIL401;Com Space Heat New Boiler - NCS - OIL401;PJ;GW;PRE;-;CHNCSOIL401_NRGO;ANNUAL;0,00
COM-NewTechs_V02;RW;COM;.PRE.;CHNCSPEL101;Com Space Heat New Boiler - NCS - PEL101;PJ;GW;PRE;-;CHNCSPEL101_NRGO;ANNUAL;0,00
COM-NewTechs_V02;RW;COM;.PRE.;CHNDATACPS101;Com Space Heat New Boiler - NDATA - CPS101;PJ;GW;PRE;-;CHNDATACPS101_NRGO;ANNUAL;0,00
COM-NewTechs_V02;RW;COM;.PRE.;CHNDATAELCHP202;Com Space Heat New Heat pump - NDATA - ELC202;PJ;GW;PRE;-;CHNDATAELCHP202_NRGO;ANNUAL;0,00
COM-NewTechs_V02;RW;COM;.PRE.;CHNDATAELCHP302;Com Space Heat New Heat pump - NDATA - ELC302;PJ;GW;PRE;-;CHNDATAELCHP302_NRGO;ANNUAL;0,00
COM-NewTechs_V02;RW;COM;.PRE.;CHNDATAELCHP402;Com Space Heat New Heat pump - NDATA - ELC402;PJ;GW;PRE;-;CHNDATAELCHP402_NRGO;ANNUAL;0,00
COM-NewTechs_V02;RW;COM;.PRE.;CHNDATAGMX301;Com Space Heat New Boiler - NDATA - GMX301;PJ;GW;PRE;-;CHNDATAGMX301_NRGO;ANNUAL;0,00
COM-NewTechs_V02;RW;COM;.PRE.;CHNDATAGMX501;Com Space Heat New Boiler - NDATA - GMX501;PJ;GW;PRE;-;CHNDATAGMX501_NRGO;ANNUAL;0,00
COM-NewTechs_V02;RW;COM;.PRE.;CHNDATALPG301;Com Space Heat New Boiler - NDATA - LPG301;PJ;GW;PRE;-;CHNDATALPG301_NRGO;ANNUAL;0,00
COM-NewTechs_V02;RW;COM;.PRE.;CHNDATALTH101;Com Space Heat New Heat Exchanger - NDATA - HET101;PJ;GW;PRE;-;CHNDATALTH101_NRGO;ANNUAL;0,00
COM-NewTechs_V02;RW;COM;.PRE.;CHNDATAOIL301;Com Space Heat New Boiler - NDATA - OIL301;PJ;GW;PRE;-;CHNDATAOIL301_NRGO;ANNUAL;0,00
COM-NewTechs_V02;RW;COM;.PRE.;CHNDATAOIL401;Com Space Heat New Boiler - NDATA - OIL401;PJ;GW;PRE;-;CHNDATAOIL401_NRGO;ANNUAL;0,00
COM-NewTechs_V02;RW;COM;.PRE.;CWNDATASOLE101;Com Water Heat New Boiler with back up - NDATA - ELC101;PJ;GW;PRE;-;;ANNUAL;0,00
COM-NewTechs_V02;RW;COM;.PRE.;CWNDATASOLD101;Com Water Heat New Boiler with back up - NDATA - OIL101;PJ;GW;PRE;-;;ANNUAL;0,00
SUP-BioFuels;RW;SUP;.PRE.;BBLQDME110;Gasification_  black liquor to DME;PJ;GW;PRE;-;BIODME;ANNUAL;0,00
SUP-BioFuels;RW;SUP;.PRE.;BBLQFTST110;Gasification_ black liquor to FT-diesel;PJ;GW;PRE;-;BIODST;ANNUAL;0,00
SUP-BioFuels;RW;SUP;.PRE.;BCRPETH201;Ethanol production from sugar crops;PJ;GW;PRE;-;BIOETH;ANNUAL;0,00
COM-NewTechs_V02;RW;COM;.PRE.;CWDATASOLG101;Com Water Heat New Boiler with back up - DATA - GMX101;PJ;GW;PRE;-;;ANNUAL;0,00
SUP-BioFuels;RW;SUP;.PRE.;BWOOETH110;Ethanol production from woody biomass;PJ;GW;PRE;-;BIOETH;ANNUAL;0,00
SUP-BioFuels;RW;SUP;.PRE.;BBLQGAS110;Gasification_ black liquor to methane;PJ;GW;PRE;-;BIOGAS;ANNUAL;0,00
SUP-BioFuels;RW;SUP;.PRE.;BRPSME101;Transesterification of vegetable oils;PJ;GW;PRE;-;BIORME;ANNUAL;0,00
TECHS_HYDROGEN;RW;SUP;.STS.;STH2SDT;Distributed Hydrogen Gas Tank Storage: DayNite/Seasonal;PJ;PJ;STS;-;SYNH2DT;DAYNITE;0,00
IND-NewTechs_TEST;RW;IND;.DMD.;IAMSTDPRO01;IAM.Standard Production.01;MT;MT;DMD;-;IAMSTDPRO01_DEMO;ANNUAL;1,00
IND-NewTechs_TEST;RW;IND;.PRE.;IISFECRFR01;IIS.Ferro Chrome Smelting Furnace.01;MT;MT;PRE;-;MISRFC;ANNUAL;1,00
COM-NewTechs_V02;RW;COM;.DMD.;CHENNELCHP202;Com Space Heat New Heat pump - ENN - ELC202;PJ;GW;DMD;-;;ANNUAL;0,00
COM-NewTechs_V02;RW;COM;.DMD.;CHENNELCHP301;Com Space Heat New Heat pump - ENN - ELC301;PJ;GW;DMD;-;;ANNUAL;0,00
COM-NewTechs_V02;RW;COM;.DMD.;CHENNELCHP302;Com Space Heat New Heat pump - ENN - ELC302;PJ;GW;DMD;-;;ANNUAL;0,00
COM-NewTechs_V02;RW;COM;.PRE.;CWDATASOLE101;Com Water Heat New Boiler with back up - DATA - ELC101;PJ;GW;PRE;-;;ANNUAL;0,00
RSD-NewTechs;RW;RSD;.PRE.;RH4FLPGN2;LPG boiler-RH4F-New2;PJ;GW;PRE;-;RH4FLPGN2_NRGO;ANNUAL;1,00
IND-NewTechs_TEST;RW;IND;.CHP.;CHPINDBGSIOFN00_N;CHP.Autoproducer.Industry.Others.Food_BGS-New 00_N;PJ;GW;CHP;-;CHPINDBGSIOFN00_N_NRGO;DAYNITE;1,00
IND-NewTechs_TEST;RW;IND;.CHP.;CHPINDBGSIOIN00_N;CHP.Autoproducer.Industry.Others_BGS-New 00_N;PJ;GW;CHP;-;CHPINDBGSIOIN00_N_NRGO;DAYNITE;1,00
IND-NewTechs_TEST;RW;IND;.CHP.;CHPINDBGSIPON00_N;CHP.Autoproducer.Industry.FOOD.IPO.bgs-New 00_N;PJ;GW;CHP;-;CHPINDBGSIPON00_N_NRGO;DAYNITE;1,00
IND-NewTechs_TEST;RW;IND;.CHP.;CHPINDBGSISGN00_N;CHP.Autoproducer.Industry.sugar.Food_BGS-New 00_N;PJ;GW;CHP;-;CHPINDBGSISGN00_N_NRGO;DAYNITE;1,00
IND-NewTechs_TEST;RW;IND;.CHP.;CHPINDBIOIOIN00_N;CHP.Autoproducer.Industry.Others_BIO-New 00_N;PJ;GW;CHP;-;CHPINDBIOIOIN00_N_NRGO;DAYNITE;1,00
IND-NewTechs_TEST;RW;IND;.CHP.;CHPINDBIOIOIN00_N;CHP.Autoproducer.Industry.Others_BIO-New 00_N;PJ;GW;CHP;-;CHPINDBIOIOIN00_N_NRGO;DAYNITE;1,00
IND-NewTechs_TEST;RW;IND;.CHP.;CHPINDBLQIPPN00_N;CHP.Autoproducer.Industry.Pulp&Paper_BLQ-New 00_N;PJ;GW;CHP;-;CHPINDBLQIPPN00_N_NRGO;DAYNITE;1,00
IND-NewTechs_TEST;RW;IND;.CHP.;CHPINDCOGIISN00_N;CHP.Autoproducer.Industry.Iron&Steel_COG-New 00_N;PJ;GW;CHP;-;CHPINDCOGIISN00_N_NRGO;DAYNITE;1,00
IND-NewTechs_TEST;RW;IND;.CHP.;CHPINDCPSIBPN00_N;CHP.Autoproducer.Industry.wood.NEW-00_N;PJ;GW;CHP;-;CHPINDCPSIBPN00_N_NRGO;DAYNITE;1,00
IND-NewTechs_TEST;RW;IND;.CHP.;CHPINDCPSICHN00_N;CHP.Autoproducer.Industry.Chemical_CPS-New 00_N;PJ;GW;CHP;-;CHPINDCPSICHN00_N_NRGO;DAYNITE;1,00
IND-NewTechs_TEST;RW;IND;.CHP.;CHPINDCPSIMLN00_N;CHP.Autoproducer.Industry.Milk.Food_CPS-New 00_N;PJ;GW;CHP;-;CHPINDCPSIMLN00_N_NRGO;DAYNITE;1,00
IND-NewTechs_TEST;RW;IND;.CHP.;CHPINDCPSIOFN00_N;CHP.Autoproducer.Industry.Others.Food_CPS-New 00_N;PJ;GW;CHP;-;CHPINDCPSIOFN00_N_NRGO;DAYNITE;1,00
IND-NewTechs_TEST;RW;IND;.CHP.;CHPINDLFOIISN00_N;CHP.Autoproducer.Industry.Iron&Steel_LFO-New 00_N;PJ;GW;CHP;-;CHPINDLFOIISN00_N_NRGO;DAYNITE;1,00
IND-NewTechs_TEST;RW;IND;.CHP.;CHPINDLFOIOFN00_N;CHP.Autoproducer.Industry.Others.Food_LFO-New 00_N;PJ;GW;CHP;-;CHPINDLFOIOFN00_N_NRGO;DAYNITE;1,00
IND-NewTechs_TEST;RW;IND;.CHP.;CHPINDLFOIOIN00_N;CHP.Autoproducer.Industry.Others_LFO-New 00_N;PJ;GW;CHP;-;CHPINDLFOIOIN00_N_NRGO;DAYNITE;1,00
IND-NewTechs_TEST;RW;IND;.CHP.;CHPINDLFOIPPN00_N;CHP.Autoproducer.Industry.Pulp&Paper_LFO-New 00_N;PJ;GW;CHP;-;CHPINDLFOIPPN00_N_NRGO;DAYNITE;1,00
IND-NewTechs_TEST;RW;IND;.CHP.;CHPINDPELICHN00_N;CHP.Autoproducer.Industry.Chemical_PEL-New 00_N;PJ;GW;CHP;-;CHPINDPELICHN00_N_NRGO;DAYNITE;1,00
IND-NewTechs_TEST;RW;IND;.CHP.;CHPINDPELICHN00_N;CHP.Autoproducer.Industry.Others.Food_PEL-New 00_N;PJ;GW;CHP;-;CHPINDPELICHN00_N_NRGO;DAYNITE;1,00
IND-NewTechs_TEST;RW;IND;.CHP.;CHPINDPELIMLN00_N;CHP.Autoproducer.Industry.Milk.Food_PEL-New 00_N;PJ;GW;CHP;-;CHPINDPELIMLN00_N_NRGO;DAYNITE;1,00
IND-NewTechs_TEST;RW;IND;.CHP.;CHPINDWSTIOIN00_N;CHP.Autoproducer.Industry.Others_WST-New 00_N;PJ;GW;CHP;-;CHPINDWSTIOIN00_N_NRGO;DAYNITE;1,00
IND-NewTechs_TEST;RW;IND;.CHP.;CHPINDWSTIPPN00_N;CHP.Autoproducer.Industry.Pulp&Paper_WST-New 00_N;PJ;GW;CHP;-;CHPINDWSTIPPN00_N_NRGO;DAYNITE;1,00
RSD-NewTechs;RW;RSD;.PRE.;RH2FBDLN1;biodiesel Boiler.HeatHotwater New-RH2F-New1;PJ;GW;PRE;-;RH2FBDLN1_NRGO;ANNUAL;1,00
RSD-NewTechs;RW;RSD;.PRE.;RH2FGMXN2;Natural gas boiler condensing-RH2F-New2;PJ;GW;PRE;-;RH2FGMXN2_NRGO;ANNUAL;1,00
RSD-NewTechs;RW;RSD;.PRE.;RH2FHETN1;District heat exchanger.HeatHotwater-RH2F-New1;PJ;GW;PRE;-;RH2FHETN1_NRGO;ANNUAL;1,00
RSD-NewTechs;RW;RSD;.PRE.;RH2FOILN3;Oil boiler condensing dual-RH2F-New3;PJ;GW;PRE;-;RH2FOILN3_NRGO;ANNUAL;1,00
RSD-NewTechs;RW;RSD;.PRE.;RH2FPELN2;Pellets Boiler.HeatHotwater New-RH2F-New2;PJ;GW;PRE;-;RH2FPELN2_NRGO;ANNUAL;1,00
RSD-NewTechs;RW;RSD;.PRE.;RH3FBDLN1;Biomass Boiler.HeatHotwater-RH3F-New1;PJ;GW;PRE;-;RH3FBDLN1_NRGO;ANNUAL;1,00
RSD-NewTechs;RW;RSD;.PRE.;RH3FGMXN2;Natural gas boiler condensing-RH3F-New2;PJ;GW;PRE;-;RH3FGMXN2_NRGO;ANNUAL;1,00
RSD-NewTechs;RW;RSD;.PRE.;RH3FHETN1;District heat exchanger.HeatHotwater-RH3F-New1;PJ;GW;PRE;-;RH3FHETN1_NRGO;ANNUAL;1,00
RSD-NewTechs;RW;RSD;.PRE.;RH3FLOGN2;Log Boiler.HeatHotwater New-RH3F-New2;PJ;GW;PRE;-;RH3FLOGN2_NRGO;ANNUAL;1,00
RSD-NewTechs;RW;RSD;.PRE.;RH3FLPGN2;LPG boiler-RH3F-New2;PJ;GW;PRE;-;RH3FLPGN2_NRGO;ANNUAL;1,00
RSD-NewTechs;RW;RSD;.PRE.;RH3FOILN3;Oil boiler condensing dual-RH3F-New3;PJ;GW;PRE;-;RH3FOILN3_NRGO;ANNUAL;1,00
RSD-NewTechs;RW;RSD;.PRE.;RH3FPELN2;Pellets Boiler.HeatHotwater New-RH3F-New2;PJ;GW;PRE;-;RH3FPELN2_NRGO;ANNUAL;1,00
RSD-NewTechs;RW;RSD;.PRE.;RH4FBDLN1;Biomass Boiler.HeatHotwater-RH4F-New1;PJ;GW;PRE;-;RH4FBDLN1_NRGO;ANNUAL;1,00
RSD-NewTechs;RW;RSD;.PRE.;RH4FGMXN2;Natural gas boiler condensing-RH4F-New2;PJ;GW;PRE;-;RH4FGMXN2_NRGO;ANNUAL;1,00
RSD-NewTechs;RW;RSD;.PRE.;RH4FHETN1;District heat exchanger.HeatHotwater-RH4F-New1;PJ;GW;PRE;-;RH4FHETN1_NRGO;ANNUAL;1,00
RSD-NewTechs;RW;RSD;.PRE.;RH4FLOGN2;Log Boiler.HeatHotwater New-RH4F-New2;PJ;GW;PRE;-;RH4FLOGN2_NRGO;ANNUAL;1,00
RSD-NewTechs;RW;RSD;.PRE.;RH4FOILN3;Oil boiler condensing dual-RH4F-New3;PJ;GW;PRE;-;RH4FOILN3_NRGO;ANNUAL;1,00
RSD-NewTechs;RW;RSD;.PRE.;RH4FPELN2;Pellets Boiler.HeatHotwater New-RH4F-New2;PJ;GW;PRE;-;RH4FPELN2_NRGO;ANNUAL;1,00
RSD-NewTechs;RW;RSD;.PRE.;RHAPBDLN1;Biomass Boiler.HeatHotwater-RHAP-New1;PJ;GW;PRE;-;RHAPBDLN1_NRGO;ANNUAL;1,00
RSD-NewTechs;RW;RSD;.PRE.;RHAPGMXN2;Natural gas boiler condensing-RHAP-New2;PJ;GW;PRE;-;RHAPGMXN2_NRGO;ANNUAL;1,00
RSD-NewTechs;RW;RSD;.PRE.;RHAPHETN1;District heat exchanger.HeatHotwater-RHAP-New1;PJ;GW;PRE;-;RHAPHETN1_NRGO;ANNUAL;1,00
RSD-NewTechs;RW;RSD;.PRE.;RHAPOILN3;Oil boiler condensing dual-RHAP-New3;PJ;GW;PRE;-;RHAPOILN3_NRGO;ANNUAL;1,00
RSD-NewTechs;RW;RSD;.PRE.;RHAPPELN2;Pellets Boiler.HeatHotwater New-RHAP-New2;PJ;GW;PRE;-;RHAPPELN2_NRGO;ANNUAL;1,00
RSD-NewTechs;RW;RSD;.PRE.;RHN2FHETN1;District heat exchanger.HeatHotwater-RHN2F-New1;PJ;GW;PRE;-;RHN2FHETN1_NRGO;ANNUAL;1,00
RSD-NewTechs;RW;RSD;.PRE.;RHN2FLOGN2;LOG Boiler.HeatHotwater New-RHN2F-New2;PJ;GW;PRE;-;RHN2FLOGN2_NRGO;ANNUAL;1,00
RSD-NewTechs;RW;RSD;.PRE.;RHN2FOILN3;Oil boiler condensing dual-RHN2F-New3;PJ;GW;PRE;-;RHN2FOILN3_NRGO;ANNUAL;1,00
RSD-NewTechs;RW;RSD;.PRE.;RHN2FPELN2;Pellets Boiler.HeatHotwater New-RHN2F-New2;PJ;GW;PRE;-;RHN2FPELN2_NRGO;ANNUAL;1,00
RSD-NewTechs;RW;RSD;.PRE.;RHN3FBDLN1;Biomass Boiler.HeatHotwater-RHN3F-New1;PJ;GW;PRE;-;RHN3FBDLN1_NRGO;ANNUAL;1,00
RSD-NewTechs;RW;RSD;.PRE.;RHN3FGMXN2;Natural gas boiler condensing-RHN3F-New2;PJ;GW;PRE;-;RHN3FGMXN2_NRGO;ANNUAL;1,00
RSD-NewTechs;RW;RSD;.PRE.;RHN3FHETN1;District heat exchanger.HeatHotwater-RHN3F-New1;PJ;GW;PRE;-;RHN3FHETN1_NRGO;ANNUAL;1,00
RSD-NewTechs;RW;RSD;.PRE.;RHN3FLOGN2;LOG Boiler.HeatHotwater New-RHN3F-New2;PJ;GW;PRE;-;RHN3FLOGN2_NRGO;ANNUAL;1,00
RSD-NewTechs;RW;RSD;.PRE.;RHN3FOILN3;Oil boiler condensing dual-RHN3F-New3;PJ;GW;PRE;-;RHN3FOILN3_NRGO;ANNUAL;1,00
IND-NewTechs_TEST;RW;IND;.PRE.;INMSTMCOA01;INMSTMCOA01;PJ;GW;PRE;-;INMHTH;ANNUAL;1,00
RSD-NewTechs;RW;RSD;.PRE.;RHN3FPELN1;Pellets Boiler.HeatHotwater New-RHN3F-New1;PJ;GW;PRE;-;RHN3FPELN1_NRGO;ANNUAL;1,00
RSD-NewTechs;RW;RSD;.PRE.;RHAPLOGN2;Log Boiler.HeatHotwater New-RHAP-New2;PJ;GW;PRE;-;RHAPLOGN2_NRGO;ANNUAL;1,00
RSD-NewTechs;RW;RSD;.PRE.;RHN4FBDLN1;Biomass Boiler.HeatHotwater-RHN4F-New1;PJ;GW;PRE;-;RHN4FBDLN1_NRGO;ANNUAL;1,00
RSD-NewTechs;RW;RSD;.PRE.;RHN4FGMXN2;Natural gas boiler condensing-RHN4F-New2;PJ;GW;PRE;-;RHN4FGMXN2_NRGO;ANNUAL;1,00
RSD-NewTechs;RW;RSD;.PRE.;RHN4FHETN1;District heat exchanger.HeatHotwater-RHN4F-New1;PJ;GW;PRE;-;RHN4FHETN1_NRGO;ANNUAL;1,00
RSD-NewTechs;RW;RSD;.PRE.;RHN4FLOGN2;LOG Boiler.HeatHotwater New-RHN4F-New2;PJ;GW;PRE;-;RHN4FLOGN2_NRGO;ANNUAL;1,00
RSD-NewTechs;RW;RSD;.PRE.;RHN4FOILN3;Oil boiler condensing dual-RHN4F-New3;PJ;GW;PRE;-;RHN4FOILN3_NRGO;ANNUAL;1,00
RSD-NewTechs;RW;RSD;.PRE.;RHNAPPELN1;Pellets Boiler.HeatHotwater New-RHNAP-New1;PJ;GW;PRE;-;RHNAPPELN1_NRGO;ANNUAL;1,00
RSD-NewTechs;RW;RSD;.PRE.;RHNAPPELN1;Pellets stove-RHNAP-New1;PJ;GW;PRE;-;RHNAPPELN1_NRGO;ANNUAL;1,00
TECHS_HYDROGEN;RW;SUP;.PRE.;SELCH2EC01;H2 Production-Alkaline Electrolyser, large size, centralized;PJ;GW;PRE;-;SELCH2EC01_MATO;DAYNITE;1,00
TECHS_HYDROGEN;RW;SUP;.PRE.;SELCH2EC02;H2 Production-Alkaline Electrolyser, medium size, centralized;PJ;GW;PRE;-;SELCH2EC02_MATO;DAYNITE;1,00
TECHS_HYDROGEN;RW;SUP;.PRE.;SELCH2ED01;H2 Production-Alkaline Electrolyser, small size, decentralized;PJ;GW;PRE;-;SELCH2ED01_MATO;DAYNITE;1,00
TECHS_HYDROGEN;RW;SUP;.PRE.;SELCH2PEM01;PEM Electrolyzer - Proton Exchange Membrane - Start 2015;PJ;GW;PRE;-;SELCH2PEM01_MATO;DAYNITE;1,00
TECHS_HYDROGEN;RW;SUP;.PRE.;SETHH2RD01;H2 Production-Ethanol Steam Reforming, decentralized;PJ;GW;PRE;-;SETHH2RD01_MATO;DAYNITE;1,00
TECHS_HYDROGEN;RW;SUP;.PRE.;SGASH2RC01;H2 Production-Methane Steam Reforming, large size, centralized;PJ;GW;PRE;-;SGASH2RC01_MATO;DAYNITE;1,00
TECHS_HYDROGEN;RW;SUP;.PRE.;SGASH2RC02;H2 Production-Methane Steam Reforming, small size, centralized;PJ;GW;PRE;-;SGASH2RC02_MATO;DAYNITE;1,00
TECHS_HYDROGEN;RW;SUP;.PRE.;SGASH2RCC01;H2 Production-Methane Steam Reforming + Carbon Capture, large size, centralized;PJ;GW;PRE;-;SGASH2RCC01_MATO;DAYNITE;1,00
TECHS_HYDROGEN;RW;SUP;.PRE.;SGASH2RD01;H2 Production-Methane Steam Reforming, medium size, decentralized;PJ;GW;PRE;-;SGASH2RD01_MATO;DAYNITE;1,00
TECHS_HYDROGEN;RW;SUP;.PRE.;SGASH2RD02;H2 Production-Methane Steam Reforming, small size, decentralized;PJ;GW;PRE;-;SGASH2RD02_MATO;DAYNITE;1,00
TECHS_HYDROGEN;RW;SUP;.PRE.;SHFOH2POC01;H2 Production-Central PO of Heavy Oil (CPO3);PJ;GW;PRE;-;SHFOH2POC01_MATO;DAYNITE;1,00
TECHS_HYDROGEN;RW;SUP;.PRE.;SCOAH2GCC02;H2 Production-Coal Gasification + Carbon Capture, medium size, centralized;PJ;GW;PRE;-;SYNH2CU;DAYNITE;1,00
TECHS_HYDROGEN;RW;SUP;.PRE.;SCOAH2GC02;H2 Production-Coal Gasification, medium size, centralized;PJ;GW;PRE;-;SYNH2CU;DAYNITE;1,00
COM-NewTechs_V02;RW;COM;.DMD.;CHSANCPS101;Com Space Heat New Boiler - SAN - CPS101;PJ;GW;DMD;-;;ANNUAL;
COM-NewTechs_V02;RW;COM;.DMD.;CHSANELC101;Com Space Heat New Boiler - SAN - ELC101;PJ;GW;DMD;-;;ANNUAL;
COM-NewTechs_V02;RW;COM;.DMD.;CHSANGMX301;Com Space Heat New Boiler - SAN - GMX301;PJ;GW;DMD;-;;ANNUAL;
COM-NewTechs_V02;RW;COM;.DMD.;CHSANGMX401;Com Space Heat New Boiler - SAN - GMX401;PJ;GW;DMD;-;;ANNUAL;
COM-NewTechs_V02;RW;COM;.DMD.;CHSANLPG201;Com Space Heat New Boiler - SAN - LPG201;PJ;GW;DMD;-;;ANNUAL;
COM-NewTechs_V02;RW;COM;.DMD.;CHSANLPG301;Com Space Heat New Boiler - SAN - LPG301;PJ;GW;DMD;-;;ANNUAL;
COM-NewTechs_V02;RW;COM;.DMD.;CHSANOIL201;Com Space Heat New Boiler - SAN - OIL201;PJ;GW;DMD;-;;ANNUAL;
COM-NewTechs_V02;RW;COM;.DMD.;CHSANOIL301;Com Space Heat New Boiler - SAN - OIL301;PJ;GW;DMD;-;;ANNUAL;
COM-NewTechs_V02;RW;COM;.DMD.;CHSANOIL401;Com Space Heat New Boiler - SAN - OIL401;PJ;GW;DMD;-;;ANNUAL;
COM-NewTechs_V02;RW;COM;.DMD.;CHSANPEL101;Com Space Heat New Boiler - SAN - PEL101;PJ;GW;DMD;-;;ANNUAL;
COM-NewTechs_V02;RW;COM;.DMD.;CHSANGEO101;Com Space Heat New FC - SAN - GEO101;PJ;GW;DMD;-;;ANNUAL;
COM-NewTechs_V02;RW;COM;.DMD.;CHSANLTH101;Com Space Heat New Heat Exchanger - SAN - HET101;PJ;GW;DMD;-;;ANNUAL;
COM-NewTechs_V02;RW;COM;.DMD.;CHSANELCHP201;Com Space Heat New Heat pump - SAN - ELC201;PJ;GW;DMD;-;;ANNUAL;
COM-NewTechs_V02;RW;COM;.DMD.;CHSANELCHP202;Com Space Heat New Heat pump - SAN - ELC202;PJ;GW;DMD;-;;ANNUAL;
COM-NewTechs_V02;RW;COM;.DMD.;CHSANELCHP301;Com Space Heat New Heat pump - SAN - ELC301;PJ;GW;DMD;-;;ANNUAL;
COM-NewTechs_V02;RW;COM;.DMD.;CHSANELCHP302;Com Space Heat New Heat pump - SAN - ELC302;PJ;GW;DMD;-;;ANNUAL;
COM-NewTechs_V02;RW;COM;.DMD.;CHSANELCHP401;Com Space Heat New Heat pump - SAN - ELC401;PJ;GW;DMD;-;;ANNUAL;
COM-NewTechs_V02;RW;COM;.DMD.;CHSANGMXHP201;Com Space Heat New Heat Pump - SAN - GMX201;PJ;GW;DMD;-;;ANNUAL;
COM-NewTechs_V02;RW;COM;.DMD.;CHSANGMXHP202;Com Space Heat New Heat Pump - SAN - GMX202;PJ;GW;DMD;-;;ANNUAL;
COM-NewTechs_V02;RW;COM;.DMD.;CHSANLPGHP202;Com Space Heat New Heat Pump - SAN - LPG202;PJ;GW;DMD;-;;ANNUAL;
COM-NewTechs_V02;RW;COM;.DMD.;CHSANELCHPR201;Com Space Heat New Heat pump with réno - SAN - ELC201;PJ;GW;DMD;-;;ANNUAL;
COM-NewTechs_V02;RW;COM;.DMD.;CHSANELCHPR202;Com Space Heat New Heat pump with réno - SAN - ELC202;PJ;GW;DMD;-;;ANNUAL;
COM-NewTechs_V02;RW;COM;.DMD.;CHSANELCHPR302;Com Space Heat New Heat pump with réno - SAN - ELC302;PJ;GW;DMD;-;;ANNUAL;
COM-NewTechs_V02;RW;COM;.DMD.;CHSANELCHPR402;Com Space Heat New Heat pump with réno - SAN - ELC402;PJ;GW;DMD;-;;ANNUAL;
COM-NewTechs_V02;RW;COM;.DMD.;CWSANELC101;Com Water Heat New Boiler - SAN - ELC101;PJ;GW;DMD;-;;ANNUAL;
COM-NewTechs_V02;RW;COM;.DMD.;CWSANELCHP201;Com Water Heat New Boiler - SAN - ELC201;PJ;GW;DMD;-;;ANNUAL;
COM-NewTechs_V02;RW;COM;.DMD.;CWSANGEO101;Com Water Heat New Boiler - SAN - GEO101;PJ;GW;DMD;-;;ANNUAL;
COM-NewTechs_V02;RW;COM;.DMD.;CWSANGMX101;Com Water Heat New Boiler - SAN - GMX101;PJ;GW;DMD;-;;ANNUAL;
COM-NewTechs_V02;RW;COM;.DMD.;CWSANLPG101;Com Water Heat New Boiler - SAN - LPG101;PJ;GW;DMD;-;;ANNUAL;
COM-NewTechs_V02;RW;COM;.DMD.;CWSANPEL101;Com Water Heat New Boiler - SAN - PEL101;PJ;GW;DMD;-;;ANNUAL;
COM-NewTechs_V02;RW;COM;.DMD.;CWSANSOL101;Com Water Heat New Boiler - SAN - SOL101;PJ;GW;DMD;-;;ANNUAL;
COM-NewTechs_V02;RW;COM;.DMD.;CWSANSOLE101;Com Water Heat New Boiler with back up - SAN - ELC101;PJ;GW;DMD;-;;ANNUAL;
COM-NewTechs_V02;RW;COM;.DMD.;CWSANSOLG101;Com Water Heat New Boiler with back up - SAN - GMX101;PJ;GW;DMD;-;;ANNUAL;
COM-NewTechs_V02;RW;COM;.DMD.;CWSANSOLD101;Com Water Heat New Boiler with back up - SAN - OIL101;PJ;GW;DMD;-;;ANNUAL;
COM-NewTechs_V02;RW;COM;.PRE.;CHNENCPS101;Com Space Heat New Boiler - NEN - CPS101;PJ;GW;PRE;-;CHNENCPS101_NRGO;ANNUAL;
COM-NewTechs_V02;RW;COM;.PRE.;CHNENELCHP202;Com Space Heat New Heat pump - NEN - ELC202;PJ;GW;PRE;-;CHNENELCHP202_NRGO;ANNUAL;
COM-NewTechs_V02;RW;COM;.PRE.;CHNENELCHP302;Com Space Heat New Heat pump - NEN - ELC302;PJ;GW;PRE;-;CHNENELCHP302_NRGO;ANNUAL;
COM-NewTechs_V02;RW;COM;.PRE.;CHNSAELCHP202;Com Space Heat New Heat pump - NSA - ELC202;PJ;GW;PRE;-;CHNSAELCHP202_NRGO;ANNUAL;
COM-NewTechs_V02;RW;COM;.PRE.;CHNSAELCHP302;Com Space Heat New Heat pump - NSA - ELC302;PJ;GW;PRE;-;CHNSAELCHP302_NRGO;ANNUAL;
COM-NewTechs_V02;RW;COM;.DMD.;CWENNSOLE101;Com Water Heat New Boiler with back up - ENN - ELC101;PJ;GW;DMD;-;CWENNSOLE101_NRGI;ANNUAL;0,00
IND-NewTechs_TEST;RW;IND;.PRE.;IISCOREX01;IIS.Iron COREX.01;MT;MT;PRE;-;MISRIR;ANNUAL;1,00
IND-NewTechs_TEST;RW;IND;.PRE.;IISCYCFUR01;IIS.Iron Cyclone Convertor Furnace CCF.01;MT;MT;PRE;-;MISRIR;ANNUAL;1,00
IND-NewTechs_TEST;RW;IND;.PRE.;IISBLAFURTGR;IIS.Iron Oxygen Blast Furnace Top GMX Recirculation.10.;MT;MT;PRE;-;MISRIR;ANNUAL;1,00
COM-NewTechs_V02;RW;COM;.PRE.;CHNSAELCHP402;Com Space Heat New Heat pump - NSA - ELC402;PJ;GW;PRE;-;CHNSAELCHP402_NRGO;ANNUAL;
COM-NewTechs_V02;RW;COM;.PRE.;CHNSAGMX501;Com Space Heat New Boiler - NCO - GMX501;PJ;GW;PRE;-;CHNSAGMX501_NRGO;ANNUAL;
COM-NewTechs_V02;RW;COM;.PRE.;CHNSALPG301;Com Space Heat New Boiler - NSA - LPG301;PJ;GW;PRE;-;CHNSALPG301_NRGO;ANNUAL;
COM-NewTechs_V02;RW;COM;.PRE.;CHNSALTH101;Com Space Heat New Heat Exchanger - NSA - HET101;PJ;GW;PRE;-;CHNSALTH101_NRGO;ANNUAL;
COM-NewTechs_V02;RW;COM;.PRE.;CHNSAOIL301;Com Space Heat New Boiler - NSA - OIL301;PJ;GW;PRE;-;CHNSAOIL301_NRGO;ANNUAL;
COM-NewTechs_V02;RW;COM;.PRE.;CHNSAOIL401;Com Space Heat New Boiler - NSA - OIL401;PJ;GW;PRE;-;CHNSAOIL401_NRGO;ANNUAL;
RSD-DemolitionReconstruction;RW;RSD;.DMD.;RDW_R_DNAP;Demolition et Reconstruction New Residential Building Appartement;MM2;MM2;DMD;-;R_Appa;ANNUAL;0,00
COM-NewTechs_V02;RW;COM;.DMD.;CCBANELC301;Com Space Cool New - BAN - ELC301;PJ;GW;DMD;-;COMELC;ANNUAL;0,00
COM-NewTechs_V02;RW;COM;.DMD.;CCBANELC401;Com Space Cool New - BAN - ELC401;PJ;GW;DMD;-;COMELC;ANNUAL;0,00
COM-NewTechs_V02;RW;COM;.DMD.;CCBPNELCHP101;Com Space Cool New - BPN - ELC101;PJ;GW;DMD;-;COMELC;ANNUAL;0,00
COM-NewTechs_V02;RW;COM;.DMD.;CCBPNGMXHP101;Com Space Cool New - BPN - GMX101;PJ;GW;DMD;-;COMGMX;ANNUAL;0,00
COM-NewTechs_V02;RW;COM;.DMD.;CWBPNELC101;Com Water Heat New Boiler - BPN - ELC101;PJ;GW;DMD;-;COMELC;ANNUAL;0,00
COM-NewTechs_V02;RW;COM;.DMD.;CWBPNELCHP201;Com Water Heat New Boiler - BPN - ELC201;PJ;GW;DMD;-;COMELC;ANNUAL;0,00
COM-NewTechs_V02;RW;COM;.DMD.;CWBPNGEO101;Com Water Heat New Boiler - BPN - GEO101;PJ;GW;DMD;-;COMGEO;ANNUAL;0,00
COM-NewTechs_V02;RW;COM;.DMD.;CWBPNGMX101;Com Water Heat New Boiler - BPN - GMX101;PJ;GW;DMD;-;COMGMX;ANNUAL;0,00
COM-NewTechs_V02;RW;COM;.DMD.;CWBPNLPG101;Com Water Heat New Boiler - BPN - LPG101;PJ;GW;DMD;-;COMLPG;ANNUAL;0,00
COM-NewTechs_V02;RW;COM;.DMD.;CHSANELCHPR401;Com Space Heat New Heat pump with réno - SAN - ELC401;PJ;GW;DMD;-;;ANNUAL;
COM-NewTechs_V02;RW;COM;.DMD.;CWBPNOIL101;Com Water Heat New Boiler - BPN - OIL101;PJ;GW;DMD;-;COMOIL;ANNUAL;0,00
COM-NewTechs_V02;RW;COM;.DMD.;CWBPNPEL101;Com Water Heat New Boiler - BPN - PEL101;PJ;GW;DMD;-;COMPEL;ANNUAL;0,00
COM-NewTechs_V02;RW;COM;.DMD.;CWBPSOL101;Com Water Heat New Boiler - BPN - SOL101;PJ;GW;DMD;-;CWBP;ANNUAL;0,00
COM-NewTechs_V02;RW;COM;.DMD.;CHCODUM-DEM;Commercial dummy tech from CHP heat to CH for CHCO;PJ;PJ;DMD;-;CHCO;ANNUAL;0,00
COM-NewTechs_V02;RW;COM;.DMD.;CHCSDUM-DEM;Commercial dummy tech from CHP heat to CH for CHCS;PJ;PJ;DMD;-;CHCS;ANNUAL;0,00
COM-NewTechs_V02;RW;COM;.DMD.;CHSADUM-DEM;Commercial dummy tech from CHP heat to CH for CHSA;PJ;PJ;DMD;-;CHSA;ANNUAL;0,00
COM-NewTechs_V02;RW;COM;.DMD.;CCOKELC102;Com.Cooking.ELC.02.Stove.;PJ;PJA;DMD;-;CCOK;ANNUAL;0,00
COM-NewTechs_V02;RW;COM;.DMD.;CCOKELC103;Com.Cooking.ELC.03.Stove.;PJ;PJA;DMD;-;CCOK;ANNUAL;0,00
COM-NewTechs_V02;RW;COM;.DMD.;CCOKGMX101;Com.Cooking.GMX.01.Stove.;PJ;PJA;DMD;-;CCOK;ANNUAL;0,00
COM-NewTechs_V02;RW;COM;.DMD.;CCOKLPG101;Com.Cooking.LPG.01.Stove.;PJ;PJA;DMD;-;CCOK;ANNUAL;0,00
COM-NewTechs_V02;RW;COM;.DMD.;COELELC101;Com.Other Electricity.ELC.1010.Other Equipments.;PJ;PJA;DMD;-;COEL;ANNUAL;0,00
COM-NewTechs_V02;RW;COM;.DMD.;COENMIX101;Com.Other Energy.101.Other;PJ;PJA;DMD;-;COEN;ANNUAL;0,00
COM-NewTechs_V02;RW;COM;.DMD.;COSEELC101;Com.Serveur Electricity.DATA CENTER.ELC.01.Other Equipments.;PJ;PJA;DMD;-;COSE;ANNUAL;0,00
COM-NewTechs_V02;RW;COM;.DMD.;CPLIELC101;Com.Public Lighting.ELC.101.Generic Lamp.;PJ;PJA;DMD;-;CPLI;ANNUAL;0,00
COM-NewTechs_V02;RW;COM;.DMD.;CPLIELC201;Com.Public Lighting.ELC.201.LED.;PJ;PJA;DMD;-;CPLI;ANNUAL;0,00
COM-NewTechs_V02;RW;COM;.DMD.;CREFELC101;Com.Refrigeration.ELC.101.Refrigerator.;PJ;PJA;DMD;-;CREF;ANNUAL;0,00
COM-NewTechs_V02;RW;COM;.DMD.;CREFELC201;Com.Refrigeration.ELC.201.Refrigerator.;PJ;PJA;DMD;-;CREF;ANNUAL;0,00
COM-NewTechs_V02;RW;COM;.DMD.;CREFELC301;Com.Refrigeration.ELC.301.Refrigerator.;PJ;PJA;DMD;-;CREF;ANNUAL;0,00
COM-NewTechs_V02;RW;COM;.DMD.;CREFELC401;Com.Refrigeration.ELC.401.Refrigerator.;PJ;PJA;DMD;-;CREF;ANNUAL;0,00
COM-NewTechs_V02;RW;COM;.DMD.;CCCOELC101;Com Space Cool New - CO - ELC101;PJ;GW;DMD;-;CCCO;ANNUAL;0,00
COM-NewTechs_V02;RW;COM;.DMD.;CCCOELC401;Com Space Cool New - CO - ELC401;PJ;GW;DMD;-;CCCO;ANNUAL;0,00
COM-NewTechs_V02;RW;COM;.DMD.;CCCOELCHP101;Com Space Cool New - CO - ELC101;PJ;GW;DMD;-;CCCO;ANNUAL;0,00
COM-NewTechs_V02;RW;COM;.DMD.;CCENNELC101;Com Space Cool New - ENN - ELC101;PJ;GW;DMD;-;COMELC;ANNUAL;0,00
COM-NewTechs_V02;RW;COM;.DMD.;CCENNELC201;Com Space Cool New - ENN - ELC201;PJ;GW;DMD;-;COMELC;ANNUAL;0,00
COM-NewTechs_V02;RW;COM;.DMD.;CCENNELC301;Com Space Cool New - ENN - ELC301;PJ;GW;DMD;-;COMELC;ANNUAL;0,00
COM-NewTechs_V02;RW;COM;.DMD.;CCENNELC401;Com Space Cool New - ENN - ELC401;PJ;GW;DMD;-;COMELC;ANNUAL;0,00
COM-NewTechs_V02;RW;COM;.DMD.;CCENNELCHP101;Com Space Cool New - ENN - ELC101;PJ;GW;DMD;-;COMELC;ANNUAL;0,00
COM-NewTechs_V02;RW;COM;.DMD.;CCENNGMXHP101;Com Space Cool New - ENN - GMX101;PJ;GW;DMD;-;COMGMX;ANNUAL;0,00
COM-NewTechs_V02;RW;COM;.DMD.;CWENNELC101;Com Water Heat New Boiler - ENN - ELC101;PJ;GW;DMD;-;COMELC;ANNUAL;0,00
COM-NewTechs_V02;RW;COM;.DMD.;CWENNGMX101;Com Water Heat New Boiler - ENN - GMX101;PJ;GW;DMD;-;COMGMX;ANNUAL;0,00
COM-NewTechs_V02;RW;COM;.DMD.;CWENNLPG101;Com Water Heat New Boiler - ENN - LPG101;PJ;GW;DMD;-;COMLPG;ANNUAL;0,00
COM-NewTechs_V02;RW;COM;.DMD.;CWENNOIL101;Com Water Heat New Boiler - ENN - OIL101;PJ;GW;DMD;-;COMOIL;ANNUAL;0,00
COM-NewTechs_V02;RW;COM;.DMD.;CWENNPEL101;Com Water Heat New Boiler - ENN - PEL101;PJ;GW;DMD;-;COMPEL;ANNUAL;0,00
COM-NewTechs_V02;RW;COM;.DMD.;CWENNSOL101;Com Water Heat New Boiler - ENN - SOL101;PJ;GW;DMD;-;COMSOL;ANNUAL;0,00
RSD-NewTechs;RW;RSD;.DMD.;RCOKELC301;cooking electric stove 03;PJ;PJA;DMD;-;RCOK;ANNUAL;0,00
RSD-NewTechs;RW;RSD;.DMD.;RCWAELC101;Electric Washing Machine;PJ;PJA;DMD;-;RCWA;ANNUAL;0,00
RSD-NewTechs;RW;RSD;.DMD.;RCWAELC201;Electric Washing Machine High Efficiency (AB);PJ;PJA;DMD;-;RCWA;ANNUAL;0,00
COM-NewTechs_V02;RW;COM;.DMD.;CWENNGEO101;Com Water Heat New Boiler - ENN - GEO101;PJ;GW;DMD;-;COMGEO;ANNUAL;0,00
RSD-NewTechs;RW;RSD;.DMD.;RCWAELC301;Electr. Comb Washing/Drying Medium Efficiency;PJ;PJA;DMD;-;RCWA;ANNUAL;0,00
RSD-NewTechs;RW;RSD;.DMD.;RCWAELC401;Elect. Comb Washing/Drying Mach High Efficiency;PJ;PJA;DMD;-;RCWA;ANNUAL;0,00
RSD-NewTechs;RW;RSD;.DMD.;RDWAELC101;Dish Washer medium efficiency (D);PJ;PJA;DMD;-;RDWA;ANNUAL;0,00
RSD-NewTechs;RW;RSD;.DMD.;RDWAELC201;Dish Washer high efficiency (A+,A++);PJ;PJA;DMD;-;RDWA;ANNUAL;0,00
RSD-NewTechs;RW;RSD;.DMD.;ROELELC101;Other Electricity Other Appliances.;PJ;PJA;DMD;-;ROEL;ANNUAL;0,00
RSD-NewTechs;RW;RSD;.DMD.;ROENGSL101;Rsd.Other Energy.GSL.01.Other.;PJ;PJA;DMD;-;ROEN;ANNUAL;0,00
RSD-NewTechs;RW;RSD;.DMD.;RREFELC501;Refrigerator/Freezer baseline 510 lts (Ass.AB);PJ;PJA;DMD;-;RREF;ANNUAL;0,00
RSD-NewTechs;RW;RSD;.DMD.;RREFELC601;Refrigerator/Freezer max eff 510 lts (Ass.A++);PJ;PJA;DMD;-;RREF;ANNUAL;0,00
COM-NewTechs_V02;RW;COM;.PRE.;CCBAGMXHP101;Com Space Cool New - BA - GMX101;PJ;GW;PRE;-;CCBA;ANNUAL;0,00
COM-NewTechs_V02;RW;COM;.PRE.;CCCOELC101;Com Space Cool New - CO - ELC101;PJ;GW;PRE;-;CCCO;ANNUAL;0,00
COM-NewTechs_V02;RW;COM;.DMD.;CCBANELC201;Com Space Cool New - BAN - ELC201;PJ;GW;DMD;-;COMELC;ANNUAL;0,00
COM-NewTechs_V02;RW;COM;.PRE.;CCCOELC201;Com Space Cool New - CO - ELC201;PJ;GW;PRE;-;CCCO;ANNUAL;0,00
COM-NewTechs_V02;RW;COM;.PRE.;CCCOELC301;Com Space Cool New - CO - ELC301;PJ;GW;PRE;-;CCCO;ANNUAL;0,00
COM-NewTechs_V02;RW;COM;.PRE.;CCCOELC401;Com Space Cool New - CO - ELC401;PJ;GW;PRE;-;CCCO;ANNUAL;0,00
COM-NewTechs_V02;RW;COM;.DMD.;CWENNELCHP201;Com Water Heat New Boiler - ENN - ELC201;PJ;GW;DMD;-;COMELC;ANNUAL;0,00
COM-NewTechs_V02;RW;COM;.PRE.;CCCOELCHP101;Com Space Cool New - CO - ELC101;PJ;GW;PRE;-;CCCO;ANNUAL;0,00
COM-NewTechs_V02;RW;COM;.PRE.;CHBAELC101;Com Space Heat New Boiler - BA - ELC101;PJ;GW;PRE;-;CHBA;ANNUAL;0,00
COM-NewTechs_V02;RW;COM;.PRE.;CHBAELC201;Com Space Heat New Boiler - BA - ELC201;PJ;GW;PRE;-;CHBA;ANNUAL;0,00
COM-NewTechs_V02;RW;COM;.PRE.;CHBAELCHP201;Com Space Heat New Heat Pump - CO - ELC201;PJ;GW;PRE;-;CHBA;ANNUAL;0,00
COM-NewTechs_V02;RW;COM;.PRE.;CHBAELCHP301;Com Space Heat New Heat Pump - CO - ELC301;PJ;GW;PRE;-;CHBA;ANNUAL;0,00
COM-NewTechs_V02;RW;COM;.PRE.;CHBAELCHP401;Com Space Heat New Heat Pump - CO - ELC401;PJ;GW;PRE;-;CHBA;ANNUAL;0,00
RSD-NewTechs;RW;RSD;.DMD.;RCDRELC101;Cloth drying high efficency (AB);PJ;PJA;DMD;-;RCDR;ANNUAL;0,00
COM-NewTechs_V02;RW;COM;.PRE.;CHBAELCHPR201;Com Space Heat New Heat Pump with reno - CO - ELC201;PJ;GW;PRE;-;CHBA;ANNUAL;0,00
COM-NewTechs_V02;RW;COM;.PRE.;CHBAELCHPR301;Com Space Heat New Heat Pump With Reno - CO - ELC301;PJ;GW;PRE;-;CHBA;ANNUAL;0,00
COM-NewTechs_V02;RW;COM;.PRE.;CHBAELCHPR401;Com Space Heat New Heat Pump With Reno - CO - ELC401;PJ;GW;PRE;-;CHBA;ANNUAL;0,00
COM-NewTechs_V02;RW;COM;.PRE.;CHBAGEO101;Com Space Heat New FC - BA - GEO101;PJ;GW;PRE;-;CHBA;ANNUAL;0,00
COM-NewTechs_V02;RW;COM;.PRE.;CHBAGMX201;Com Space Heat New Boiler - BA - GMX201;PJ;GW;PRE;-;CHBA;ANNUAL;0,00
COM-NewTechs_V02;RW;COM;.PRE.;CLIGBAELC401;CLIGBAELC401;PJ;GW;PRE;-;CLIGBA;ANNUAL;0,00
COM-NewTechs_V02;RW;COM;.PRE.;CHBAGMX401;Com Space Heat New Boiler - BA - GMX401;PJ;GW;PRE;-;CHBA;ANNUAL;0,00
COM-NewTechs_V02;RW;COM;.PRE.;CHBAGMXHP201;Com Space Heat New Heat Pump - BA - GMX201;PJ;GW;PRE;-;CHBA;ANNUAL;0,00
COM-NewTechs_V02;RW;COM;.PRE.;CHBAGMXHP202;Com Space Heat New Heat Pump - BA - GMX202;PJ;GW;PRE;-;CHBA;ANNUAL;0,00
COM-NewTechs_V02;RW;COM;.PRE.;CHBALPG201;Com Space Heat New Boiler - BA - LPG201;PJ;GW;PRE;-;CHBA;ANNUAL;0,00
COM-NewTechs_V02;RW;COM;.PRE.;CHBALPGHP202;Com Space Heat New Heat Pump - BA - LPG202;PJ;GW;PRE;-;CHBA;ANNUAL;0,00
COM-NewTechs_V02;RW;COM;.PRE.;CHBAOIL201;Com Space Heat New Boiler - BA - OIL201;PJ;GW;PRE;-;CHBA;ANNUAL;0,00
COM-NewTechs_V02;RW;COM;.PRE.;CLIGBAELC501;CLIGBAELC501;PJ;GW;PRE;-;CLIGBA;ANNUAL;0,00
COM-NewTechs_V02;RW;COM;.PRE.;CWBAELC101;Com Water Heat New Boiler - BA - ELC101;PJ;GW;PRE;-;CWBA;ANNUAL;0,00
COM-NewTechs_V02;RW;COM;.PRE.;CWBAELCHP201;Com Water Heat New Boiler - BA - ELC201;PJ;GW;PRE;-;CWBA;ANNUAL;0,00
COM-NewTechs_V02;RW;COM;.PRE.;CWBAGMX101;Com Water Heat New Boiler - BA - GMX101;PJ;GW;PRE;-;CWBA;ANNUAL;0,00
COM-NewTechs_V02;RW;COM;.PRE.;CWBALPG101;Com Water Heat New Boiler - BA - LPG101;PJ;GW;PRE;-;CWBA;ANNUAL;0,00
COM-NewTechs_V02;RW;COM;.PRE.;CWBAOIL101;Com Water Heat New Boiler - BA - OIL101;PJ;GW;PRE;-;CWBA;ANNUAL;0,00
COM-NewTechs_V02;RW;COM;.PRE.;CWBAPEL101;Com Water Heat New Boiler - BA - PEL101;PJ;GW;PRE;-;CWBA;ANNUAL;0,00
COM-NewTechs_V02;RW;COM;.PRE.;CWBASOL101;Com Water Heat New Boiler - BA - SOL101;PJ;GW;PRE;-;CWBA;ANNUAL;0,00
COM-NewTechs_V02;RW;COM;.PRE.;CWBASOLD101;Com Water Heat New Boiler with back up - BA - OIL101;PJ;GW;PRE;-;CWBA;ANNUAL;0,00
COM-NewTechs_V02;RW;COM;.PRE.;CWBASOLE101;Com Water Heat New Boiler with back up - BA - ELC101;PJ;GW;PRE;-;CWBA;ANNUAL;0,00
COM-NewTechs_V02;RW;COM;.PRE.;CWBASOLG101;Com Water Heat New Boiler with back up - BA - GMX101;PJ;GW;PRE;-;CWBA;ANNUAL;0,00
COM-NewTechs_V02;RW;COM;.PRE.;CCBPELC101;Com Space Cool New - BP - ELC101;PJ;GW;PRE;-;CCBP;ANNUAL;0,00
COM-NewTechs_V02;RW;COM;.PRE.;CCBPELC201;Com Space Cool New - BP - ELC201;PJ;GW;PRE;-;CCBP;ANNUAL;0,00
COM-NewTechs_V02;RW;COM;.DMD.;CCOKELC101;Com.Cooking.ELC.01.Stove.;PJ;PJA;DMD;-;CCOK;ANNUAL;0,00
COM-NewTechs_V02;RW;COM;.PRE.;CCBPELC301;Com Space Cool New - BP - ELC301;PJ;GW;PRE;-;CCBP;ANNUAL;0,00
RSD-NewTechs;RW;RSD;.PRE.;RH2FLPGN2;LPG boiler-RH2F-New2;PJ;GW;PRE;-;RH2FLPGN2_NRGO;ANNUAL;1,00
COM-NewTechs_V02;RW;COM;.PRE.;CCBPELC401;Com Space Cool New - BP - ELC401;PJ;GW;PRE;-;CCBP;ANNUAL;0,00
COM-NewTechs_V02;RW;COM;.PRE.;CCBPELCHP101;Com Space Cool New - BP - ELC101;PJ;GW;PRE;-;CCBP;ANNUAL;0,00
COM-NewTechs_V02;RW;COM;.PRE.;CCBPGMXHP101;Com Space Cool New - BP - GMX101;PJ;GW;PRE;-;CCBP;ANNUAL;0,00
COM-NewTechs_V02;RW;COM;.PRE.;CHBPELC101;Com Space Heat New Boiler - BP - ELC101;PJ;GW;PRE;-;CHBP;ANNUAL;0,00
COM-NewTechs_V02;RW;COM;.PRE.;CHBPELC201;Com Space Heat New Boiler - BP - ELC201;PJ;GW;PRE;-;CHBP;ANNUAL;0,00
COM-NewTechs_V02;RW;COM;.PRE.;CHBPELCHP201;Com Space Heat New Heat pump - BP - ELC201;PJ;GW;PRE;-;CHBP;ANNUAL;0,00
COM-NewTechs_V02;RW;COM;.PRE.;CHBPELCHP301;Com Space Heat New Heat pump - BP - ELC301;PJ;GW;PRE;-;CHBP;ANNUAL;0,00
COM-NewTechs_V02;RW;COM;.PRE.;CHBPELCHP401;Com Space Heat New Heat pump - BP - ELC401;PJ;GW;PRE;-;CHBP;ANNUAL;0,00
COM-NewTechs_V02;RW;COM;.PRE.;CHBPELCHPR201;Com Space Heat New Heat Pump With reno - BP - ELC201;PJ;GW;PRE;-;CHBP;ANNUAL;0,00
COM-NewTechs_V02;RW;COM;.PRE.;CHBPELCHPR301;Com Space Heat New Heat Pump With reno - BP - ELC301;PJ;GW;PRE;-;CHBP;ANNUAL;0,00
COM-NewTechs_V02;RW;COM;.PRE.;CHBPELCHPR401;Com Space Heat New Heat Pump With reno - BP - ELC401;PJ;GW;PRE;-;CHBP;ANNUAL;0,00
COM-NewTechs_V02;RW;COM;.PRE.;CHBPGEO101;Com Space Heat New FC - BP - GEO101;PJ;GW;PRE;-;CHBP;ANNUAL;0,00
COM-NewTechs_V02;RW;COM;.PRE.;CHBPGMX201;Com Space Heat New Boiler - BP - GMX201;PJ;GW;PRE;-;CHBP;ANNUAL;0,00
COM-NewTechs_V02;RW;COM;.PRE.;CHBPGMX401;Com Space Heat New Boiler - BP - GMX401;PJ;GW;PRE;-;CHBP;ANNUAL;0,00
COM-NewTechs_V02;RW;COM;.PRE.;CHBPGMXHP201;Com Space Heat New Heat Pump - BP - GMX201;PJ;GW;PRE;-;CHBP;ANNUAL;0,00
COM-NewTechs_V02;RW;COM;.PRE.;CHBPGMXHP202;Com Space Heat New Heat Pump - BP - GMX202;PJ;GW;PRE;-;CHBP;ANNUAL;0,00
COM-NewTechs_V02;RW;COM;.PRE.;CHBPLPG201;Com Space Heat New Boiler - BP - LPG201;PJ;GW;PRE;-;CHBP;ANNUAL;0,00
COM-NewTechs_V02;RW;COM;.PRE.;CHBPLPGHP202;Com Space Heat New Heat Pump - BP - LPG202;PJ;GW;PRE;-;CHBP;ANNUAL;0,00
COM-NewTechs_V02;RW;COM;.PRE.;CHBPOIL201;Com Space Heat New Boiler - BP - OIL201;PJ;GW;PRE;-;CHBP;ANNUAL;0,00
COM-NewTechs_V02;RW;COM;.PRE.;CLIGBPELC401;CLIGBPELC401;PJ;GW;PRE;-;CLIGBP;ANNUAL;0,00
COM-NewTechs_V02;RW;COM;.PRE.;CLIGBPELC501;CLIGBPELC501;PJ;GW;PRE;-;CLIGBP;ANNUAL;0,00
COM-NewTechs_V02;RW;COM;.PRE.;CWBPELC101;Com Water Heat New Boiler - BP - ELC101;PJ;GW;PRE;-;CWBP;ANNUAL;0,00
COM-NewTechs_V02;RW;COM;.PRE.;CWBPELCHP201;Com Water Heat New Boiler - BP - ELC201;PJ;GW;PRE;-;CWBP;ANNUAL;0,00
COM-NewTechs_V02;RW;COM;.PRE.;CWBPGEO101;Com Water Heat New Boiler - BP - GEO101;PJ;GW;PRE;-;CWBP;ANNUAL;0,00
COM-NewTechs_V02;RW;COM;.PRE.;CWBPGMX101;Com Water Heat New Boiler - BP - GMX101;PJ;GW;PRE;-;CWBP;ANNUAL;0,00
COM-NewTechs_V02;RW;COM;.PRE.;CWBPLPG101;Com Water Heat New Boiler - BP - LPG101;PJ;GW;PRE;-;CWBP;ANNUAL;0,00
COM-NewTechs_V02;RW;COM;.PRE.;CWBPOIL101;Com Water Heat New Boiler - BP - OIL101;PJ;GW;PRE;-;CWBP;ANNUAL;0,00
COM-NewTechs_V02;RW;COM;.PRE.;CWBPPEL101;Com Water Heat New Boiler - BP - PEL101;PJ;GW;PRE;-;CWBP;ANNUAL;0,00
COM-NewTechs_V02;RW;COM;.PRE.;CWBPSOL101;Com Water Heat New Boiler - BP - SOL101;PJ;GW;PRE;-;CWBP;ANNUAL;0,00
COM-NewTechs_V02;RW;COM;.PRE.;CWBPSOLD101;Com Water Heat New Boiler with back up - BP - OIL101;PJ;GW;PRE;-;CWBP;ANNUAL;0,00
COM-NewTechs_V02;RW;COM;.PRE.;CWBPSOLE101;Com Water Heat New Boiler with back up - BP - ELC101;PJ;GW;PRE;-;CWBP;ANNUAL;0,00
COM-NewTechs_V02;RW;COM;.PRE.;CWBPSOLG101;Com Water Heat New Boiler with back up - BP - GMX101;PJ;GW;PRE;-;CWBP;ANNUAL;0,00
COM-NewTechs_V02;RW;COM;.PRE.;CCCOELC101;Com Space Cool New - CO - ELC101;PJ;GW;PRE;-;CCCO;ANNUAL;0,00
COM-NewTechs_V02;RW;COM;.PRE.;CCCOELC201;Com Space Cool New - CO - ELC201;PJ;GW;PRE;-;CCCO;ANNUAL;0,00
COM-NewTechs_V02;RW;COM;.PRE.;CCCOELC301;Com Space Cool New - CO - ELC301;PJ;GW;PRE;-;CCCO;ANNUAL;0,00
COM-NewTechs_V02;RW;COM;.PRE.;CCCOELC401;Com Space Cool New - CO - ELC401;PJ;GW;PRE;-;CCCO;ANNUAL;0,00
COM-NewTechs_V02;RW;COM;.PRE.;CCCOELCHP101;Com Space Cool New - CO - ELC101;PJ;GW;PRE;-;CCCO;ANNUAL;0,00
COM-NewTechs_V02;RW;COM;.PRE.;CCCOGMXHP101;Com Space Cool New - CO - GMX101;PJ;GW;PRE;-;CCCO;ANNUAL;0,00
COM-NewTechs_V02;RW;COM;.PRE.;CHCOELC101;Com Space Heat New Boiler - CO - ELC101;PJ;GW;PRE;-;CHCO;ANNUAL;0,00
COM-NewTechs_V02;RW;COM;.PRE.;CHCOELC201;Com Space Heat New Boiler - CO - ELC201;PJ;GW;PRE;-;CHCO;ANNUAL;0,00
COM-NewTechs_V02;RW;COM;.PRE.;CHCOELCHP201;Com Space Heat New Heat Pump - CO - ELC201;PJ;GW;PRE;-;CHCO;ANNUAL;0,00
COM-NewTechs_V02;RW;COM;.PRE.;CHCOELCHP301;Com Space Heat New Heat Pump - CO - ELC301;PJ;GW;PRE;-;CHCO;ANNUAL;0,00
COM-NewTechs_V02;RW;COM;.PRE.;CHCOELCHP401;Com Space Heat New Heat Pump - CO - ELC401;PJ;GW;PRE;-;CHCO;ANNUAL;0,00
COM-NewTechs_V02;RW;COM;.PRE.;CHCOELCHPR201;Com Space Heat New Heat Pump with reno - CO - ELC201;PJ;GW;PRE;-;CHCO;ANNUAL;0,00
COM-NewTechs_V02;RW;COM;.PRE.;CHCOELCHPR301;Com Space Heat New Heat Pump With Reno - CO - ELC301;PJ;GW;PRE;-;CHCO;ANNUAL;0,00
COM-NewTechs_V02;RW;COM;.PRE.;CHCOELCHPR401;Com Space Heat New Heat Pump With Reno - CO - ELC401;PJ;GW;PRE;-;CHCO;ANNUAL;0,00
COM-NewTechs_V02;RW;COM;.PRE.;CHCOGEO101;Com Space Heat New FC - CO - GEO101;PJ;GW;PRE;-;CHCO;ANNUAL;0,00
COM-NewTechs_V02;RW;COM;.PRE.;CHCOGMX201;Com Space Heat New Boiler - CO - GMX201;PJ;GW;PRE;-;CHCO;ANNUAL;0,00
COM-NewTechs_V02;RW;COM;.PRE.;CHCOGMX401;Com Space Heat New Boiler - CO - GMX401;PJ;GW;PRE;-;CHCO;ANNUAL;0,00
COM-NewTechs_V02;RW;COM;.PRE.;CHCOGMXHP201;Com Space Heat New Heat Pump - CO - GMX201;PJ;GW;PRE;-;CHCO;ANNUAL;0,00
COM-NewTechs_V02;RW;COM;.PRE.;CHCOGMXHP202;Com Space Heat New Heat Pump - CO - GMX202;PJ;GW;PRE;-;CHCO;ANNUAL;0,00
COM-NewTechs_V02;RW;COM;.PRE.;CHCOLPG201;Com Space Heat New Boiler - CO - LPG201;PJ;GW;PRE;-;CHCO;ANNUAL;0,00
COM-NewTechs_V02;RW;COM;.PRE.;CHCOLPGHP202;Com Space Heat New Heat Pump - CO - LPG202;PJ;GW;PRE;-;CHCO;ANNUAL;0,00
COM-NewTechs_V02;RW;COM;.PRE.;CHCOOIL201;Com Space Heat New Boiler - CO - OIL201;PJ;GW;PRE;-;CHCO;ANNUAL;0,00
COM-NewTechs_V02;RW;COM;.PRE.;CLIGCOELC401;CLIGCOELC401;PJ;GW;PRE;-;CLIGCO;ANNUAL;0,00
COM-NewTechs_V02;RW;COM;.PRE.;CLIGCOELC501;CLIGCOELC501;PJ;GW;PRE;-;CLIGCO;ANNUAL;0,00
COM-NewTechs_V02;RW;COM;.PRE.;CWCOELC101;Com Water Heat New Boiler - CO - ELC101;PJ;GW;PRE;-;CWCO;ANNUAL;0,00
COM-NewTechs_V02;RW;COM;.PRE.;CWCOELCHP201;Com Water Heat New Boiler - CO - ELC201;PJ;GW;PRE;-;CWCO;ANNUAL;0,00
COM-NewTechs_V02;RW;COM;.PRE.;CWCOGMX101;Com Water Heat New Boiler - CO - GMX101;PJ;GW;PRE;-;CWCO;ANNUAL;0,00
COM-NewTechs_V02;RW;COM;.PRE.;CWCOLPG101;Com Water Heat New Boiler - CO - LPG101;PJ;GW;PRE;-;CWCO;ANNUAL;0,00
COM-NewTechs_V02;RW;COM;.PRE.;CWCOOIL101;Com Water Heat New Boiler - CO - OIL101;PJ;GW;PRE;-;CWCO;ANNUAL;0,00
COM-NewTechs_V02;RW;COM;.PRE.;CWCOPEL101;Com Water Heat New Boiler - CO - PEL101;PJ;GW;PRE;-;CWCO;ANNUAL;0,00
COM-NewTechs_V02;RW;COM;.PRE.;CWCOSOL101;Com Water Heat New Boiler - CO - SOL101;PJ;GW;PRE;-;CWCO;ANNUAL;0,00
COM-NewTechs_V02;RW;COM;.PRE.;CWCOSOLD101;Com Water Heat New Boiler with back up - CO - OIL101;PJ;GW;PRE;-;CWCO;ANNUAL;0,00
COM-NewTechs_V02;RW;COM;.PRE.;CWCOSOLE101;Com Water Heat New Boiler with back up - CO - ELC101;PJ;GW;PRE;-;CWCO;ANNUAL;0,00
COM-NewTechs_V02;RW;COM;.PRE.;CWCOSOLG101;Com Water Heat New Boiler with back up - CO - GMX101;PJ;GW;PRE;-;CWCO;ANNUAL;0,00
COM-NewTechs_V02;RW;COM;.PRE.;MINCOMAHT;Mining Comemrcial Ambient Heat;PJ;PJA;PRE;-;COMAHT;ANNUAL;0,00
COM-NewTechs_V02;RW;COM;.PRE.;MINCOMGHT;Mining Comemrcial Ground Heat;PJ;PJA;PRE;-;COMGHT;ANNUAL;0,00
COM-NewTechs_V02;RW;COM;.PRE.;CCCSELC101;Com Space Cool New - CS - ELC101;PJ;GW;PRE;-;CCCS;ANNUAL;0,00
COM-NewTechs_V02;RW;COM;.PRE.;CCCSELC201;Com Space Cool New - CS - ELC201;PJ;GW;PRE;-;CCCS;ANNUAL;0,00
COM-NewTechs_V02;RW;COM;.PRE.;CCCSELC301;Com Space Cool New - CS - ELC301;PJ;GW;PRE;-;CCCS;ANNUAL;0,00
COM-NewTechs_V02;RW;COM;.PRE.;CCCSELC401;Com Space Cool New - CS - ELC401;PJ;GW;PRE;-;CCCS;ANNUAL;0,00
COM-NewTechs_V02;RW;COM;.PRE.;CCCSELCHP101;Com Space Cool New - CS - ELC101;PJ;GW;PRE;-;CCCS;ANNUAL;0,00
COM-NewTechs_V02;RW;COM;.PRE.;CCCSGMXHP101;Com Space Cool New - CS - GMX101;PJ;GW;PRE;-;CCCS;ANNUAL;0,00
COM-NewTechs_V02;RW;COM;.PRE.;CHCSELC101;Com Space Heat New Boiler - CS - ELC101;PJ;GW;PRE;-;CHCS;ANNUAL;0,00
COM-NewTechs_V02;RW;COM;.PRE.;CHCSELC201;Com Space Heat New Boiler - CS - ELC201;PJ;GW;PRE;-;CHCS;ANNUAL;0,00
COM-NewTechs_V02;RW;COM;.PRE.;CHCSELCHP201;Com Space Heat New heat pump - CS - ELC201;PJ;GW;PRE;-;CHCS;ANNUAL;0,00
COM-NewTechs_V02;RW;COM;.PRE.;CHCSELCHP301;Com Space Heat New heat pump - CS - ELC301;PJ;GW;PRE;-;CHCS;ANNUAL;0,00
COM-NewTechs_V02;RW;COM;.PRE.;CHCSELCHP401;Com Space Heat New heat pump - CS - ELC401;PJ;GW;PRE;-;CHCS;ANNUAL;0,00
COM-NewTechs_V02;RW;COM;.PRE.;CHCSELCHPELC201;Com Space Heat New heat pump with réno - CS - ELC201;PJ;GW;PRE;-;CHCS;ANNUAL;0,00
COM-NewTechs_V02;RW;COM;.PRE.;CHCSELCHPELC301;Com Space Heat New heat pump with réno - CS - ELC301;PJ;GW;PRE;-;CHCS;ANNUAL;0,00
COM-NewTechs_V02;RW;COM;.PRE.;CCDATAELC201;Com Space Cool New - DATA - ELC201;PJ;GW;PRE;-;CCDATA;ANNUAL;0,00
COM-NewTechs_V02;RW;COM;.PRE.;CHCSELCHPELC401;Com Space Heat New heat pump with réno - CS - ELC401;PJ;GW;PRE;-;CHCS;ANNUAL;0,00
COM-NewTechs_V02;RW;COM;.PRE.;CHCSGEO101;Com Space Heat New FC - CS - GEO101;PJ;GW;PRE;-;CHCS;ANNUAL;0,00
COM-NewTechs_V02;RW;COM;.PRE.;CHCSGMX201;Com Space Heat New Boiler - CS - GMX201;PJ;GW;PRE;-;CHCS;ANNUAL;0,00
COM-NewTechs_V02;RW;COM;.PRE.;CHCSGMX401;Com Space Heat New Boiler - CS - GMX401;PJ;GW;PRE;-;CHCS;ANNUAL;0,00
COM-NewTechs_V02;RW;COM;.PRE.;CHCSGMXHP201;Com Space Heat New Heat Pump - CS - GMX201;PJ;GW;PRE;-;CHCS;ANNUAL;0,00
COM-NewTechs_V02;RW;COM;.PRE.;CHCSGMXHP202;Com Space Heat New Heat Pump - CS - GMX202;PJ;GW;PRE;-;CHCS;ANNUAL;0,00
COM-NewTechs_V02;RW;COM;.PRE.;CHCSLPG201;Com Space Heat New Boiler - CS - LPG201;PJ;GW;PRE;-;CHCS;ANNUAL;0,00
COM-NewTechs_V02;RW;COM;.PRE.;CHCSLPGHP202;Com Space Heat New Heat Pump - CS - LPG202;PJ;GW;PRE;-;CHCS;ANNUAL;0,00
COM-NewTechs_V02;RW;COM;.PRE.;CHCSOIL201;Com Space Heat New Boiler - CS - OIL201;PJ;GW;PRE;-;CHCS;ANNUAL;0,00
COM-NewTechs_V02;RW;COM;.PRE.;CLIGCSELC401;CLIGCSELC401;PJ;GW;PRE;-;CLIGCS;ANNUAL;0,00
COM-NewTechs_V02;RW;COM;.PRE.;CLIGCSELC501;CLIGCSELC501;PJ;GW;PRE;-;CLIGCS;ANNUAL;0,00
COM-NewTechs_V02;RW;COM;.PRE.;CWCSELC101;Com Water Heat New Boiler - CS - ELC101;PJ;GW;PRE;-;CWCS;ANNUAL;0,00
COM-NewTechs_V02;RW;COM;.PRE.;CWCSGEO101;Com Water Heat New Boiler - CS - GEO101;PJ;GW;PRE;-;CWCS;ANNUAL;0,00
COM-NewTechs_V02;RW;COM;.PRE.;CWCSGMX101;Com Water Heat New Boiler - CS - GMX101;PJ;GW;PRE;-;CWCS;ANNUAL;0,00
COM-NewTechs_V02;RW;COM;.PRE.;CWCSLPG101;Com Water Heat New Boiler - CS - LPG101;PJ;GW;PRE;-;CWCS;ANNUAL;0,00
COM-NewTechs_V02;RW;COM;.PRE.;CWCSOIL101;Com Water Heat New Boiler - CS - OIL101;PJ;GW;PRE;-;CWCS;ANNUAL;0,00
COM-NewTechs_V02;RW;COM;.PRE.;CWCSPEL101;Com Water Heat New Boiler - CS - PEL101;PJ;GW;PRE;-;CWCS;ANNUAL;0,00
COM-NewTechs_V02;RW;COM;.PRE.;CWCSSOL101;Com Water Heat New Boiler - CS - SOL101;PJ;GW;PRE;-;CWCS;ANNUAL;0,00
COM-NewTechs_V02;RW;COM;.PRE.;CWCSSOLD101;Com Water Heat New Boiler with back up - CS - OIL101;PJ;GW;PRE;-;CWCS;ANNUAL;0,00
COM-NewTechs_V02;RW;COM;.PRE.;CWCSSOLE101;Com Water Heat New Boiler with back up - CS - ELC101;PJ;GW;PRE;-;CWCS;ANNUAL;0,00
COM-NewTechs_V02;RW;COM;.PRE.;CWCSSOLG101;Com Water Heat New Boiler with back up - CS - GMX101;PJ;GW;PRE;-;CWCS;ANNUAL;0,00
COM-NewTechs_V02;RW;COM;.PRE.;CCDATAELC101;Com Space Cool New - DATA - ELC101;PJ;GW;PRE;-;CCDATA;ANNUAL;0,00
COM-NewTechs_V02;RW;COM;.PRE.;CCDATAELC301;Com Space Cool New - DATA - ELC301;PJ;GW;PRE;-;CCDATA;ANNUAL;0,00
COM-NewTechs_V02;RW;COM;.PRE.;CCDATAELC401;Com Space Cool New - DATA - ELC401;PJ;GW;PRE;-;CCDATA;ANNUAL;0,00
COM-NewTechs_V02;RW;COM;.PRE.;CCDATAELCHP101;Com Space Cool New - DATA - ELC101;PJ;GW;PRE;-;CCDATA;ANNUAL;0,00
COM-NewTechs_V02;RW;COM;.PRE.;CCDATAGMXHP101;Com Space Cool New - DATA - GMX101;PJ;GW;PRE;-;CCDATA;ANNUAL;0,00
COM-NewTechs_V02;RW;COM;.PRE.;CHDATAELC101;Com Space Heat New Boiler - DATA - ELC101;PJ;GW;PRE;-;CHDATA;ANNUAL;0,00
COM-NewTechs_V02;RW;COM;.PRE.;CHDATAELC201;Com Space Heat New Boiler - DATA - ELC201;PJ;GW;PRE;-;CHDATA;ANNUAL;0,00
COM-NewTechs_V02;RW;COM;.PRE.;CHDATAELCHP201;Com Space Heat New Heat pump - DATA - ELC201;PJ;GW;PRE;-;CHDATA;ANNUAL;0,00
COM-NewTechs_V02;RW;COM;.PRE.;CHDATAELCHP301;Com Space Heat New Heat pump - DATA - ELC301;PJ;GW;PRE;-;CHDATA;ANNUAL;0,00
COM-NewTechs_V02;RW;COM;.PRE.;CHDATAELCHP401;Com Space Heat New Heat pump - DATA - ELC401;PJ;GW;PRE;-;CHDATA;ANNUAL;0,00
COM-NewTechs_V02;RW;COM;.PRE.;CHDATAELCHPR201;Com Space Heat New Heat Pump With reno - DATA - ELC201;PJ;GW;PRE;-;CHDATA;ANNUAL;0,00
COM-NewTechs_V02;RW;COM;.PRE.;CHDATAELCHPR301;Com Space Heat New Heat Pump With reno - DATA - ELC301;PJ;GW;PRE;-;CHDATA;ANNUAL;0,00
COM-NewTechs_V02;RW;COM;.PRE.;CHDATAGEO101;Com Space Heat New FC - DATA - GEO101;PJ;GW;PRE;-;CHDATA;ANNUAL;0,00
COM-NewTechs_V02;RW;COM;.PRE.;CHDATAGMX201;Com Space Heat New Boiler - DATA - GMX201;PJ;GW;PRE;-;CHDATA;ANNUAL;0,00
COM-NewTechs_V02;RW;COM;.PRE.;CHDATAGMX401;Com Space Heat New Boiler - DATA - GMX401;PJ;GW;PRE;-;CHDATA;ANNUAL;0,00
COM-NewTechs_V02;RW;COM;.PRE.;CHDATAGMXHP201;Com Space Heat New Heat Pump - DATA - GMX201;PJ;GW;PRE;-;CHDATA;ANNUAL;0,00
COM-NewTechs_V02;RW;COM;.PRE.;CHDATAGMXHP202;Com Space Heat New Heat Pump - DATA - GMX202;PJ;GW;PRE;-;CHDATA;ANNUAL;0,00
COM-NewTechs_V02;RW;COM;.PRE.;CHDATALPG201;Com Space Heat New Boiler - DATA - LPG201;PJ;GW;PRE;-;CHDATA;ANNUAL;0,00
COM-NewTechs_V02;RW;COM;.PRE.;CHDATALPGHP202;Com Space Heat New Heat Pump - DATA - LPG202;PJ;GW;PRE;-;CHDATA;ANNUAL;0,00
COM-NewTechs_V02;RW;COM;.PRE.;CHDATAOIL201;Com Space Heat New Boiler - DATA - OIL201;PJ;GW;PRE;-;CHDATA;ANNUAL;0,00
COM-NewTechs_V02;RW;COM;.PRE.;CLIGDATAELC401;CLIGDATAELC401;PJ;GW;PRE;-;CLIGDATA;ANNUAL;0,00
COM-NewTechs_V02;RW;COM;.PRE.;CLIGDATAELC501;CLIGDATAELC501;PJ;GW;PRE;-;CLIGDATA;ANNUAL;0,00
COM-NewTechs_V02;RW;COM;.PRE.;CWDATAELC101;Com Water Heat New Boiler - DATA - ELC101;PJ;GW;PRE;-;CWDATA;ANNUAL;0,00
COM-NewTechs_V02;RW;COM;.PRE.;CWDATAELCHP201;Com Water Heat New Boiler - DATA - ELC201;PJ;GW;PRE;-;CWDATA;ANNUAL;0,00
COM-NewTechs_V02;RW;COM;.PRE.;CWDATAGMX101;Com Water Heat New Boiler - DATA - GMX101;PJ;GW;PRE;-;CWDATA;ANNUAL;0,00
COM-NewTechs_V02;RW;COM;.PRE.;CWDATALPG101;Com Water Heat New Boiler - DATA - LPG101;PJ;GW;PRE;-;CWDATA;ANNUAL;0,00
COM-NewTechs_V02;RW;COM;.PRE.;CWDATAOIL101;Com Water Heat New Boiler - DATA - OIL101;PJ;GW;PRE;-;CWDATA;ANNUAL;0,00
COM-NewTechs_V02;RW;COM;.PRE.;CWDATAPEL101;Com Water Heat New Boiler - DATA - PEL101;PJ;GW;PRE;-;CWDATA;ANNUAL;0,00
COM-NewTechs_V02;RW;COM;.PRE.;CCCOELC101;Com Space Cool New - CO - ELC101;PJ;GW;PRE;-;CCCO;ANNUAL;0,00
COM-NewTechs_V02;RW;COM;.PRE.;CCCOELC201;Com Space Cool New - CO - ELC201;PJ;GW;PRE;-;CCCO;ANNUAL;0,00
COM-NewTechs_V02;RW;COM;.PRE.;CCCOELC301;Com Space Cool New - CO - ELC301;PJ;GW;PRE;-;CCCO;ANNUAL;0,00
COM-NewTechs_V02;RW;COM;.PRE.;CCCOELC401;Com Space Cool New - CO - ELC401;PJ;GW;PRE;-;CCCO;ANNUAL;0,00
COM-NewTechs_V02;RW;COM;.PRE.;CCCOELCHP101;Com Space Cool New - CO - ELC101;PJ;GW;PRE;-;CCCO;ANNUAL;0,00
COM-NewTechs_V02;RW;COM;.PRE.;CCENGMXHP101;Com Space Cool New - EN - GMX101;PJ;GW;PRE;-;CCEN;ANNUAL;0,00
COM-NewTechs_V02;RW;COM;.PRE.;CHENELC101;Com Space Heat New Boiler - EN - ELC101;PJ;GW;PRE;-;CHEN;ANNUAL;0,00
COM-NewTechs_V02;RW;COM;.PRE.;CHENELC201;Com Space Heat New Boiler - EN - ELC201;PJ;GW;PRE;-;CHEN;ANNUAL;0,00
COM-NewTechs_V02;RW;COM;.PRE.;CHENELCHP201;Com Space Heat New Heat Pump - CO - ELC201;PJ;GW;PRE;-;CHEN;ANNUAL;0,00
COM-NewTechs_V02;RW;COM;.PRE.;CHENELCHP301;Com Space Heat New Heat Pump - CO - ELC301;PJ;GW;PRE;-;CHEN;ANNUAL;0,00
COM-NewTechs_V02;RW;COM;.PRE.;CHENELCHP401;Com Space Heat New Heat Pump - CO - ELC401;PJ;GW;PRE;-;CHEN;ANNUAL;0,00
COM-NewTechs_V02;RW;COM;.PRE.;CHENELCHPR201;Com Space Heat New Heat Pump with reno - CO - ELC201;PJ;GW;PRE;-;CHEN;ANNUAL;0,00
COM-NewTechs_V02;RW;COM;.PRE.;CHENELCHPR301;Com Space Heat New Heat Pump With Reno - CO - ELC301;PJ;GW;PRE;-;CHEN;ANNUAL;0,00
COM-NewTechs_V02;RW;COM;.PRE.;CHENELCHPR401;Com Space Heat New Heat Pump With Reno - CO - ELC401;PJ;GW;PRE;-;CHEN;ANNUAL;0,00
COM-NewTechs_V02;RW;COM;.PRE.;CHENGEO101;Com Space Heat New FC - EN - GEO101;PJ;GW;PRE;-;CHEN;ANNUAL;0,00
COM-NewTechs_V02;RW;COM;.PRE.;CHENGMX201;Com Space Heat New Boiler - EN - GMX201;PJ;GW;PRE;-;CHEN;ANNUAL;0,00
COM-NewTechs_V02;RW;COM;.PRE.;CHENGMX401;Com Space Heat New Boiler - EN - GMX401;PJ;GW;PRE;-;CHEN;ANNUAL;0,00
COM-NewTechs_V02;RW;COM;.PRE.;CHENGMXHP201;Com Space Heat New Heat Pump - EN - GMX201;PJ;GW;PRE;-;CHEN;ANNUAL;0,00
COM-NewTechs_V02;RW;COM;.PRE.;CHENGMXHP202;Com Space Heat New Heat Pump - EN - GMX202;PJ;GW;PRE;-;CHEN;ANNUAL;0,00
COM-NewTechs_V02;RW;COM;.PRE.;CHENLPG201;Com Space Heat New Boiler - EN - LPG201;PJ;GW;PRE;-;CHEN;ANNUAL;0,00
COM-NewTechs_V02;RW;COM;.PRE.;CHENLPGHP202;Com Space Heat New Heat Pump - EN - LPG202;PJ;GW;PRE;-;CHEN;ANNUAL;0,00
COM-NewTechs_V02;RW;COM;.PRE.;CHENOIL201;Com Space Heat New Boiler - EN - OIL201;PJ;GW;PRE;-;CHEN;ANNUAL;0,00
COM-NewTechs_V02;RW;COM;.PRE.;CLIGENELC301;CLIGENELC301;PJ;GW;PRE;-;CLIGEN;ANNUAL;0,00
COM-NewTechs_V02;RW;COM;.PRE.;CLIGENELC401;CLIGENELC401;PJ;GW;PRE;-;CLIGEN;ANNUAL;0,00
COM-NewTechs_V02;RW;COM;.PRE.;CLIGENELC501;CLIGENELC501;PJ;GW;PRE;-;CLIGEN;ANNUAL;0,00
COM-NewTechs_V02;RW;COM;.PRE.;CWENELC101;Com Water Heat New Boiler - EN - ELC101;PJ;GW;PRE;-;CWEN;ANNUAL;0,00
COM-NewTechs_V02;RW;COM;.PRE.;CWENELCHP201;Com Water Heat New Boiler - EN - ELC201;PJ;GW;PRE;-;CWEN;ANNUAL;0,00
COM-NewTechs_V02;RW;COM;.PRE.;CWENGMX101;Com Water Heat New Boiler - EN - GMX101;PJ;GW;PRE;-;CWEN;ANNUAL;0,00
COM-NewTechs_V02;RW;COM;.PRE.;CWENLPG101;Com Water Heat New Boiler - EN - LPG101;PJ;GW;PRE;-;CWEN;ANNUAL;0,00
COM-NewTechs_V02;RW;COM;.PRE.;CWENOIL101;Com Water Heat New Boiler - EN - OIL101;PJ;GW;PRE;-;CWEN;ANNUAL;0,00
COM-NewTechs_V02;RW;COM;.PRE.;CWENPEL101;Com Water Heat New Boiler - EN - PEL101;PJ;GW;PRE;-;CWEN;ANNUAL;0,00
COM-NewTechs_V02;RW;COM;.PRE.;CWENSOL101;Com Water Heat New Boiler - EN - SOL101;PJ;GW;PRE;-;CWEN;ANNUAL;0,00
COM-NewTechs_V02;RW;COM;.PRE.;CWENSOLD101;Com Water Heat New Boiler with back up - EN - OIL101;PJ;GW;PRE;-;CWEN;ANNUAL;0,00
COM-NewTechs_V02;RW;COM;.PRE.;CWENSOLE101;Com Water Heat New Boiler with back up - EN - ELC101;PJ;GW;PRE;-;CWEN;ANNUAL;0,00
COM-NewTechs_V02;RW;COM;.PRE.;CWENSOLG101;Com Water Heat New Boiler with back up - EN - GMX101;PJ;GW;PRE;-;CWEN;ANNUAL;0,00
COM-NewTechs_V02;RW;COM;.PRE.;CCNBAELC101;Com Space Cool New - NBA - ELC101;PJ;GW;PRE;-;CCNBA;ANNUAL;0,00
COM-NewTechs_V02;RW;COM;.PRE.;CCNBAELC201;Com Space Cool New - NBA - ELC201;PJ;GW;PRE;-;CCNBA;ANNUAL;0,00
COM-NewTechs_V02;RW;COM;.PRE.;CCNBAELC301;Com Space Cool New - NBA - ELC301;PJ;GW;PRE;-;CCNBA;ANNUAL;0,00
COM-NewTechs_V02;RW;COM;.PRE.;CCNBAELC401;Com Space Cool New - NBA - ELC401;PJ;GW;PRE;-;CCNBA;ANNUAL;0,00
COM-NewTechs_V02;RW;COM;.PRE.;CCNBAELCHP101;Com Space Cool New - NBA - ELC101;PJ;GW;PRE;-;CCNBA;ANNUAL;0,00
COM-NewTechs_V02;RW;COM;.PRE.;CCNBAGMXHP101;Com Space Cool New - NBA - GMX101;PJ;GW;PRE;-;CCNBA;ANNUAL;0,00
COM-NewTechs_V02;RW;COM;.PRE.;CHNBAELC101;Com Space Heat New Boiler - NBA - ELC101;PJ;GW;PRE;-;CHNBA;ANNUAL;0,00
COM-NewTechs_V02;RW;COM;.PRE.;CHNBAELC201;Com Space Heat New Boiler - NBA - ELC201;PJ;GW;PRE;-;CHNBA;ANNUAL;0,00
COM-NewTechs_V02;RW;COM;.PRE.;CHNBAELCHP201;Com Space Heat New heat pump - NBA - ELC201;PJ;GW;PRE;-;CHNBA;ANNUAL;0,00
COM-NewTechs_V02;RW;COM;.PRE.;CHNBAELCHP301;Com Space Heat New heat pump - NBA - ELC301;PJ;GW;PRE;-;CHNBA;ANNUAL;0,00
COM-NewTechs_V02;RW;COM;.PRE.;CHNBAELCHP401;Com Space Heat New heat pump - NBA - ELC401;PJ;GW;PRE;-;CHNBA;ANNUAL;0,00
COM-NewTechs_V02;RW;COM;.PRE.;CHNBAGEO101;Com Space Heat New FC - NBA - GEO101;PJ;GW;PRE;-;CHNBA;ANNUAL;0,00
COM-NewTechs_V02;RW;COM;.PRE.;CHNBAGMX201;Com Space Heat New Boiler - NBA - GMX201;PJ;GW;PRE;-;CHNBA;ANNUAL;0,00
COM-NewTechs_V02;RW;COM;.PRE.;CHNBAGMX401;Com Space Heat New Boiler - NBA - GMX401;PJ;GW;PRE;-;CHNBA;ANNUAL;0,00
COM-NewTechs_V02;RW;COM;.PRE.;CHNBAGMXHP201;Com Space Heat New Heat Pump - NBA - GMX201;PJ;GW;PRE;-;CHNBA;ANNUAL;0,00
COM-NewTechs_V02;RW;COM;.PRE.;CHNBAGMXHP202;Com Space Heat New Heat Pump - NBA - GMX202;PJ;GW;PRE;-;CHNBA;ANNUAL;0,00
COM-NewTechs_V02;RW;COM;.PRE.;CHNBALPG201;Com Space Heat New Boiler - NBA - LPG201;PJ;GW;PRE;-;CHNBA;ANNUAL;0,00
COM-NewTechs_V02;RW;COM;.PRE.;CHNBALPGHP202;Com Space Heat New Heat Pump - NBA - LPG202;PJ;GW;PRE;-;CHNBA;ANNUAL;0,00
COM-NewTechs_V02;RW;COM;.PRE.;CHNBAOIL201;Com Space Heat New Boiler - NBA - OIL201;PJ;GW;PRE;-;CHNBA;ANNUAL;0,00
COM-NewTechs_V02;RW;COM;.PRE.;CLIGNBAELC301;CLIGNBAELC301;PJ;GW;PRE;-;CLIGNBA;ANNUAL;0,00
COM-NewTechs_V02;RW;COM;.PRE.;CLIGNBAELC401;CLIGNBAELC401;PJ;GW;PRE;-;CLIGNBA;ANNUAL;0,00
COM-NewTechs_V02;RW;COM;.PRE.;CLIGNBAELC501;CLIGNBAELC501;PJ;GW;PRE;-;CLIGNBA;ANNUAL;0,00
COM-NewTechs_V02;RW;COM;.PRE.;CWNBAELC101;Com Water Heat New Boiler - NBA - ELC101;PJ;GW;PRE;-;CWNBA;ANNUAL;0,00
COM-NewTechs_V02;RW;COM;.PRE.;CWNBAELCHP201;Com Water Heat New Boiler - NBA - ELC201;PJ;GW;PRE;-;CWNBA;ANNUAL;0,00
COM-NewTechs_V02;RW;COM;.PRE.;CWNBAGEO101;Com Water Heat New Boiler - NBA - GEO101;PJ;GW;PRE;-;CWNBA;ANNUAL;0,00
COM-NewTechs_V02;RW;COM;.PRE.;CWNBAGMX101;Com Water Heat New Boiler - NBA - GMX101;PJ;GW;PRE;-;CWNBA;ANNUAL;0,00
COM-NewTechs_V02;RW;COM;.PRE.;CWNBALPG101;Com Water Heat New Boiler - NBA - LPG101;PJ;GW;PRE;-;CWNBA;ANNUAL;0,00
COM-NewTechs_V02;RW;COM;.PRE.;CWNBAOIL101;Com Water Heat New Boiler - NBA - OIL101;PJ;GW;PRE;-;CWNBA;ANNUAL;0,00
COM-NewTechs_V02;RW;COM;.PRE.;CWNBAPEL101;Com Water Heat New Boiler - NBA - PEL101;PJ;GW;PRE;-;CWNBA;ANNUAL;0,00
COM-NewTechs_V02;RW;COM;.PRE.;CWNBASOLD101;Com Water Heat New Boiler with back up - NBA - OIL101;PJ;GW;PRE;-;CWNBA;ANNUAL;0,00
COM-NewTechs_V02;RW;COM;.PRE.;CWNBASOLE101;Com Water Heat New Boiler - NBA - SOL101;PJ;GW;PRE;-;CWNBA;ANNUAL;0,00
COM-NewTechs_V02;RW;COM;.PRE.;CWNBASOLE101;Com Water Heat New Boiler with back up - NBA - ELC101;PJ;GW;PRE;-;CWNBA;ANNUAL;0,00
COM-NewTechs_V02;RW;COM;.PRE.;CWNBASOLG101;Com Water Heat New Boiler with back up - NBA - GMX101;PJ;GW;PRE;-;CWNBA;ANNUAL;0,00
COM-NewTechs_V02;RW;COM;.PRE.;CCNBPELC101;Com Space Cool New - NBP - ELC101;PJ;GW;PRE;-;CCNBP;ANNUAL;0,00
COM-NewTechs_V02;RW;COM;.PRE.;CCNBPELC201;Com Space Cool New - NBP - ELC201;PJ;GW;PRE;-;CCNBP;ANNUAL;0,00
COM-NewTechs_V02;RW;COM;.PRE.;CCNBPELC301;Com Space Cool New - NBP - ELC301;PJ;GW;PRE;-;CCNBP;ANNUAL;0,00
COM-NewTechs_V02;RW;COM;.PRE.;CCNBPELC401;Com Space Cool New - NBP - ELC401;PJ;GW;PRE;-;CCNBP;ANNUAL;0,00
COM-NewTechs_V02;RW;COM;.PRE.;CCNBPELCHP101;Com Space Cool New - NBP - ELC101;PJ;GW;PRE;-;CCNBP;ANNUAL;0,00
COM-NewTechs_V02;RW;COM;.PRE.;CCNBPGMXHP101;Com Space Cool New - NBP - GMX101;PJ;GW;PRE;-;CCNBP;ANNUAL;0,00
COM-NewTechs_V02;RW;COM;.PRE.;CHNBPELC101;Com Space Heat New Boiler - NBP - ELC101;PJ;GW;PRE;-;CHNBP;ANNUAL;0,00
COM-NewTechs_V02;RW;COM;.PRE.;CHNBPELC201;Com Space Heat New Boiler - NBP - ELC201;PJ;GW;PRE;-;CHNBP;ANNUAL;0,00
COM-NewTechs_V02;RW;COM;.PRE.;CHNBPELCHP201;Com Space Heat New Heat pump - NBP - ELC201;PJ;GW;PRE;-;CHNBP;ANNUAL;0,00
COM-NewTechs_V02;RW;COM;.PRE.;CHNBPELCHP301;Com Space Heat New Heat pump - NBP - ELC301;PJ;GW;PRE;-;CHNBP;ANNUAL;0,00
COM-NewTechs_V02;RW;COM;.PRE.;CHNBPELCHP401;Com Space Heat New Heat pump - NBP - ELC401;PJ;GW;PRE;-;CHNBP;ANNUAL;0,00
COM-NewTechs_V02;RW;COM;.PRE.;CHNBPGEO101;Com Space Heat New FC - NBP - GEO101;PJ;GW;PRE;-;CHNBP;ANNUAL;0,00
COM-NewTechs_V02;RW;COM;.PRE.;CHNBPGMX201;Com Space Heat New Boiler - NBP - GMX201;PJ;GW;PRE;-;CHNBP;ANNUAL;0,00
COM-NewTechs_V02;RW;COM;.PRE.;CHNBPGMX401;Com Space Heat New Boiler - NBP - GMX401;PJ;GW;PRE;-;CHNBP;ANNUAL;0,00
COM-NewTechs_V02;RW;COM;.PRE.;CHNBPGMXHP201;Com Space Heat New Heat Pump - NBP - GMX201;PJ;GW;PRE;-;CHNBP;ANNUAL;0,00
COM-NewTechs_V02;RW;COM;.PRE.;CHNBPGMXHP202;Com Space Heat New Heat Pump - NBP - GMX202;PJ;GW;PRE;-;CHNBP;ANNUAL;0,00
COM-NewTechs_V02;RW;COM;.PRE.;CHNBPLPG201;Com Space Heat New Boiler - NBP - LPG201;PJ;GW;PRE;-;CHNBP;ANNUAL;0,00
COM-NewTechs_V02;RW;COM;.PRE.;CHNBPLPGHP202;Com Space Heat New Heat Pump - NBP - LPG202;PJ;GW;PRE;-;CHNBP;ANNUAL;0,00
COM-NewTechs_V02;RW;COM;.PRE.;CHNBPOIL201;Com Space Heat New Boiler - NBP - OIL201;PJ;GW;PRE;-;CHNBP;ANNUAL;0,00
COM-NewTechs_V02;RW;COM;.PRE.;CLIGNBPELC301;CLIGNBPELC301;PJ;GW;PRE;-;CLIGNBP;ANNUAL;0,00
BASE;RW;SUP;.MIN.IRE.;MINBIOGZH;Biogas injected;PJ;-;IRE;-;BIOGZH;ANNUAL;0,00
COM-NewTechs_V02;RW;COM;.PRE.;CLIGNBPELC401;CLIGNBPELC401;PJ;GW;PRE;-;CLIGNBP;ANNUAL;0,00
COM-NewTechs_V02;RW;COM;.PRE.;CLIGNBPELC501;CLIGNBPELC501;PJ;GW;PRE;-;CLIGNBP;ANNUAL;0,00
COM-NewTechs_V02;RW;COM;.PRE.;CWBPSOL101;Com Water Heat New Boiler - NBP - SOL101;PJ;GW;PRE;-;CWBP;ANNUAL;0,00
COM-NewTechs_V02;RW;COM;.PRE.;CWNBPELC101;Com Water Heat New Boiler - NBP - ELC101;PJ;GW;PRE;-;CWNBP;ANNUAL;0,00
COM-NewTechs_V02;RW;COM;.PRE.;CWNBPELCHP201;Com Water Heat New Boiler - NBP - ELC201;PJ;GW;PRE;-;CWNBP;ANNUAL;0,00
COM-NewTechs_V02;RW;COM;.PRE.;CWNBPGEO101;Com Water Heat New Boiler - NBP - GEO101;PJ;GW;PRE;-;CWNBP;ANNUAL;0,00
COM-NewTechs_V02;RW;COM;.PRE.;CWNBPGMX101;Com Water Heat New Boiler - NBP - GMX101;PJ;GW;PRE;-;CWNBP;ANNUAL;0,00
COM-NewTechs_V02;RW;COM;.PRE.;CWNBPLPG101;Com Water Heat New Boiler - NBP - LPG101;PJ;GW;PRE;-;CWNBP;ANNUAL;0,00
COM-NewTechs_V02;RW;COM;.PRE.;CWNBPOIL101;Com Water Heat New Boiler - NBP - OIL101;PJ;GW;PRE;-;CWNBP;ANNUAL;0,00
COM-NewTechs_V02;RW;COM;.PRE.;CWNBPPEL101;Com Water Heat New Boiler - NBP - PEL101;PJ;GW;PRE;-;CWNBP;ANNUAL;0,00
COM-NewTechs_V02;RW;COM;.PRE.;CWNBPSOLD101;Com Water Heat New Boiler with back up - NBP - OIL101;PJ;GW;PRE;-;CWNBP;ANNUAL;0,00
COM-NewTechs_V02;RW;COM;.PRE.;CWNBPSOLE101;Com Water Heat New Boiler with back up - NBP - ELC101;PJ;GW;PRE;-;CWNBP;ANNUAL;0,00
COM-NewTechs_V02;RW;COM;.PRE.;CWNBPSOLG101;Com Water Heat New Boiler with back up - NBP - GMX101;PJ;GW;PRE;-;CWNBP;ANNUAL;0,00
COM-NewTechs_V02;RW;COM;.PRE.;CCCOELC101;Com Space Cool New - CO - ELC101;PJ;GW;PRE;-;CCCO;ANNUAL;0,00
COM-NewTechs_V02;RW;COM;.PRE.;CCCOELC201;Com Space Cool New - CO - ELC201;PJ;GW;PRE;-;CCCO;ANNUAL;0,00
COM-NewTechs_V02;RW;COM;.PRE.;CCCOELC301;Com Space Cool New - CO - ELC301;PJ;GW;PRE;-;CCCO;ANNUAL;0,00
COM-NewTechs_V02;RW;COM;.PRE.;CCCOELC401;Com Space Cool New - CO - ELC401;PJ;GW;PRE;-;CCCO;ANNUAL;0,00
COM-NewTechs_V02;RW;COM;.PRE.;CCCOELCHP101;Com Space Cool New - CO - ELC101;PJ;GW;PRE;-;CCCO;ANNUAL;0,00
COM-NewTechs_V02;RW;COM;.PRE.;CCNCOGMXHP101;Com Space Cool New - NCO - GMX101;PJ;GW;PRE;-;CCNCO;ANNUAL;0,00
COM-NewTechs_V02;RW;COM;.PRE.;CHNCOELC101;Com Space Heat New Boiler - NCO - ELC101;PJ;GW;PRE;-;CHNCO;ANNUAL;0,00
COM-NewTechs_V02;RW;COM;.PRE.;CHNCOELC201;Com Space Heat New Boiler - NCO - ELC201;PJ;GW;PRE;-;CHNCO;ANNUAL;0,00
COM-NewTechs_V02;RW;COM;.PRE.;CHNCOELCHP201;Com Space Heat New Heat pump - NCO - ELC201;PJ;GW;PRE;-;CHNCO;ANNUAL;0,00
COM-NewTechs_V02;RW;COM;.PRE.;CHNCOELCHP301;Com Space Heat New Heat pump - NCO - ELC301;PJ;GW;PRE;-;CHNCO;ANNUAL;0,00
COM-NewTechs_V02;RW;COM;.PRE.;CHNCOELCHP401;Com Space Heat New Heat pump - NCO - ELC401;PJ;GW;PRE;-;CHNCO;ANNUAL;0,00
COM-NewTechs_V02;RW;COM;.PRE.;CHNCOGEO101;Com Space Heat New FC - NCO - GEO101;PJ;GW;PRE;-;CHNCO;ANNUAL;0,00
COM-NewTechs_V02;RW;COM;.PRE.;CHNCOGMX201;Com Space Heat New Boiler - NCO - GMX201;PJ;GW;PRE;-;CHNCO;ANNUAL;0,00
COM-NewTechs_V02;RW;COM;.PRE.;CHNCOGMX401;Com Space Heat New Boiler - NCO - GMX401;PJ;GW;PRE;-;CHNCO;ANNUAL;0,00
COM-NewTechs_V02;RW;COM;.PRE.;CHNCOGMXHP201;Com Space Heat New Heat Pump - NCO - GMX201;PJ;GW;PRE;-;CHNCO;ANNUAL;0,00
COM-NewTechs_V02;RW;COM;.PRE.;CHNCOGMXHP202;Com Space Heat New Heat Pump - NCO - GMX202;PJ;GW;PRE;-;CHNCO;ANNUAL;0,00
COM-NewTechs_V02;RW;COM;.PRE.;CHNCOLPGHP202;Com Space Heat New Heat Pump - NCO - LPG202;PJ;GW;PRE;-;CHNCO;ANNUAL;0,00
COM-NewTechs_V02;RW;COM;.PRE.;CHNCOOIL201;Com Space Heat New Boiler - NCO - OIL201;PJ;GW;PRE;-;CHNCO;ANNUAL;0,00
COM-NewTechs_V02;RW;COM;.PRE.;CLIGNCOELC401;CLIGNCOELC401;PJ;GW;PRE;-;CLIGNCO;ANNUAL;0,00
COM-NewTechs_V02;RW;COM;.PRE.;CLIGNCOELC501;CLIGNCOELC501;PJ;GW;PRE;-;CLIGNCO;ANNUAL;0,00
COM-NewTechs_V02;RW;COM;.PRE.;CWNCOELC101;Com Water Heat New Boiler - NCO - ELC101;PJ;GW;PRE;-;CWNCO;ANNUAL;0,00
COM-NewTechs_V02;RW;COM;.PRE.;CWNCOELCHP201;Com Water Heat New Boiler - NCO - ELC201;PJ;GW;PRE;-;CWNCO;ANNUAL;0,00
COM-NewTechs_V02;RW;COM;.PRE.;CWNCOGMX101;Com Water Heat New Boiler - NCO - GMX101;PJ;GW;PRE;-;CWNCO;ANNUAL;0,00
COM-NewTechs_V02;RW;COM;.PRE.;CWNCOLPG101;Com Water Heat New Boiler - NCO - LPG101;PJ;GW;PRE;-;CWNCO;ANNUAL;0,00
COM-NewTechs_V02;RW;COM;.PRE.;CWNCOOIL101;Com Water Heat New Boiler - NCO - OIL101;PJ;GW;PRE;-;CWNCO;ANNUAL;0,00
COM-NewTechs_V02;RW;COM;.PRE.;CWNCOPEL101;Com Water Heat New Boiler - NCO - PEL101;PJ;GW;PRE;-;CWNCO;ANNUAL;0,00
COM-NewTechs_V02;RW;COM;.PRE.;CWNCOSOL101;Com Water Heat New Boiler - NCO - SOL101;PJ;GW;PRE;-;CWNCO;ANNUAL;0,00
COM-NewTechs_V02;RW;COM;.PRE.;CWNCOSOLD101;Com Water Heat New Boiler with back up - NCO - OIL101;PJ;GW;PRE;-;CWNCO;ANNUAL;0,00
COM-NewTechs_V02;RW;COM;.PRE.;CWNCOSOLE101;Com Water Heat New Boiler with back up - NCO - ELC101;PJ;GW;PRE;-;CWNCO;ANNUAL;0,00
COM-NewTechs_V02;RW;COM;.PRE.;CWNCOSOLG101;Com Water Heat New Boiler with back up - NCO - GMX101;PJ;GW;PRE;-;CWNCO;ANNUAL;0,00
COM-NewTechs_V02;RW;COM;.PRE.;CCNCSELC101;Com Space Cool New - NCS - ELC101;PJ;GW;PRE;-;CCNCS;ANNUAL;0,00
COM-NewTechs_V02;RW;COM;.PRE.;CCNCSELC201;Com Space Cool New - NCS - ELC201;PJ;GW;PRE;-;CCNCS;ANNUAL;0,00
COM-NewTechs_V02;RW;COM;.PRE.;CCNCSELC301;Com Space Cool New - NCS - ELC301;PJ;GW;PRE;-;CCNCS;ANNUAL;0,00
COM-NewTechs_V02;RW;COM;.PRE.;CCNCSELC401;Com Space Cool New - NCS - ELC401;PJ;GW;PRE;-;CCNCS;ANNUAL;0,00
COM-NewTechs_V02;RW;COM;.PRE.;CCNCSELCHP101;Com Space Cool New - NCS - ELC101;PJ;GW;PRE;-;CCNCS;ANNUAL;0,00
COM-NewTechs_V02;RW;COM;.PRE.;CCNCSGMXHP101;Com Space Cool New - NCS - GMX101;PJ;GW;PRE;-;CCNCS;ANNUAL;0,00
COM-NewTechs_V02;RW;COM;.PRE.;CHNCSELC101;Com Space Heat New Boiler - NCS - ELC101;PJ;GW;PRE;-;CHNCS;ANNUAL;0,00
COM-NewTechs_V02;RW;COM;.PRE.;CHNCSELC201;Com Space Heat New Boiler - NCS - ELC201;PJ;GW;PRE;-;CHNCS;ANNUAL;0,00
COM-NewTechs_V02;RW;COM;.PRE.;CHNCSELCHP201;Com Space Heat New heat pump - NCS - ELC201;PJ;GW;PRE;-;CHNCS;ANNUAL;0,00
COM-NewTechs_V02;RW;COM;.PRE.;CHNCSELCHP301;Com Space Heat New heat pump - NCS - ELC301;PJ;GW;PRE;-;CHNCS;ANNUAL;0,00
COM-NewTechs_V02;RW;COM;.PRE.;CHNCSELCHP401;Com Space Heat New heat pump - NCS - ELC401;PJ;GW;PRE;-;CHNCS;ANNUAL;0,00
COM-NewTechs_V02;RW;COM;.PRE.;CHNCSGEO101;Com Space Heat New FC - NCS - GEO101;PJ;GW;PRE;-;CHNCS;ANNUAL;0,00
COM-NewTechs_V02;RW;COM;.PRE.;CHNCSGMX201;Com Space Heat New Boiler - NCS - GMX201;PJ;GW;PRE;-;CHNCS;ANNUAL;0,00
COM-NewTechs_V02;RW;COM;.PRE.;CHNCSGMX401;Com Space Heat New Boiler - NCS - GMX401;PJ;GW;PRE;-;CHNCS;ANNUAL;0,00
COM-NewTechs_V02;RW;COM;.PRE.;CHNCSGMXHP201;Com Space Heat New Heat Pump - NCS - GMX201;PJ;GW;PRE;-;CHNCS;ANNUAL;0,00
COM-NewTechs_V02;RW;COM;.PRE.;CHNCSGMXHP202;Com Space Heat New Heat Pump - NCS - GMX202;PJ;GW;PRE;-;CHNCS;ANNUAL;0,00
COM-NewTechs_V02;RW;COM;.PRE.;CHNCSLPG201;Com Space Heat New Boiler - NCS - LPG201;PJ;GW;PRE;-;CHNCS;ANNUAL;0,00
COM-NewTechs_V02;RW;COM;.PRE.;CLIGNCSELC301;CLIGNCSELC301;PJ;GW;PRE;-;CLIGNCS;ANNUAL;0,00
COM-NewTechs_V02;RW;COM;.PRE.;CLIGNCSELC401;CLIGNCSELC401;PJ;GW;PRE;-;CLIGNCS;ANNUAL;0,00
COM-NewTechs_V02;RW;COM;.PRE.;CLIGNCSELC501;CLIGNCSELC501;PJ;GW;PRE;-;CLIGNCS;ANNUAL;0,00
COM-NewTechs_V02;RW;COM;.PRE.;CWNCSELC101;Com Water Heat New Boiler - NCS - ELC101;PJ;GW;PRE;-;CWNCS;ANNUAL;0,00
COM-NewTechs_V02;RW;COM;.PRE.;CWNCSELCHP201;Com Water Heat New Boiler - NCS - ELC201;PJ;GW;PRE;-;CWNCS;ANNUAL;0,00
COM-NewTechs_V02;RW;COM;.PRE.;CWNCSGEO101;Com Water Heat New Boiler - NCS - GEO101;PJ;GW;PRE;-;CWNCS;ANNUAL;0,00
COM-NewTechs_V02;RW;COM;.PRE.;CWNCSGMX101;Com Water Heat New Boiler - NCS - GMX101;PJ;GW;PRE;-;CWNCS;ANNUAL;0,00
COM-NewTechs_V02;RW;COM;.PRE.;CWNCSLPG101;Com Water Heat New Boiler - NCS - LPG101;PJ;GW;PRE;-;CWNCS;ANNUAL;0,00
COM-NewTechs_V02;RW;COM;.PRE.;CWNCSOIL101;Com Water Heat New Boiler - NCS - OIL101;PJ;GW;PRE;-;CWNCS;ANNUAL;0,00
COM-NewTechs_V02;RW;COM;.PRE.;CWNCSPEL101;Com Water Heat New Boiler - NCS - PEL101;PJ;GW;PRE;-;CWNCS;ANNUAL;0,00
COM-NewTechs_V02;RW;COM;.PRE.;CWNCSSOL101;Com Water Heat New Boiler - NCS - SOL101;PJ;GW;PRE;-;CWNCS;ANNUAL;0,00
COM-NewTechs_V02;RW;COM;.PRE.;CWNCSSOLD101;Com Water Heat New Boiler with back up - NCS - OIL101;PJ;GW;PRE;-;CWNCS;ANNUAL;0,00
COM-NewTechs_V02;RW;COM;.PRE.;CWNCSSOLE101;Com Water Heat New Boiler with back up - NCS - ELC101;PJ;GW;PRE;-;CWNCS;ANNUAL;0,00
COM-NewTechs_V02;RW;COM;.PRE.;CWNCSSOLG101;Com Water Heat New Boiler with back up - NCS - GMX101;PJ;GW;PRE;-;CWNCS;ANNUAL;0,00
COM-NewTechs_V02;RW;COM;.PRE.;CCNDATAELC101;Com Space Cool New - NDATA - ELC101;PJ;GW;PRE;-;CCNDATA;ANNUAL;0,00
COM-NewTechs_V02;RW;COM;.PRE.;CCNDATAELC201;Com Space Cool New - NDATA - ELC201;PJ;GW;PRE;-;CCNDATA;ANNUAL;0,00
COM-NewTechs_V02;RW;COM;.PRE.;CCNDATAELC301;Com Space Cool New - NDATA - ELC301;PJ;GW;PRE;-;CCNDATA;ANNUAL;0,00
COM-NewTechs_V02;RW;COM;.PRE.;CCNDATAELC401;Com Space Cool New - NDATA - ELC401;PJ;GW;PRE;-;CCNDATA;ANNUAL;0,00
COM-NewTechs_V02;RW;COM;.PRE.;CCNDATAELCHP101;Com Space Cool New - NDATA - ELC101;PJ;GW;PRE;-;CCNDATA;ANNUAL;0,00
COM-NewTechs_V02;RW;COM;.PRE.;CCNDATAGMXHP101;Com Space Cool New - NDATA - GMX101;PJ;GW;PRE;-;CCNDATA;ANNUAL;0,00
COM-NewTechs_V02;RW;COM;.PRE.;CHNDATAELC101;Com Space Heat New Boiler - NDATA - ELC101;PJ;GW;PRE;-;CHNDATA;ANNUAL;0,00
COM-NewTechs_V02;RW;COM;.PRE.;CHNDATAELC201;Com Space Heat New Boiler - NDATA - ELC201;PJ;GW;PRE;-;CHNDATA;ANNUAL;0,00
COM-NewTechs_V02;RW;COM;.PRE.;CHNDATAELCHP201;Com Space Heat New Heat pump - NDATA - ELC201;PJ;GW;PRE;-;CHNDATA;ANNUAL;0,00
COM-NewTechs_V02;RW;COM;.PRE.;CHNDATAELCHP301;Com Space Heat New Heat pump - NDATA - ELC301;PJ;GW;PRE;-;CHNDATA;ANNUAL;0,00
COM-NewTechs_V02;RW;COM;.PRE.;CHNDATAELCHP401;Com Space Heat New Heat pump - NDATA - ELC401;PJ;GW;PRE;-;CHNDATA;ANNUAL;0,00
COM-NewTechs_V02;RW;COM;.PRE.;CHNDATAGEO101;Com Space Heat New FC - NDATA - GEO101;PJ;GW;PRE;-;CHNDATA;ANNUAL;0,00
COM-NewTechs_V02;RW;COM;.PRE.;CHNDATAGMX201;Com Space Heat New Boiler - NDATA - GMX201;PJ;GW;PRE;-;CHNDATA;ANNUAL;0,00
COM-NewTechs_V02;RW;COM;.PRE.;CHNDATAGMX401;Com Space Heat New Boiler - NDATA - GMX401;PJ;GW;PRE;-;CHNDATA;ANNUAL;0,00
COM-NewTechs_V02;RW;COM;.PRE.;CHNDATAGMXHP201;Com Space Heat New Heat Pump - NDATA - GMX201;PJ;GW;PRE;-;CHNDATA;ANNUAL;0,00
COM-NewTechs_V02;RW;COM;.PRE.;CHNDATAGMXHP202;Com Space Heat New Heat Pump - NDATA - GMX202;PJ;GW;PRE;-;CHNDATA;ANNUAL;0,00
COM-NewTechs_V02;RW;COM;.PRE.;CHNDATALPG201;Com Space Heat New Boiler - NDATA - LPG201;PJ;GW;PRE;-;CHNDATA;ANNUAL;0,00
COM-NewTechs_V02;RW;COM;.PRE.;CHNDATALPGHP202;Com Space Heat New Heat Pump - NDATA - LPG202;PJ;GW;PRE;-;CHNDATA;ANNUAL;0,00
COM-NewTechs_V02;RW;COM;.PRE.;CLIGNDATAELC301;CLIGNDATAELC301;PJ;GW;PRE;-;CLIGNDATA;ANNUAL;0,00
COM-NewTechs_V02;RW;COM;.PRE.;CLIGNDATAELC401;CLIGNDATAELC401;PJ;GW;PRE;-;CLIGNDATA;ANNUAL;0,00
COM-NewTechs_V02;RW;COM;.PRE.;CLIGNDATAELC501;CLIGNDATAELC501;PJ;GW;PRE;-;CLIGNDATA;ANNUAL;0,00
COM-NewTechs_V02;RW;COM;.PRE.;CWNDATAELC101;Com Water Heat New Boiler - NDATA - ELC101;PJ;GW;PRE;-;CWNDATA;ANNUAL;0,00
COM-NewTechs_V02;RW;COM;.PRE.;CWNDATAELCHP201;Com Water Heat New Boiler - NDATA - ELC201;PJ;GW;PRE;-;CWNDATA;ANNUAL;0,00
COM-NewTechs_V02;RW;COM;.PRE.;CWNDATAGMX101;Com Water Heat New Boiler - NDATA - GMX101;PJ;GW;PRE;-;CWNDATA;ANNUAL;0,00
COM-NewTechs_V02;RW;COM;.PRE.;CWNDATALPG101;Com Water Heat New Boiler - NDATA - LPG101;PJ;GW;PRE;-;CWNDATA;ANNUAL;0,00
COM-NewTechs_V02;RW;COM;.PRE.;CWNDATAOIL101;Com Water Heat New Boiler - NDATA - OIL101;PJ;GW;PRE;-;CWNDATA;ANNUAL;0,00
IND-NewTechs_TEST;RW;IND;.DMD.;IBKSTDPRO01;IBK.bricks.production.standard.01;MT;MT;DMD;-;IBK;ANNUAL;1,00
IND-NewTechs_TEST;RW;IND;.DMD.;ICESTDPRO01;ICE.Ceramics.production.standard.01;MT;MT;DMD;-;ICE;ANNUAL;1,00
IND-NewTechs_TEST;RW;IND;.DMD.;IGFFLATGL01;IGF.glass production.01;MT;MT;DMD;-;IGF;ANNUAL;1,00
IND-NewTechs_TEST;RW;IND;.DMD.;IGFFLATGLCC01;IGF.glass production.02;MT;MT;DMD;-;IGF;ANNUAL;1,00
IND-NewTechs_TEST;RW;IND;.DMD.;IGFFLATHHCC01;IGF.glass production.04;MT;MT;DMD;-;IGF;ANNUAL;1,00
IND-NewTechs_TEST;RW;IND;.DMD.;IGFFLATOXYCC01;IGF.glass production.03;MT;MT;DMD;-;IGF;ANNUAL;1,00
IND-NewTechs_TEST;RW;IND;.DMD.;IGHHOLLOW01;IGH.glass production.01;MT;MT;DMD;-;IGH;ANNUAL;1,00
IND-NewTechs_TEST;RW;IND;.DMD.;IGHHOLLOWCC01;IGH.glass production.02;MT;MT;DMD;-;IGH;ANNUAL;1,00
IND-NewTechs_TEST;RW;IND;.DMD.;IGHHOLLOWELC01;IGH.glass production.04;MT;MT;DMD;-;IGH;ANNUAL;1,00
IND-NewTechs_TEST;RW;IND;.DMD.;IGHHOLLOWHH10;IGH.glass production.05;MT;MT;DMD;-;IGH;ANNUAL;1,00
IND-NewTechs_TEST;RW;IND;.DMD.;IGHHOLLOWOXYCC01;IGH.glass production.03;MT;MT;DMD;-;IGH;ANNUAL;1,00
IND-NewTechs_TEST;RW;IND;.DMD.;IGHOTCO201;IGO.fiberglassproduction.02;MT;MT;DMD;-;IGO;ANNUAL;1,00
IND-NewTechs_TEST;RW;IND;.DMD.;IGHOTELC01;IGO.fiberglassproduction.04;MT;MT;DMD;-;IGO;ANNUAL;1,00
IND-NewTechs_TEST;RW;IND;.DMD.;IGHOTHH201;IGO.fiberglassproduction.05;MT;MT;DMD;-;IGO;ANNUAL;1,00
IND-NewTechs_TEST;RW;IND;.DMD.;IGHOTOCC01;IGO.fiberglassproduction.03;MT;MT;DMD;-;IGO;ANNUAL;1,00
IND-NewTechs_TEST;RW;IND;.DMD.;IGHOTSTD01;IGO.fiberglassproduction.01;MT;MT;DMD;-;IGO;ANNUAL;1,00
IND-NewTechs_TEST;RW;IND;.DMD.;IISFINPRO01;IIS.Finishing Processes.01;MT;MT;DMD;-;IIS;ANNUAL;1,00
IND-NewTechs_TEST;RW;IND;.DMD.;ILMPRDOOXCCY21;ILM.Quick Lime Production.02;MT;MT;DMD;-;ILM;ANNUAL;1,00
IND-NewTechs_TEST;RW;IND;.DMD.;ILMPRDOOXYCC20;ILM.Quick Lime Production.03;MT;MT;DMD;-;ILM;ANNUAL;1,00
IND-NewTechs_TEST;RW;IND;.DMD.;ILMPRDOOXYCC22;ILM.Quick Lime Production.01;MT;MT;DMD;-;ILM;ANNUAL;1,00
IND-NewTechs_TEST;RW;IND;.DMD.;ILMPRDOOXYCC23;ILM.Quick Lime Production.00;MT;MT;DMD;-;ILM;ANNUAL;1,00
IND-NewTechs_TEST;RW;IND;.DMD.;ILMPRDOOXYCC24;ILM.Quick Lime Production.01;MT;MT;DMD;-;ILM;ANNUAL;1,00
IND-NewTechs_TEST;RW;IND;.DMD.;ILMPRODCOACC_01;ILM.Quick Lime Production.09;MT;MT;DMD;-;ILM;ANNUAL;1,00
IND-NewTechs_TEST;RW;IND;.DMD.;ILMPRODCOKCC_01;ILM.Quick Lime Production.08;MT;MT;DMD;-;ILM;ANNUAL;1,00
IND-NewTechs_TEST;RW;IND;.DMD.;ILMPRODGASCC_01;ILM.Quick Lime Production.04;MT;MT;DMD;-;ILM;ANNUAL;1,00
IND-NewTechs_TEST;RW;IND;.DMD.;ILMPRODHFOCC_01;ILM.Quick Lime Production.07;MT;MT;DMD;-;ILM;ANNUAL;1,00
IND-NewTechs_TEST;RW;IND;.PRE.;ICMDRYCOACC_01;ICM.Dry Process Production with CO2 capture.10.;MT;MT;PRE;-;MCMCLK;ANNUAL;1,00
IND-NewTechs_TEST;RW;IND;.PRE.;ICMDRYCOKCC_01;ICM.Dry Process Production with CO2 capture.10.;MT;MT;PRE;-;MCMCLK;ANNUAL;1,00
IND-NewTechs_TEST;RW;IND;.PRE.;ICMDRYGASCC_01;ICM.Dry Process Production with CO2 capture.10.;MT;MT;PRE;-;MCMCLK;ANNUAL;1,00
IND-NewTechs_TEST;RW;IND;.PRE.;ICMDRYHFOCC_01;ICM.Dry Process Production with CO2 capture.10.;MT;MT;PRE;-;MCMCLK;ANNUAL;1,00
IND-NewTechs_TEST;RW;IND;.PRE.;ICMDRYLFOCC_01;ICM.Dry Process Production with CO2 capture.10.;MT;MT;PRE;-;MCMCLK;ANNUAL;1,00
IND-NewTechs_TEST;RW;IND;.PRE.;ICMDRYPRD10;ICM.Dry Process Production.01;MT;MT;PRE;-;MCMCLK;ANNUAL;1,00
IND-NewTechs_TEST;RW;IND;.PRE.;ICMDRYWSTCC_01;ICM.Dry Process Production with CO2 capture.10.;MT;MT;PRE;-;MCMCLK;ANNUAL;1,00
IND-NewTechs_TEST;RW;IND;.PRE.;ICMPRC20;ICM.Dry Process Production oxycomb.01;MT;MT;PRE;-;MCMCLK;ANNUAL;1,00
IND-NewTechs_TEST;RW;IND;.PRE.;ICMPRC21;ICM.Dry Process Production oxycomb.02;MT;MT;PRE;-;MCMCLK;ANNUAL;1,00
IND-NewTechs_TEST;RW;IND;.PRE.;ICMPRC22;ICM.Dry Process Production oxycomb.03;MT;MT;PRE;-;MCMCLK;ANNUAL;1,00
IND-NewTechs_TEST;RW;IND;.PRE.;ICMPRC23;ICM.Dry Process Production oxycomb.04;MT;MT;PRE;-;MCMCLK;ANNUAL;1,00
IND-NewTechs_TEST;RW;IND;.PRE.;IISAODFUR01;IIS.Argon Oxygen Furnace AOD Regular.01;MT;MT;PRE;-;MISCST;ANNUAL;1,00
IND-NewTechs_TEST;RW;IND;.PRE.;IISBOXFUR01;IIS.Blast Oxygen Furnace BOF.Regular.01;MT;MT;PRE;-;MISCST;ANNUAL;1,00
IND-NewTechs_TEST;RW;IND;.PRE.;IMOXYCELC;IND.prod oxygen for oxycombustion_ELC.01;MT;MT;PRE;-;MEOOXY;ANNUAL;1,00
IND-NewTechs_TEST;RW;IND;.PRE.;IPPPUPCHE01;IPP.Chemical Pulp Production.01;MT;MT;PRE;-;MPPPUP;ANNUAL;1,00
IND-NewTechs_TEST;RW;IND;.PRE.;IPPPUPMEC20;IPP.Mechanical Pulp Production Airless drying.10 - electricity;MT;MT;PRE;-;MPPPUP;ANNUAL;1,00
IND-NewTechs_TEST;RW;IND;.PRE.;ICHPRCCOK01;ICHPRCCOK01;PJ;GW;PRE;-;ICHPRC;ANNUAL;1,00
IND-NewTechs_TEST;RW;IND;.PRE.;ICHPRCCPS01;ICHPRCCPS01;PJ;GW;PRE;-;ICHPRC;ANNUAL;1,00
IND-NewTechs_TEST;RW;IND;.PRE.;ICHPRCELC01;ICHPRCELC01;PJ;GW;PRE;-;ICHPRC;ANNUAL;1,00
IND-NewTechs_TEST;RW;IND;.PRE.;ICHPRCGMX01;ICHPRCGMX01;PJ;GW;PRE;-;ICHPRC;ANNUAL;1,00
IND-NewTechs_TEST;RW;IND;.PRE.;ICHPRCHFO01;ICHPRCHFO01;PJ;GW;PRE;-;ICHPRC;ANNUAL;1,00
IND-NewTechs_TEST;RW;IND;.PRE.;ICHPRCHH202;ICHPRCHH202;PJ;GW;PRE;-;ICHPRC;ANNUAL;1,00
IND-NewTechs_TEST;RW;IND;.PRE.;ICHPRCLFO01;ICHPRCLFO01;PJ;GW;PRE;-;ICHPRC;ANNUAL;1,00
IND-NewTechs_TEST;RW;IND;.PRE.;ICHPRCLPG01;ICHPRCLPG01;PJ;GW;PRE;-;ICHPRC;ANNUAL;1,00
IND-NewTechs_TEST;RW;IND;.PRE.;ICHSTMBFG01;ICHSTMBFG01;PJ;GW;PRE;-;ICHHTH;ANNUAL;1,00
IND-NewTechs_TEST;RW;IND;.PRE.;ICHSTMBGS01;ICHSTMBGS01;PJ;GW;PRE;-;ICHHTH;ANNUAL;1,00
IND-NewTechs_TEST;RW;IND;.PRE.;ICHSTMCPS01;ICHSTMCPS01;PJ;GW;PRE;-;ICHHTH;ANNUAL;1,00
IND-NewTechs_TEST;RW;IND;.PRE.;ICHSTMELC01;ICHSTMELC01;PJ;GW;PRE;-;ICHHTH;ANNUAL;1,00
IND-NewTechs_TEST;RW;IND;.PRE.;ICHSTMGMX01;ICHSTMGMX01;PJ;GW;PRE;-;ICHHTH;ANNUAL;1,00
IND-NewTechs_TEST;RW;IND;.PRE.;ICHSTMHET01;ICHSTMHET01;PJ;GW;PRE;-;ICHHTH;ANNUAL;1,00
IND-NewTechs_TEST;RW;IND;.PRE.;ICHSTMHFO01;ICHSTMHFO01;PJ;GW;PRE;-;ICHHTH;ANNUAL;1,00
IND-NewTechs_TEST;RW;IND;.PRE.;ICHSTMHH201;ICHSTMHH201;PJ;GW;PRE;-;ICHHTH;ANNUAL;1,00
IND-NewTechs_TEST;RW;IND;.PRE.;ICHSTMLFO01;ICHSTMLFO01;PJ;GW;PRE;-;ICHHTH;ANNUAL;1,00
IND-NewTechs_TEST;RW;IND;.PRE.;ICHSTMLPG01;ICHSTMLPG01;PJ;GW;PRE;-;ICHHTH;ANNUAL;1,00
IND-NewTechs_TEST;RW;IND;.PRE.;ICHSTMPEL01;ICHSTMPEL01;PJ;GW;PRE;-;ICHHTH;ANNUAL;1,00
IND-NewTechs_TEST;RW;IND;.PRE.;IISSTMBFG01;IIS. Iron and Steel Heat.BFG.01;PJ;GW;PRE;-;IISHTH;ANNUAL;1,00
IND-NewTechs_TEST;RW;IND;.PRE.;IISSTMCOA01;IIS. Iron and Steel.Heat.COA.01;PJ;GW;PRE;-;IISHTH;ANNUAL;1,00
IND-NewTechs_TEST;RW;IND;.PRE.;IISSTMGMX01;IIS. Iron and Steel.Heat.GMX.01;PJ;GW;PRE;-;IISHTH;ANNUAL;1,00
IND-NewTechs_TEST;RW;IND;.PRE.;IISSTMHFO01;IIS. Iron and Steel.Heat.HFO.01;PJ;GW;PRE;-;IISHTH;ANNUAL;1,00
IND-NewTechs_TEST;RW;IND;.PRE.;ICHELEELC01;ICHELEELC01;PJ;PJA;PRE;-;ICHELE;ANNUAL;1,00
IND-NewTechs_TEST;RW;IND;.PRE.;IMLHTHPACELC01;IML.Preparation.of.milk.Process Heat pump.ELC.02;PJ;GW;PRE;-;IMLHTH;ANNUAL;1,00
IND-NewTechs_TEST;RW;IND;.PRE.;IMLHTHSTMBGS01;IML.Preparation.of.milk.Process Heat.BGS.01;PJ;GW;PRE;-;IMLHTH;ANNUAL;1,00
IND-NewTechs_TEST;RW;IND;.PRE.;IMLHTHSTMCPS01;IML.Preparation.of.milk.Process Heat.CPS.01;PJ;GW;PRE;-;IMLHTH;ANNUAL;1,00
IND-NewTechs_TEST;RW;IND;.PRE.;IMLHTHSTMELC01;IML.Preparation.of.milk.Process Heat.ELC.01;PJ;GW;PRE;-;IMLHTH;ANNUAL;1,00
IND-NewTechs_TEST;RW;IND;.PRE.;IMLHTHSTMGMX01;IML.Preparation.of.milk.Process Heat.GMX.01;PJ;GW;PRE;-;IMLHTH;ANNUAL;1,00
IND-NewTechs_TEST;RW;IND;.PRE.;IMLHTHSTMLFO01;IML.Preparation.of.milk.Process Heat.LFO.01;PJ;GW;PRE;-;IMLHTH;ANNUAL;1,00
IND-NewTechs_TEST;RW;IND;.PRE.;INDHETELC00_N;IND.chaleur fatale ELC_00N;PJ;GW;PRE;-;INDELC;ANNUAL;1,00
IND-NewTechs_TEST;RW;IND;.PRE.;INFPACELC01;INFPACELC01;PJ;GW;PRE;-;INFHTH;ANNUAL;1,00
IND-NewTechs_TEST;RW;IND;.PRE.;INFPRCBIO01;INFPRCBIO01;PJ;GW;PRE;-;INFPRC;ANNUAL;1,00
IND-NewTechs_TEST;RW;IND;.PRE.;INFPRCCOA01;INFPRCCOA01;PJ;GW;PRE;-;INFPRC;ANNUAL;1,00
IND-NewTechs_TEST;RW;IND;.PRE.;INFPRCCOK01;INFPRCCOK01;PJ;GW;PRE;-;INFPRC;ANNUAL;1,00
IND-NewTechs_TEST;RW;IND;.PRE.;INFPRCCPS01;INFPRCCPS01;PJ;GW;PRE;-;INFPRC;ANNUAL;1,00
IND-NewTechs_TEST;RW;IND;.PRE.;INFSTMHET01;INFSTMHET01;PJ;GW;PRE;-;INFHTH;ANNUAL;1,00
IND-NewTechs_TEST;RW;IND;.PRE.;INFSTMHFO01;INFSTMHFO01;PJ;GW;PRE;-;INFHTH;ANNUAL;1,00
IND-NewTechs_TEST;RW;IND;.PRE.;INFSTMHH201;INFSTMHH201;PJ;GW;PRE;-;INFHTH;ANNUAL;1,00
IND-NewTechs_TEST;RW;IND;.PRE.;INFSTMLFO01;INFSTMLFO01;PJ;GW;PRE;-;INFHTH;ANNUAL;1,00
IND-NewTechs_TEST;RW;IND;.PRE.;INFSTMLPG01;INFSTMLPG01;PJ;GW;PRE;-;INFHTH;ANNUAL;1,00
IND-NewTechs_TEST;RW;IND;.PRE.;INFSTMPEL01;INFSTMPEL01;PJ;GW;PRE;-;INFHTH;ANNUAL;1,00
IND-NewTechs_TEST;RW;IND;.PRE.;INMPRCBIO01;INMPRCBIO01;PJ;GW;PRE;-;INMPRC;ANNUAL;1,00
IND-NewTechs_TEST;RW;IND;.PRE.;INMPRCCOA01;INMPRCCOA01;PJ;GW;PRE;-;INMPRC;ANNUAL;1,00
IND-NewTechs_TEST;RW;IND;.PRE.;INMPRCCOK01;INMPRCCOK01;PJ;GW;PRE;-;INMPRC;ANNUAL;1,00
IND-NewTechs_TEST;RW;IND;.PRE.;INMPRCCPS01;INMPRCCPS01;PJ;GW;PRE;-;INMPRC;ANNUAL;1,00
IND-NewTechs_TEST;RW;IND;.PRE.;INMPRCELC01;INMPRCELC01;PJ;GW;PRE;-;INMPRC;ANNUAL;1,00
IND-NewTechs_TEST;RW;IND;.PRE.;INMPRCGMX01;INMPRCGMX01;PJ;GW;PRE;-;INMPRC;ANNUAL;1,00
IND-NewTechs_TEST;RW;IND;.PRE.;INMPRCHFO01;INMPRCHFO01;PJ;GW;PRE;-;INMPRC;ANNUAL;1,00
IND-NewTechs_TEST;RW;IND;.PRE.;INMPRCHH202;INMPRCHH202;PJ;GW;PRE;-;INMPRC;ANNUAL;1,00
IND-NewTechs_TEST;RW;IND;.PRE.;INMPRCLFO01;INMPRCLFO01;PJ;GW;PRE;-;INMPRC;ANNUAL;1,00
IND-NewTechs_TEST;RW;IND;.PRE.;INMPRCLPG01;INMPRCLPG01;PJ;GW;PRE;-;INMPRC;ANNUAL;1,00
IND-NewTechs_TEST;RW;IND;.PRE.;INMSTMBFG01;INMSTMBFG01;PJ;GW;PRE;-;INMHTH;ANNUAL;1,00
IND-NewTechs_TEST;RW;IND;.PRE.;INMSTMBGS01;INMSTMBGS01;PJ;GW;PRE;-;INMHTH;ANNUAL;1,00
IND-NewTechs_TEST;RW;IND;.PRE.;INMSTMBIO01;INMSTMBIO01;PJ;GW;PRE;-;INMHTH;ANNUAL;1,00
IND-NewTechs_TEST;RW;IND;.PRE.;INMSTMCOK01;INMSTMCOK01;PJ;GW;PRE;-;INMHTH;ANNUAL;1,00
IND-NewTechs_TEST;RW;IND;.PRE.;INMSTMCOL01;INMSTMCOL01;PJ;GW;PRE;-;INMHTH;ANNUAL;1,00
IND-NewTechs_TEST;RW;IND;.PRE.;INMSTMCPS01;INMSTMCPS01;PJ;GW;PRE;-;INMHTH;ANNUAL;1,00
IND-NewTechs_TEST;RW;IND;.PRE.;INMSTMELC01;INMSTMELC01;PJ;GW;PRE;-;INMHTH;ANNUAL;1,00
IND-NewTechs_TEST;RW;IND;.PRE.;INMSTMGMX01;INMSTMGMX01;PJ;GW;PRE;-;INMHTH;ANNUAL;1,00
IND-NewTechs_TEST;RW;IND;.PRE.;INMSTMHET01;INMSTMHET01;PJ;GW;PRE;-;INMHTH;ANNUAL;1,00
IND-NewTechs_TEST;RW;IND;.PRE.;INMSTMHFO01;INMSTMHFO01;PJ;GW;PRE;-;INMHTH;ANNUAL;1,00
IND-NewTechs_TEST;RW;IND;.PRE.;INMSTMHH201;INMSTMHH201;PJ;GW;PRE;-;INMHTH;ANNUAL;1,00
IND-NewTechs_TEST;RW;IND;.PRE.;INMSTMLFO01;INMSTMLFO01;PJ;GW;PRE;-;INMHTH;ANNUAL;1,00
IND-NewTechs_TEST;RW;IND;.PRE.;INMSTMPEL01;INMSTMPEL01;PJ;GW;PRE;-;INMHTH;ANNUAL;1,00
IND-NewTechs_TEST;RW;IND;.PRE.;IOFPACELC01;IOFPACELC01;PJ;GW;PRE;-;IOFHTH;ANNUAL;1,00
IND-NewTechs_TEST;RW;IND;.PRE.;IOFPRCBIO01;IOFPRCBIO01;PJ;GW;PRE;-;IOFPRC;ANNUAL;1,00
IND-NewTechs_TEST;RW;IND;.PRE.;IOFPRCCPS01;IOFPRCCPS01;PJ;GW;PRE;-;IOFPRC;ANNUAL;1,00
BASE;RW;COM;.PRE.;CWBPELC100;Com.Water Heat.BP.ELC.00.Resistance.;PJ;GW;PRE;-;CWBP;ANNUAL;0,00
IND-NewTechs_TEST;RW;IND;.PRE.;IOFPRCELC01;IOFPRCELC01;PJ;GW;PRE;-;IOFPRC;ANNUAL;1,00
IND-NewTechs_TEST;RW;IND;.PRE.;IOFPRCGMX01;IOFPRCGMX01;PJ;GW;PRE;-;IOFPRC;ANNUAL;1,00
IND-NewTechs_TEST;RW;IND;.PRE.;IOFPRCHFO01;IOFPRCHFO01;PJ;GW;PRE;-;IOFPRC;ANNUAL;1,00
IND-NewTechs_TEST;RW;IND;.PRE.;IOFPRCHH202;IOFPRCHH202;PJ;GW;PRE;-;IOFPRC;ANNUAL;1,00
IND-NewTechs_TEST;RW;IND;.PRE.;IOIPRCELC01;IOIPRCELC01;PJ;GW;PRE;-;IOIPRC;ANNUAL;1,00
IND-NewTechs_TEST;RW;IND;.PRE.;IOIPRCHFO01;IOIPRCHFO01;PJ;GW;PRE;-;IOIPRC;ANNUAL;1,00
IND-NewTechs_TEST;RW;IND;.PRE.;IOIPRCHH202;IOIPRCHH202;PJ;GW;PRE;-;IOIPRC;ANNUAL;1,00
IND-NewTechs_TEST;RW;IND;.PRE.;IOIPRCLFO01;IOIPRCLFO01;PJ;GW;PRE;-;IOIPRC;ANNUAL;1,00
IND-NewTechs_TEST;RW;IND;.PRE.;IOIPRCLPG01;IOIPRCLPG01;PJ;GW;PRE;-;IOIPRC;ANNUAL;1,00
IND-NewTechs_TEST;RW;IND;.PRE.;IOISTMBFG01;IOISTMBFG01;PJ;GW;PRE;-;IOIHTH;ANNUAL;1,00
IND-NewTechs_TEST;RW;IND;.PRE.;IOISTMBGS01;IOISTMBGS01;PJ;GW;PRE;-;IOIHTH;ANNUAL;1,00
IND-NewTechs_TEST;RW;IND;.PRE.;IOISTMBIO01;IOISTMBIO01;PJ;GW;PRE;-;IOIHTH;ANNUAL;1,00
IND-NewTechs_TEST;RW;IND;.PRE.;IOISTMCPS01;IOISTMCPS01;PJ;GW;PRE;-;IOIHTH;ANNUAL;1,00
IND-NewTechs_TEST;RW;IND;.PRE.;INMSTMLPG01;INMSTMLPG01;PJ;GW;PRE;-;INMHTH;ANNUAL;1,00
IND-NewTechs_TEST;RW;IND;.PRE.;IOISTMELC01;IOISTMELC01;PJ;GW;PRE;-;IOIHTH;ANNUAL;1,00
IND-NewTechs_TEST;RW;IND;.PRE.;IOISTMGMX01;IOISTMGMX01;PJ;GW;PRE;-;IOIHTH;ANNUAL;1,00
IND-NewTechs_TEST;RW;IND;.PRE.;IOISTMHFO01;IOISTMHFO01;PJ;GW;PRE;-;IOIHTH;ANNUAL;1,00
IND-NewTechs_TEST;RW;IND;.PRE.;IOISTMHH201;IOISTMHH201;PJ;GW;PRE;-;IOIHTH;ANNUAL;1,00
IND-NewTechs_TEST;RW;IND;.PRE.;IOISTMLFO01;IOISTMLFO01;PJ;GW;PRE;-;IOIHTH;ANNUAL;1,00
IND-NewTechs_TEST;RW;IND;.PRE.;IOISTMLPG01;IOISTMLPG01;PJ;GW;PRE;-;IOIHTH;ANNUAL;1,00
IND-NewTechs_TEST;RW;IND;.PRE.;IOISTMPEL01;IOISTMPEL01;PJ;GW;PRE;-;IOIHTH;ANNUAL;1,00
IND-NewTechs_TEST;RW;IND;.PRE.;IPOHTHPACELC01;IPO.Preparation.of.potatoes.Process Heat.CPS.05;PJ;GW;PRE;-;IPOHTH;ANNUAL;1,00
IND-NewTechs_TEST;RW;IND;.PRE.;IPOHTHSTMBGS01;IPO.Preparation.of.potatoes.Process Heat.BGS.03;PJ;GW;PRE;-;IPOHTH;ANNUAL;1,00
IND-NewTechs_TEST;RW;IND;.PRE.;IPOHTHSTMCPS01;IPO.Preparation.of.potatoes.Process Heat.CPS.04;PJ;GW;PRE;-;IPOHTH;ANNUAL;1,00
IND-NewTechs_TEST;RW;IND;.PRE.;IPOHTHSTMELC01;IPO.Preparation.of.potatoes.Process Heat.ELC.01;PJ;GW;PRE;-;IPOHTH;ANNUAL;1,00
IND-NewTechs_TEST;RW;IND;.PRE.;IPOHTHSTMGMX01;IPO.Preparation.of.potatoes.Process Heat.GMX.02;PJ;GW;PRE;-;IPOHTH;ANNUAL;1,00
IND-NewTechs_TEST;RW;IND;.PRE.;IPOHTHSTMLFO01;IPO.Preparation.of.potatoes.Process Heat.LFO.01;PJ;GW;PRE;-;IPOHTH;ANNUAL;1,00
IND-NewTechs_TEST;RW;IND;.PRE.;IPPPRCBIO01;IPP. Pulp and Paper.Process Heat.BIO.01;PJ;GW;PRE;-;IPPPRC;ANNUAL;1,00
IND-NewTechs_TEST;RW;IND;.PRE.;IPPPRCCOA01;IPP. Pulp and Paper.Process Heat.COA.01;PJ;GW;PRE;-;IPPPRC;ANNUAL;1,00
IND-NewTechs_TEST;RW;IND;.PRE.;IPPPRCGMX01;IPP. Pulp and Paper.Process Heat.GMX.01;PJ;GW;PRE;-;IPPPRC;ANNUAL;1,00
IND-NewTechs_TEST;RW;IND;.PRE.;IPPPRCHFO01;IPP. Pulp and Paper.Process Heat.HFO.01;PJ;GW;PRE;-;IPPPRC;ANNUAL;1,00
IND-NewTechs_TEST;RW;IND;.PRE.;IPPPRCLFO01;IPP. Pulp and Paper.Process Heat.LFO.01;PJ;GW;PRE;-;IPPPRC;ANNUAL;1,00
IND-NewTechs_TEST;RW;IND;.PRE.;IPPSTMCOA01;IPP. Pulp and Paper.Heat.COA.01;PJ;GW;PRE;-;IPPHTH;ANNUAL;1,00
IND-NewTechs_TEST;RW;IND;.PRE.;IPPSTMGMX01;IPP. Pulp and Paper.Heat.GMX.01;PJ;GW;PRE;-;IPPHTH;ANNUAL;1,00
IND-NewTechs_TEST;RW;IND;.PRE.;IPPSTMHFO01;IPP. Pulp and Paper.Heat.HFO.01;PJ;GW;PRE;-;IPPHTH;ANNUAL;1,00
IND-NewTechs_TEST;RW;IND;.PRE.;IPPSTMHH201;IPP. Pulp and Paper.Heat.BLQ.01;PJ;GW;PRE;-;IPPHTH;ANNUAL;1,00
IND-NewTechs_TEST;RW;IND;.PRE.;ISGHTHSTMBGS01;ISG.Preparation.of.sugar.Process Heat.BIO.01;PJ;GW;PRE;-;ISGHTH;ANNUAL;1,00
IND-NewTechs_TEST;RW;IND;.PRE.;ISGHTHSTMCOA01;ISG.Preparation.of.sugar.Process Heat.COA.01;PJ;GW;PRE;-;ISGHTH;ANNUAL;1,00
IND-NewTechs_TEST;RW;IND;.PRE.;ISGHTHSTMCPS01;ISG.Preparation.of.sugar.Process Heat.CPS.01;PJ;GW;PRE;-;ISGHTH;ANNUAL;1,00
IND-NewTechs_TEST;RW;IND;.PRE.;ISGHTHSTMELC01;ISG.Preparation.of.sugar.Process Heat.ELC.01;PJ;GW;PRE;-;ISGHTH;ANNUAL;1,00
IND-NewTechs_TEST;RW;IND;.PRE.;ISGHTHSTMGMX01;ISG.Preparation.of.sugar.Process Heat.GMX.01;PJ;GW;PRE;-;ISGHTH;ANNUAL;1,00
IND-NewTechs_TEST;RW;IND;.PRE.;ISGHTHSTMLFO01;ISG.Preparation.of.sugar.Process Heat.LFO.01;PJ;GW;PRE;-;ISGHTH;ANNUAL;1,00
IND-NewTechs_TEST;RW;IND;.PRE.;ISGHTHSTMLPG01;ISG.Preparation.of.sugar.Process Heat.lpg.01;PJ;GW;PRE;-;ISGHTH;ANNUAL;1,00
IND-NewTechs_TEST;RW;IND;.PRE.;IBOBIOPEL01;IBE.production.wood.pellets.01;PJ;PJA;PRE;-;BIOPEL;ANNUAL;1,00
IND-NewTechs_TEST;RW;IND;.PRE.;ICHMCHELC01;ICHMCHELC01;PJ;PJA;PRE;-;ICHMCH;ANNUAL;1,00
IND-NewTechs_TEST;RW;IND;.PRE.;ICHSTMBIO01;ICHSTMBIO01;PJ;PJA;PRE;-;ICHHTH;ANNUAL;1,00
IND-NewTechs_TEST;RW;IND;.PRE.;INDBFT01;Fuel Tech New - Blast Furnace TGR GMX (IND);PJ;PJA;PRE;-;INDBFT;ANNUAL;1,00
IND-NewTechs_TEST;RW;IND;.PRE.;INDGASCOG01;Fuel Tech New - Gas and Cog industry (IND);PJ;PJA;PRE;-;INDGASCOG;ANNUAL;1,00
IND-NewTechs_TEST;RW;IND;.PRE.;INDIIS01;Fuel Tech New - IIS GMX - Corex GMX or BFG TGR with CCS or BOF (IND);PJ;PJA;PRE;-;INDIIS;ANNUAL;1,00
IND-NewTechs_TEST;RW;IND;.PRE.;INMELEELC01;INMELEELC01;PJ;PJA;PRE;-;INMELE;ANNUAL;1,00
IND-NewTechs_TEST;RW;IND;.PRE.;INMMCHELC01;INMMCHELC01;PJ;PJA;PRE;-;INMMCH;ANNUAL;1,00
IND-NewTechs_TEST;RW;IND;.PRE.;IOFELEELC01;IOFELEELC01;PJ;PJA;PRE;-;IOFELE;ANNUAL;1,00
IND-NewTechs_TEST;RW;IND;.PRE.;IOFMCHELC01;IOFMCHELC01;PJ;PJA;PRE;-;IOFMCH;ANNUAL;1,00
IND-NewTechs_TEST;RW;IND;.PRE.;IOIELEELC01;IOIELEELC01;PJ;PJA;PRE;-;IOIELE;ANNUAL;1,00
IND-NewTechs_TEST;RW;IND;.PRE.;IOIMCHELC01;IOI. Other Industries.Machine Drive.ELC.01;PJ;PJA;PRE;-;IOIMCH;ANNUAL;1,00
RSD-NewTechs;RW;RSD;.PRE.;RH2FELCHPN1;Air heat pump with electric boiler-RH2F-New1;PJ;GW;PRE;-;RH2F;ANNUAL;1,00
RSD-NewTechs;RW;RSD;.PRE.;RH2FELCHPN2;Air heat pump with electric boiler-RH2F-New2;PJ;GW;PRE;-;RH2F;ANNUAL;1,00
RSD-NewTechs;RW;RSD;.PRE.;RH2FELCHPN3;Air heat pump with electric boiler-RH2F-New3;PJ;GW;PRE;-;RH2F;ANNUAL;1,00
RSD-NewTechs;RW;RSD;.PRE.;RH2FELCHPN4;Air heat pump with electric boiler-RH2F-New4;PJ;GW;PRE;-;RH2F;ANNUAL;1,00
IND-NewTechs_TEST;RW;IND;.DMD.;IISFINPRO02;IISFINPRO02;MT;MT;DMD;-;IIS;ANNUAL;1,00
RSD-NewTechs;RW;RSD;.PRE.;RH2FELCHPN6;Ground heat pump with electric boiler-RH2F-New6;PJ;GW;PRE;-;RH2F;ANNUAL;1,00
RSD-NewTechs;RW;RSD;.PRE.;RH2FGMXN1;Natural gas stove condensing-RH2F-New1;PJ;GW;PRE;-;RH2F;ANNUAL;1,00
RSD-NewTechs;RW;RSD;.PRE.;RH2FLOGN1;Log stove-RH2F-New1;PJ;GW;PRE;-;RH2F;ANNUAL;1,00
RSD-NewTechs;RW;RSD;.PRE.;RH2FOILN1;Oil boiler condensing-RH2F-New1;PJ;GW;PRE;-;RH2F;ANNUAL;1,00
RSD-NewTechs;RW;RSD;.PRE.;RH2FPELN1;Pellets stove-RH2F-New1;PJ;GW;PRE;-;RH2F;ANNUAL;1,00
RSD-NewTechs;RW;RSD;.PRE.;RH3FELCHPN1;Air heat pump with electric boiler-RH3F-New1;PJ;GW;PRE;-;RH3F;ANNUAL;1,00
RSD-NewTechs;RW;RSD;.PRE.;RH4FLPGN1;LPG stove-RH4F-New1;PJ;GW;PRE;-;RH4F;ANNUAL;1,00
RSD-NewTechs;RW;RSD;.PRE.;RH4FOILN1;Oil boiler condensing -RH4F-New1;PJ;GW;PRE;-;RH4F;ANNUAL;1,00
RSD-NewTechs;RW;RSD;.PRE.;RH4FPELN1;Pellets stove-RH4F-New1;PJ;GW;PRE;-;RH4F;ANNUAL;1,00
RSD-NewTechs;RW;RSD;.PRE.;RHAPELCHPN1;Air heat pump with electric boiler-RHAP-New1;PJ;GW;PRE;-;RHAP;ANNUAL;1,00
RSD-NewTechs;RW;RSD;.PRE.;RHAPELCHPN2;Air heat pump with electric boiler-RHAP-New2;PJ;GW;PRE;-;RHAP;ANNUAL;1,00
RSD-NewTechs;RW;RSD;.PRE.;RHAPELCHPN3;Air heat pump with electric boiler-RHAP-New3;PJ;GW;PRE;-;RHAP;ANNUAL;1,00
RSD-NewTechs;RW;RSD;.PRE.;RHAPELCHPN4;Air heat pump with electric boiler-RHAP-New4;PJ;GW;PRE;-;RHAP;ANNUAL;1,00
RSD-NewTechs;RW;RSD;.PRE.;RHAPELCHPN6;Ground heat pump with electric boiler-RHAP-New6;PJ;GW;PRE;-;RHAP;ANNUAL;1,00
RSD-NewTechs;RW;RSD;.PRE.;RH2FLPGN1;LPG stove-RH2F-New1;PJ;GW;PRE;-;RH2F;ANNUAL;1,00
RSD-NewTechs;RW;RSD;.PRE.;RHAPELCN1;Electric radiators-RHAP-New1;PJ;GW;PRE;-;RHAP;ANNUAL;1,00
RSD-NewTechs;RW;RSD;.PRE.;RHAPGMXN1;Natural gas stove condensing-RHAP-New1;PJ;GW;PRE;-;RHAP;ANNUAL;1,00
RSD-NewTechs;RW;RSD;.PRE.;RHAPLOGN1;Log stove-RHAP-New1;PJ;GW;PRE;-;RHAP;ANNUAL;1,00
RSD-NewTechs;RW;RSD;.PRE.;RHAPLPGN1;LPG stove-RHAP-New1;PJ;GW;PRE;-;RHAP;ANNUAL;1,00
RSD-NewTechs;RW;RSD;.PRE.;RHAPOILN1;Oil boiler condensing -RHAP-New1;PJ;GW;PRE;-;RHAP;ANNUAL;1,00
RSD-NewTechs;RW;RSD;.PRE.;RHNAPLPGN1;LPG stove-RHNAP-New1;PJ;GW;PRE;-;RHNAP;ANNUAL;1,00
RSD-NewTechs;RW;RSD;.PRE.;RW3FLPGN3;LPG boiler-RW3F-New3;PJ;GW;PRE;-;RW3F;ANNUAL;1,00
RSD-NewTechs;RW;RSD;.PRE.;RW3FOILN3;Oil boiler-RW3F-New3;PJ;GW;PRE;-;RW3F;ANNUAL;1,00
RSD-NewTechs;RW;RSD;.PRE.;RW3FOILSOLN1;Solar collector with diesel backup.HeatHotwater-RW3F-New1;PJ;GW;PRE;-;RW3F;ANNUAL;1,00
RSD-NewTechs;RW;RSD;.PRE.;RW3FPELN3;Wood pellets boiler water heater-RW3F-New3;PJ;GW;PRE;-;RW3F;ANNUAL;1,00
RSD-NewTechs;RW;RSD;.PRE.;RW4FELCHPN1;Electric heat pump water heater-RW4F-New1;PJ;GW;PRE;-;RW4F;ANNUAL;1,00
RSD-NewTechs;RW;RSD;.PRE.;RW4FELCN1;Electric boiler-RW4F-New1;PJ;GW;PRE;-;RW4F;ANNUAL;1,00
RSD-NewTechs;RW;RSD;.PRE.;RW4FELCSOLN1;Solar collector with electric backup.HeatHotwater-RW4F-New1;PJ;GW;PRE;-;RW4F;ANNUAL;1,00
RSD-NewTechs;RW;RSD;.PRE.;RW4FGMXN1;Natural gas boiler-RW4F-New1;PJ;GW;PRE;-;RW4F;ANNUAL;1,00
RSD-NewTechs;RW;RSD;.PRE.;RW4FGMXSOLN1;Solar collector with gas backup.HeatHotwater-RW4F-New1;PJ;GW;PRE;-;RW4F;ANNUAL;1,00
RSD-NewTechs;RW;RSD;.PRE.;RW4FLPGN1;LPG boiler-RW4F-New1;PJ;GW;PRE;-;RW4F;ANNUAL;1,00
RSD-NewTechs;RW;RSD;.PRE.;RW4FOILN1;Oil boiler-RW4F-New1;PJ;GW;PRE;-;RW4F;ANNUAL;1,00
RSD-NewTechs;RW;RSD;.PRE.;RW4FOILSOLN1;Solar collector with diesel backup.HeatHotwater-RW4F-New1;PJ;GW;PRE;-;RW4F;ANNUAL;1,00
RSD-NewTechs;RW;RSD;.PRE.;RW4FPELN1;Wood pellets boiler water heater-RW4F-New1;PJ;GW;PRE;-;RW4F;ANNUAL;1,00
RSD-NewTechs;RW;RSD;.PRE.;RWAPELCHPN1;Electric heat pump water heater-RWAP-New1;PJ;GW;PRE;-;RWAP;ANNUAL;1,00
RSD-NewTechs;RW;RSD;.PRE.;RWAPELCN1;Electric boiler-RWAP-New1;PJ;GW;PRE;-;RWAP;ANNUAL;1,00
RSD-NewTechs;RW;RSD;.PRE.;RWAPELCSOLN1;Solar collector with electric backup.HeatHotwater-RWAP-New1;PJ;GW;PRE;-;RWAP;ANNUAL;1,00
RSD-NewTechs;RW;RSD;.PRE.;RWAPGMXN1;Natural gas boiler-RWAP-New1;PJ;GW;PRE;-;RWAP;ANNUAL;1,00
RSD-NewTechs;RW;RSD;.PRE.;RWAPGMXSOLN1;Solar collector with gas backup.HeatHotwater-RWAP-New1;PJ;GW;PRE;-;RWAP;ANNUAL;1,00
RSD-NewTechs;RW;RSD;.PRE.;RWAPLPGN1;LPG boiler-RWAP-New1;PJ;GW;PRE;-;RWAP;ANNUAL;1,00
RSD-NewTechs;RW;RSD;.PRE.;RWAPOILN1;Oil boiler-RWAP-New1;PJ;GW;PRE;-;RWAP;ANNUAL;1,00
RSD-NewTechs;RW;RSD;.PRE.;RWAPOILSOLN1;Solar collector with diesel backup.HeatHotwater-RWAP-New1;PJ;GW;PRE;-;RWAP;ANNUAL;1,00
RSD-NewTechs;RW;RSD;.PRE.;RWAPPELN1;Wood pellets boiler water heater-RWAP-New1;PJ;GW;PRE;-;RWAP;ANNUAL;1,00
RSD-NewTechs;RW;RSD;.PRE.;RHN2FELCHPN1;Air heat pump with electric boiler-RHN2F-New1;PJ;GW;PRE;-;RHN2F;ANNUAL;1,00
RSD-NewTechs;RW;RSD;.PRE.;RHN2FELCHPN2;Air heat pump with electric boiler-RHN2F-New2;PJ;GW;PRE;-;RHN2F;ANNUAL;1,00
RSD-NewTechs;RW;RSD;.PRE.;RHN2FELCHPN3;Air heat pump with electric boiler-RHN2F-New3;PJ;GW;PRE;-;RHN2F;ANNUAL;1,00
RSD-NewTechs;RW;RSD;.PRE.;RHN2FELCHPN4;Air heat pump with electric boiler-RHN2F-New4;PJ;GW;PRE;-;RHN2F;ANNUAL;1,00
RSD-NewTechs;RW;RSD;.PRE.;RHN2FELCHPN6;Ground heat pump with electric boiler-RHN2F-New6;PJ;GW;PRE;-;RHN2F;ANNUAL;1,00
RSD-NewTechs;RW;RSD;.PRE.;RHN2FELCN1;Electric radiators-RHN2F-New1;PJ;GW;PRE;-;RHN2F;ANNUAL;1,00
RSD-NewTechs;RW;RSD;.PRE.;RHN2FGMXN1;Natural gas stove condensing-RHN2F-New1;PJ;GW;PRE;-;RHN2F;ANNUAL;1,00
RSD-NewTechs;RW;RSD;.PRE.;RHN2FLOGN1;log stove-RHN2F-New1;PJ;GW;PRE;-;RHN2F;ANNUAL;1,00
RSD-NewTechs;RW;RSD;.PRE.;RHN2FOILN1;Oil boiler condensing-RHN2F-New1;PJ;GW;PRE;-;RHN2F;ANNUAL;1,00
RSD-NewTechs;RW;RSD;.PRE.;RHN2FPELN1;Pellets stove-RHN2F-New1;PJ;GW;PRE;-;RHN2F;ANNUAL;1,00
RSD-NewTechs;RW;RSD;.PRE.;RHN3FELCHPN1;Air heat pump with electric boiler-RHN3F-New1;PJ;GW;PRE;-;RHN3F;ANNUAL;1,00
RSD-NewTechs;RW;RSD;.PRE.;RHN3FELCHPN2;Air heat pump with electric boiler-RHN3F-New2;PJ;GW;PRE;-;RHN3F;ANNUAL;1,00
RSD-NewTechs;RW;RSD;.PRE.;RHN3FELCHPN3;Air heat pump with electric boiler-RHN3F-New3;PJ;GW;PRE;-;RHN3F;ANNUAL;1,00
RSD-NewTechs;RW;RSD;.PRE.;RHN3FELCHPN4;Air heat pump with electric boiler-RHN3F-New4;PJ;GW;PRE;-;RHN3F;ANNUAL;1,00
RSD-NewTechs;RW;RSD;.PRE.;RHN3FELCHPN6;Ground heat pump with electric boiler-RHN3F-New6;PJ;GW;PRE;-;RHN3F;ANNUAL;1,00
RSD-NewTechs;RW;RSD;.PRE.;RHN3FELCN1;Electric radiators-RHN3F-New1;PJ;GW;PRE;-;RHN3F;ANNUAL;1,00
RSD-NewTechs;RW;RSD;.PRE.;RHN3FGMXN1;Natural gas stove condensing-RHN3F-New1;PJ;GW;PRE;-;RHN3F;ANNUAL;1,00
RSD-NewTechs;RW;RSD;.PRE.;RHN3FLOGN1;log stove-RHN3F-New1;PJ;GW;PRE;-;RHN3F;ANNUAL;1,00
RSD-NewTechs;RW;RSD;.PRE.;RHN3FLPGN1;LPG stove-RHN3F-New1;PJ;GW;PRE;-;RHN3F;ANNUAL;1,00
RSD-NewTechs;RW;RSD;.PRE.;RHN3FOILN1;Oil boiler condensing -RHN3F-New1;PJ;GW;PRE;-;RHN3F;ANNUAL;1,00
RSD-NewTechs;RW;RSD;.PRE.;RHN4FELCHPN1;Air heat pump with electric boiler-RHN4F-New1;PJ;GW;PRE;-;RHN4F;ANNUAL;1,00
RSD-NewTechs;RW;RSD;.PRE.;RHN4FELCHPN2;Air heat pump with electric boiler-RHN4F-New2;PJ;GW;PRE;-;RHN4F;ANNUAL;1,00
RSD-NewTechs;RW;RSD;.PRE.;RHN4FELCHPN3;Air heat pump with electric boiler-RHN4F-New3;PJ;GW;PRE;-;RHN4F;ANNUAL;1,00
RSD-NewTechs;RW;RSD;.PRE.;RHN4FELCHPN4;Air heat pump with electric boiler-RHN4F-New4;PJ;GW;PRE;-;RHN4F;ANNUAL;1,00
RSD-NewTechs;RW;RSD;.PRE.;RHN4FELCHPN6;Ground heat pump with electric boiler-RHN4F-New6;PJ;GW;PRE;-;RHN4F;ANNUAL;1,00
RSD-NewTechs;RW;RSD;.PRE.;RHN4FGMXN1;Natural gas stove condensing-RHN4F-New1;PJ;GW;PRE;-;RHN4F;ANNUAL;1,00
RSD-NewTechs;RW;RSD;.PRE.;RHN4FLOGN1;log stove-RHN4F-New1;PJ;GW;PRE;-;RHN4F;ANNUAL;1,00
RSD-NewTechs;RW;RSD;.PRE.;RHN4FLPGN1;LPG stove-RHN4F-New1;PJ;GW;PRE;-;RHN4F;ANNUAL;1,00
RSD-NewTechs;RW;RSD;.PRE.;RHN4FOILN1;Oil boiler condensing -RHN4F-New1;PJ;GW;PRE;-;RHN4F;ANNUAL;1,00
RSD-NewTechs;RW;RSD;.PRE.;RHNAPELCHPN1;Air heat pump with electric boiler-RHNAP-New1;PJ;GW;PRE;-;RHNAP;ANNUAL;1,00
RSD-NewTechs;RW;RSD;.PRE.;RHNAPELCHPN3;Air heat pump with electric boiler-RHNAP-New3;PJ;GW;PRE;-;RHNAP;ANNUAL;1,00
RSD-NewTechs;RW;RSD;.PRE.;RHNAPELCHPN4;Air heat pump with electric boiler-RHNAP-New4;PJ;GW;PRE;-;RHNAP;ANNUAL;1,00
RSD-NewTechs;RW;RSD;.PRE.;RHNAPELCHPN6;Ground heat pump with electric boiler-RHNAP-New6;PJ;GW;PRE;-;RHNAP;ANNUAL;1,00
RSD-NewTechs;RW;RSD;.PRE.;RHNAPGMXHPN1;Air heat pump with natural gas boiler-RHNAP-New1;PJ;GW;PRE;-;RHNAP;ANNUAL;1,00
COM_Retrofits2;RW;COM;.IMP.IRE.;Dum_Retrofit_Commercial;Dum_Retrofit_Commercial;MM2;MM2-A;IRE;-;Dum_Retrofit_Commercial_NRGO;ANNUAL;0,00
COM-NewTechs_V02;RW;COM;.CHP.;CHCOCPSCHPN01_N;New gazific+CHP-CO_CPS;PJ;GW;CHP;-;CHCOCPSCHPN01_N_NRGO;DAYNITE;0,00
COM-NewTechs_V02;RW;COM;.CHP.;CHCOGMXCHPN01_N;New CHP Commercial-CO_GMX;PJ;GW;CHP;-;CHCOGMXCHPN01_N_NRGO;DAYNITE;0,00
COM-NewTechs_V02;RW;COM;.CHP.;CHCOOILCHPN01_N;New CHP Commercial-CO_OIL;PJ;GW;CHP;-;CHCOOILCHPN01_N_NRGO;DAYNITE;0,00
COM-NewTechs_V02;RW;COM;.CHP.;CHCOPELCHPN01_N;New ORC+CHP Commercial-CO_PEL;PJ;GW;CHP;-;CHCOPELCHPN01_N_NRGO;DAYNITE;0,00
RSD-NewTechs;RW;RSD;.PRE.;RHNAPGMXHPN2;Air heat pump with natural gas boiler-RHNAP-New2;PJ;GW;PRE;-;RHNAP;ANNUAL;1,00
RSD-NewTechs;RW;RSD;.PRE.;RHNAPGMXN1;Natural gas stove condensing-RHNAP-New1;PJ;GW;PRE;-;RHNAP;ANNUAL;1,00
RSD-NewTechs;RW;RSD;.PRE.;RHNAPGMXN2;Natural gas boiler condensing-RHNAP-New2;PJ;GW;PRE;-;RHNAP;ANNUAL;1,00
RSD-NewTechs;RW;RSD;.PRE.;RHNAPLPGHPN1;Air heat pump with LPG boiler -RHNAP-New1;PJ;GW;PRE;-;RHNAP;ANNUAL;1,00
RSD-NewTechs;RW;RSD;.PRE.;RHNAPLPGHPN2;Air heat pump with LPG boiler -RHNAP-New2;PJ;GW;PRE;-;RHNAP;ANNUAL;1,00
RSD-NewTechs;RW;RSD;.PRE.;RHNAPOILN1;Oil boiler condensing -RHNAP-New1;PJ;GW;PRE;-;RHNAP;ANNUAL;1,00
RSD-NewTechs;RW;RSD;.PRE.;RWN2FELCHPN1;Electric heat pump water heater-RWN2F-New1;PJ;GW;PRE;-;RWN2F;ANNUAL;1,00
RSD-NewTechs;RW;RSD;.PRE.;RWN2FELCN1;Electric boiler-RWN2F-New1;PJ;GW;PRE;-;RWN2F;ANNUAL;1,00
RSD-NewTechs;RW;RSD;.PRE.;RWN2FELCSOLN1;Solar collector with electric backup.HeatHotwater-RWN2F-New1;PJ;GW;PRE;-;RWN2F;ANNUAL;1,00
RSD-NewTechs;RW;RSD;.PRE.;RWN2FGMXN1;Natural gas boiler-RWN2F-New1;PJ;GW;PRE;-;RWN2F;ANNUAL;1,00
RSD-NewTechs;RW;RSD;.PRE.;RWN2FGMXSOLN1;Solar collector with gas backup.HeatHotwater-RWN2F-New1;PJ;GW;PRE;-;RWN2F;ANNUAL;1,00
RSD-NewTechs;RW;RSD;.PRE.;RWN2FOILN1;Oil boiler-RWN2F-New1;PJ;GW;PRE;-;RWN2F;ANNUAL;1,00
RSD-NewTechs;RW;RSD;.PRE.;RWN2FOILSOLN1;Solar collector with diesel backup.HeatHotwater-RWN2F-New1;PJ;GW;PRE;-;RWN2F;ANNUAL;1,00
RSD-NewTechs;RW;RSD;.PRE.;RWN2FPELN1;Wood pellets boiler water heater-RWN2F-New1;PJ;GW;PRE;-;RWN2F;ANNUAL;1,00
RSD-NewTechs;RW;RSD;.PRE.;RWN3FELCHPN1;Electric heat pump water heater-RWN3F-New1;PJ;GW;PRE;-;RWN3F;ANNUAL;1,00
RSD-NewTechs;RW;RSD;.PRE.;RWN3FELCSOLN1;Solar collector with electric backup.HeatHotwater-RWN3F-New1;PJ;GW;PRE;-;RWN3F;ANNUAL;1,00
RSD-NewTechs;RW;RSD;.PRE.;RWN3FGMXN3;Natural gas boiler-RWN3F-New3;PJ;GW;PRE;-;RWN3F;ANNUAL;1,00
RSD-NewTechs;RW;RSD;.PRE.;RWN4FPELN1;Wood pellets boiler water heater-RWN4F-New1;PJ;GW;PRE;-;RWN4F;ANNUAL;1,00
RSD-NewTechs;RW;RSD;.PRE.;RWNAPELCHPN1;Electric heat pump water heater-RWNAP-New1;PJ;GW;PRE;-;RWNAP;ANNUAL;1,00
RSD-NewTechs;RW;RSD;.PRE.;RWNAPELCN1;Electric boiler-RWNAP-New1;PJ;GW;PRE;-;RWNAP;ANNUAL;1,00
RSD-NewTechs;RW;RSD;.PRE.;RWNAPELCSOLN1;Solar collector with electric backup.HeatHotwater-RWNAP-New1;PJ;GW;PRE;-;RWNAP;ANNUAL;1,00
RSD-NewTechs;RW;RSD;.PRE.;RWNAPLPGN1;LPG boiler-RWNAP-New1;PJ;GW;PRE;-;RWNAP;ANNUAL;1,00
RSD-NewTechs;RW;RSD;.PRE.;RWNAPOILN1;Oil boiler-RWNAP-New1;PJ;GW;PRE;-;RWNAP;ANNUAL;1,00
RSD-NewTechs;RW;RSD;.PRE.;RWNAPOILSOLN1;Solar collector with diesel backup.HeatHotwater-RWNAP-New1;PJ;GW;PRE;-;RWNAP;ANNUAL;1,00
RSD-NewTechs;RW;RSD;.PRE.;RWNAPPELN1;Wood pellets boiler water heater-RWNAP-New1;PJ;GW;PRE;-;RWNAP;ANNUAL;1,00
TECHS_HYDROGEN;RW;SUP;.PRE.;BBLQH2G110;Gasification_ black liquor to hydrogen;PJ;GW;PRE;-;SYNH2CT;DAYNITE;1,00
TECHS_HYDROGEN;RW;SUP;.PRE.;SBIOH2GC01;H2 Production-Biomass Gasification, medium size, centralized;PJ;GW;PRE;-;SYNH2CT;DAYNITE;1,00
TECHS_HYDROGEN;RW;SUP;.PRE.;SBIOH2GCC01;H2 Production-Biomass Gasification + Carbon Capture, medium size, centralized;PJ;GW;PRE;-;SYNH2CT;DAYNITE;1,00
TECHS_HYDROGEN;RW;SUP;.PRE.;SBIOH2GD01;H2 Production-Biomass Gasification, small size, decentralized;PJ;GW;PRE;-;SYNH2DT;DAYNITE;1,00
TECHS_HYDROGEN;RW;SUP;.PRE.;SBIOH2RC01;H2 Production-Biomass Steam Reforming, centralized;PJ;GW;PRE;-;SYNH2CU;DAYNITE;1,00
TECHS_HYDROGEN;RW;SUP;.PRE.;SCOAH2GC01;H2 Production-Coal Gasification, large size, centralized;PJ;GW;PRE;-;SYNH2CU;DAYNITE;1,00
TECHS_HYDROGEN;RW;SUP;.PRE.;SCOAH2GCC01;H2 Production-Coal Gasification + Carbon Capture, big size, centralized;PJ;GW;PRE;-;SYNH2CU;DAYNITE;1,00
TECHS_HYDROGEN;RW;SUP;.PRE.;SGASH2KC01;H2 Production-Kvaerner Process, centralized;PJ;GW;PRE;-;SYNH2CT;DAYNITE;1,00
TECHS_HYDROGEN;RW;SUP;.PRE.;SELCH2EC01_LowAF;H2 Production-Alkaline Electrolyser, large size, centralized - Pseudo with LowAF;PJ;GW;PRE;-;MEOOXY;DAYNITE;1,00
TECHS_HYDROGEN;RW;SUP;.PRE.;SELCH2EC02_LowAF;H2 Production-Alkaline Electrolyser, medium size, centralized - Pseudo with LowAF;PJ;GW;PRE;-;MEOOXY;DAYNITE;1,00
TECHS_HYDROGEN;RW;SUP;.PRE.;SELCH2ED01_LowAF;H2 Production-Alkaline Electrolyser, small size, decentralized - Pseudo with LowAF;PJ;GW;PRE;-;MEOOXY;DAYNITE;1,00
TECHS_HYDROGEN;RW;SUP;.PRE.;SELCH2PEM01_LowAF;PEM Electrolyzer - Proton Exchange Membrane - Pseudo with LowAF;PJ;GW;PRE;-;MEOOXY;DAYNITE;1,00
COM-NewTechs_V02;RW;COM;.DMD.;CCSANELC101;Com Space Cool New - SAN - ELC101;PJ;GW;DMD;-;COMELC;ANNUAL;
COM-NewTechs_V02;RW;COM;.DMD.;CCSANELC301;Com Space Cool New - SAN - ELC301;PJ;GW;DMD;-;COMELC;ANNUAL;
COM-NewTechs_V02;RW;COM;.DMD.;CCSANELC401;Com Space Cool New - SAN - ELC401;PJ;GW;DMD;-;COMELC;ANNUAL;
COM-NewTechs_V02;RW;COM;.DMD.;CCSANELCHP101;Com Space Cool New - SAN - ELC101;PJ;GW;DMD;-;COMELC;ANNUAL;
COM-NewTechs_V02;RW;COM;.DMD.;CCSANGMXHP101;Com Space Cool New - SAN - GMX101;PJ;GW;DMD;-;COMGMX;ANNUAL;
COM-NewTechs_V02;RW;COM;.PRE.;CCNENELC101;Com Space Cool New - NEN - ELC101;PJ;GW;PRE;-;CCNEN;ANNUAL;
COM-NewTechs_V02;RW;COM;.PRE.;CCNENELC201;Com Space Cool New - NEN - ELC201;PJ;GW;PRE;-;CCNEN;ANNUAL;
COM-NewTechs_V02;RW;COM;.PRE.;CCNENELC301;Com Space Cool New - NEN - ELC301;PJ;GW;PRE;-;CCNEN;ANNUAL;
COM-NewTechs_V02;RW;COM;.PRE.;CCNENELC401;Com Space Cool New - NEN - ELC401;PJ;GW;PRE;-;CCNEN;ANNUAL;
COM-NewTechs_V02;RW;COM;.PRE.;CCNENELCHP101;Com Space Cool New - NEN - ELC101;PJ;GW;PRE;-;CCNEN;ANNUAL;
COM-NewTechs_V02;RW;COM;.PRE.;CCNENGMXHP101;Com Space Cool New - NEN - GMX101;PJ;GW;PRE;-;CCNEN;ANNUAL;
COM-NewTechs_V02;RW;COM;.PRE.;CHNENELC101;Com Space Heat New Boiler - NEN - ELC101;PJ;GW;PRE;-;CHNEN;ANNUAL;
COM-NewTechs_V02;RW;COM;.PRE.;CHNENELC201;Com Space Heat New Boiler - NEN - ELC201;PJ;GW;PRE;-;CHNEN;ANNUAL;
COM-NewTechs_V02;RW;COM;.PRE.;CHNENELCHP201;Com Space Heat New Heat pump - NEN - ELC201;PJ;GW;PRE;-;CHNEN;ANNUAL;
COM-NewTechs_V02;RW;COM;.PRE.;CHNENELCHP301;Com Space Heat New Heat pump - NEN - ELC301;PJ;GW;PRE;-;CHNEN;ANNUAL;
COM-NewTechs_V02;RW;COM;.PRE.;CHDATAELCHPR202;Com Space Heat New Heat Pump With reno - DATA - ELC202;PJ;GW;PRE;-;CHDATAELCHPR202_NRGO;ANNUAL;0,00
COM-NewTechs_V02;RW;COM;.PRE.;CHDATAELCHPR302;Com Space Heat New Heat Pump With reno - DATA - ELC302;PJ;GW;PRE;-;CHDATAELCHPR302_NRGO;ANNUAL;0,00
COM-NewTechs_V02;RW;COM;.PRE.;CHDATAELCHPR402;Com Space Heat New Heat Pump With reno - DATA - ELC402;PJ;GW;PRE;-;CHDATAELCHPR402_NRGO;ANNUAL;0,00
COM-NewTechs_V02;RW;COM;.PRE.;CHDATAGMX301;Com Space Heat New Boiler - DATA - GMX301;PJ;GW;PRE;-;CHDATAGMX301_NRGO;ANNUAL;0,00
COM-NewTechs_V02;RW;COM;.PRE.;CHDATAGMX501;Com Space Heat New Boiler - DATA - GMX501;PJ;GW;PRE;-;CHDATAGMX501_NRGO;ANNUAL;0,00
COM-NewTechs_V02;RW;COM;.PRE.;CHDATALPG301;Com Space Heat New Boiler - DATA - LPG301;PJ;GW;PRE;-;CHDATALPG301_NRGO;ANNUAL;0,00
COM-NewTechs_V02;RW;COM;.PRE.;CHDATALTH101;Com Space Heat New Heat Exchanger - DATA - HET101;PJ;GW;PRE;-;CHDATALTH101_NRGO;ANNUAL;0,00
COM-NewTechs_V02;RW;COM;.PRE.;CHDATAOIL301;Com Space Heat New Boiler - DATA - OIL301;PJ;GW;PRE;-;CHDATAOIL301_NRGO;ANNUAL;0,00
COM-NewTechs_V02;RW;COM;.PRE.;CHDATAOIL401;Com Space Heat New Boiler - DATA - OIL401;PJ;GW;PRE;-;CHDATAOIL401_NRGO;ANNUAL;0,00
COM-NewTechs_V02;RW;COM;.PRE.;CHDATAPEL101;Com Space Heat New Boiler - DATA - PEL101;PJ;GW;PRE;-;CHDATAPEL101_NRGO;ANNUAL;0,00
COM-NewTechs_V02;RW;COM;.PRE.;CHENCPS101;Com Space Heat New Boiler - EN - CPS101;PJ;GW;PRE;-;CHENCPS101_NRGO;ANNUAL;0,00
COM-NewTechs_V02;RW;COM;.PRE.;CHNENELCHP401;Com Space Heat New Heat pump - NEN - ELC401;PJ;GW;PRE;-;CHNEN;ANNUAL;
BASE;RW;IND;.PRE.;ISGPREPA00;ISG.Beet.Preparation.00;PJ;PJA;PRE;-;MISGJU;ANNUAL;0,00
COM-NewTechs_V02;RW;COM;.PRE.;CHNSAELC101;Com Space Heat New Boiler - NSA - ELC101;PJ;GW;PRE;-;CHNSA;ANNUAL;
COM-NewTechs_V02;RW;COM;.PRE.;CHNSAELC201;Com Space Heat New Boiler - NSA - ELC201;PJ;GW;PRE;-;CHNSA;ANNUAL;
COM-NewTechs_V02;RW;COM;.PRE.;CHNSAELCHP201;Com Space Heat New Heat pump - NSA - ELC201;PJ;GW;PRE;-;CHNSA;ANNUAL;
COM-NewTechs_V02;RW;COM;.PRE.;CHNSAELCHP301;Com Space Heat New Heat pump - NSA - ELC301;PJ;GW;PRE;-;CHNSA;ANNUAL;
COM-NewTechs_V02;RW;COM;.PRE.;CHNSAELCHP401;Com Space Heat New Heat pump - NSA - ELC401;PJ;GW;PRE;-;CHNSA;ANNUAL;
COM-NewTechs_V02;RW;COM;.PRE.;CHNSAGEO101;Com Space Heat New FC - NSA - GEO101;PJ;GW;PRE;-;CHNSA;ANNUAL;
COM-NewTechs_V02;RW;COM;.PRE.;CHNSAGMX201;Com Space Heat New Boiler - NSA - GMX201;PJ;GW;PRE;-;CHNSA;ANNUAL;
RSD-NewTechs;RW;RSD;.PRE.;RWN3FELCN3;Electric boiler-RWN3F-New3;PJ;GW;PRE;-;RWN3F;ANNUAL;1,00
COM-NewTechs_V02;RW;COM;.PRE.;CHNSAGMX401;Com Space Heat New Boiler - NSA - GMX401;PJ;GW;PRE;-;CHNSA;ANNUAL;
COM-NewTechs_V02;RW;COM;.PRE.;CHNSAGMXHP201;Com Space Heat New Heat Pump - NSA - GMX201;PJ;GW;PRE;-;CHNSA;ANNUAL;
COM-NewTechs_V02;RW;COM;.PRE.;CHNSAGMXHP202;Com Space Heat New Heat Pump - NSA - GMX202;PJ;GW;PRE;-;CHNSA;ANNUAL;
COM-NewTechs_V02;RW;COM;.PRE.;CHNSALPG201;Com Space Heat New Boiler - NSA - LPG201;PJ;GW;PRE;-;CHNSA;ANNUAL;
COM-NewTechs_V02;RW;COM;.PRE.;CHNSALPGHP202;Com Space Heat New Heat Pump - NSA - LPG202;PJ;GW;PRE;-;CHNSA;ANNUAL;
COM-NewTechs_V02;RW;COM;.PRE.;CHNSAOIL201;Com Space Heat New Boiler - NSA - OIL201;PJ;GW;PRE;-;CHNSA;ANNUAL;
COM-NewTechs_V02;RW;COM;.PRE.;CWNSAGMX101;Com Water Heat New Boiler - NSA - GMX101;PJ;GW;PRE;-;CWNSA;ANNUAL;
COM-NewTechs_V02;RW;COM;.PRE.;CWNSALPG101;Com Water Heat New Boiler - NSA - LPG101;PJ;GW;PRE;-;CWNSA;ANNUAL;
COM-NewTechs_V02;RW;COM;.PRE.;CWNSAOIL101;Com Water Heat New Boiler - NSA - OIL101;PJ;GW;PRE;-;CWNSA;ANNUAL;
COM-NewTechs_V02;RW;COM;.PRE.;CWNSAPEL101;Com Water Heat New Boiler - NSA - PEL101;PJ;GW;PRE;-;CWNSA;ANNUAL;
COM-NewTechs_V02;RW;COM;.PRE.;CWNSASOL101;Com Water Heat New Boiler - NSA - SOL101;PJ;GW;PRE;-;CWNSA;ANNUAL;
COM-NewTechs_V02;RW;COM;.PRE.;CWNSASOLD101;Com Water Heat New Boiler with back up - NSA - OIL101;PJ;GW;PRE;-;CWNSA;ANNUAL;
COM-NewTechs_V02;RW;COM;.PRE.;CWNSASOLG101;Com Water Heat New Boiler with back up - NSA - GMX101;PJ;GW;PRE;-;CWNSA;ANNUAL;
COM-NewTechs_V02;RW;COM;.PRE.;CCSAELC201;Com Space Cool New - SA - ELC201;PJ;GW;PRE;-;CCSA;ANNUAL;
COM-NewTechs_V02;RW;COM;.PRE.;CWSAGMX101;Com Water Heat New Boiler - SA - GMX101;PJ;GW;PRE;-;CWSA;ANNUAL;
COM-NewTechs_V02;RW;COM;.PRE.;CWSALPG101;Com Water Heat New Boiler - SA - LPG101;PJ;GW;PRE;-;CWSA;ANNUAL;
COM-NewTechs_V02;RW;COM;.PRE.;CWSAOIL101;Com Water Heat New Boiler - SA - OIL101;PJ;GW;PRE;-;CWSA;ANNUAL;
COM-NewTechs_V02;RW;COM;.PRE.;CWSAPEL101;Com Water Heat New Boiler - SA - PEL101;PJ;GW;PRE;-;CWSA;ANNUAL;
COM-NewTechs_V02;RW;COM;.PRE.;CWSASOL101;Com Water Heat New Boiler - SA - SOL101;PJ;GW;PRE;-;CWSA;ANNUAL;
COM-NewTechs_V02;RW;COM;.PRE.;CWSASOLD101;Com Water Heat New Boiler with back up - SA - OIL101;PJ;GW;PRE;-;CWSA;ANNUAL;
COM-NewTechs_V02;RW;COM;.PRE.;CWSASOLE101;Com Water Heat New Boiler with back up - SA - ELC101;PJ;GW;PRE;-;CWSA;ANNUAL;
COM-NewTechs_V02;RW;COM;.PRE.;CWSASOLG101;Com Water Heat New Boiler with back up - SA - GMX101;PJ;GW;PRE;-;CWSA;ANNUAL;
TECHS_HYDROGEN;RW;SUP;.PRE.;INDGH2C01;Fuel Tech - H2 Delivery from centralized production (COMP+TR+DP - Industrial);PJ;PJ-A;PRE;-;INDHH2;DAYNITE;
TECHS_HYDROGEN;RW;SUP;.PRE.;RSDGH2C01;Fuel Tech - H2 Delivery from centralized production (COMP+TR+DP - Residential);PJ;PJ-A;PRE;-;RSDHH2;DAYNITE;
TECHS_HYDROGEN;RW;SUP;.PRE.;RSDGH2C02;Fuel Tech - H2 Delivery from centralized production (COMP+USTOR+TR+DP - Residential);PJ;PJ-A;PRE;-;RSDHH2;DAYNITE;
TECHS_HYDROGEN;RW;SUP;.PRE.;RSDGH2D01;Fuel Tech - H2 Delivery from local production (LOCGSTORB+DP - Residential);PJ;PJ-A;PRE;-;RSDHH2;DAYNITE;
RSD-NewTechs;RW;RSD;.DMD.;RCOKGAS101;cooking gas stove;PJ;PJA;DMD;-;RCOK;ANNUAL;0,00
RSD-NewTechs;RW;RSD;.PRE.;RH3FLOGN1;Log stove-RH3F-New1;PJ;GW;PRE;-;RH3F;ANNUAL;1,00
COM-NewTechs_V02;RW;COM;.PRE.;CHSAELCHP401;Com Space Heat New Heat pump - SA - ELC401;PJ;GW;PRE;-;CHSA;ANNUAL;
TECHS_HYDROGEN;RW;SUP;.PRE.;RSDGH2C01_i;RSDGH2C01_i;PJ;PJ-A;PRE;-;RSDHH2;DAYNITE;
COM-NewTechs_V02;RW;COM;.CHP.;CHCSCPSCHPN01_N;New gazific+CHP-CS_CPS;PJ;GW;CHP;-;CHCSCPSCHPN01_N_NRGO;DAYNITE;0,00
COM-NewTechs_V02;RW;COM;.PRE.;CCSAELC101;Com Space Cool New - SA - ELC101;PJ;GW;PRE;-;CCSA;ANNUAL;
COM-NewTechs_V02;RW;COM;.CHP.;CHCSGMXCHPN01_N;New CHP Commercial-CS_GMX;PJ;GW;CHP;-;CHCSGMXCHPN01_N_NRGO;DAYNITE;0,00
COM-NewTechs_V02;RW;COM;.CHP.;CHCSOILCHPN01_N;New CHP Commercial-CS_OIL;PJ;GW;CHP;-;CHCSOILCHPN01_N_NRGO;DAYNITE;0,00
COM-NewTechs_V02;RW;COM;.CHP.;CHCSPELCHPN01_N;New ORC+CHP Commercial-CS_PEL;PJ;GW;CHP;-;CHCSPELCHPN01_N_NRGO;DAYNITE;0,00
COM-NewTechs_V02;RW;COM;.CHP.;CHSACPSCHPN01_N;New gazific+CHP-SA_CPS;PJ;GW;CHP;-;CHSACPSCHPN01_N_NRGO;DAYNITE;0,00
COM-NewTechs_V02;RW;COM;.PRE.;CLIGNSAELC401;CLIGNSAELC401;PJ;GW;PRE;-;CLIGNSA;ANNUAL;
COM-NewTechs_V02;RW;COM;.PRE.;CLIGNSAELC501;CLIGNSAELC501;PJ;GW;PRE;-;CLIGNSA;ANNUAL;
COM-NewTechs_V02;RW;COM;.PRE.;CWNSAELC101;Com Water Heat New Boiler - NSA - ELC101;PJ;GW;PRE;-;CWNSA;ANNUAL;
COM-NewTechs_V02;RW;COM;.PRE.;CWNSAELCHP201;Com Water Heat New Boiler - NSA - ELC201;PJ;GW;PRE;-;CWNSA;ANNUAL;
COM-NewTechs_V02;RW;COM;.PRE.;CWNSAGEO101;Com Water Heat New Boiler - NSA - GEO101;PJ;GW;PRE;-;CWNSA;ANNUAL;
COM-NewTechs_V02;RW;COM;.CHP.;CHSAGMXCHPN01_N;New CHP Commercial-SA_GMX;PJ;GW;CHP;-;CHSAGMXCHPN01_N_NRGO;DAYNITE;0,00
COM-NewTechs_V02;RW;COM;.DMD.;CHDATANOIL201;Com Space Heat New Boiler - DATAN - OIL201;PJ;GW;DMD;-;;ANNUAL;0,00
TECHS_HYDROGEN;RW;SUP;.PRE.;SGASH2RCC02;H2 Production-Methane Steam Reforming + Carbon Capture, small size, centralized;PJ;GW;PRE;-;SGASH2RCC02_MATO;DAYNITE;1,00
COM-NewTechs_V02;RW;COM;.PRE.;CHSAELCHP302;Com Space Heat New Heat pump - SA - ELC302;PJ;GW;PRE;-;CHSAELCHP302_NRGO;ANNUAL;
COM-NewTechs_V02;RW;COM;.PRE.;CHSAELCHP402;Com Space Heat New Heat pump - SA - ELC402;PJ;GW;PRE;-;CHSAELCHP402_NRGO;ANNUAL;
COM-NewTechs_V02;RW;COM;.PRE.;CHSAELCHPR202;Com Space Heat New Heat pump with réno - SA - ELC202;PJ;GW;PRE;-;CHSAELCHPR202_NRGO;ANNUAL;
COM-NewTechs_V02;RW;COM;.PRE.;CHSAELCHPR302;Com Space Heat New Heat pump with réno - SA - ELC302;PJ;GW;PRE;-;CHSAELCHPR302_NRGO;ANNUAL;
COM-NewTechs_V02;RW;COM;.PRE.;CHSAELCHPR402;Com Space Heat New Heat pump with réno - SA - ELC402;PJ;GW;PRE;-;CHSAELCHPR402_NRGO;ANNUAL;
COM-NewTechs_V02;RW;COM;.PRE.;CHSAGMX301;Com Space Heat New Boiler - SA - GMX301;PJ;GW;PRE;-;CHSAGMX301_NRGO;ANNUAL;
COM-NewTechs_V02;RW;COM;.PRE.;CHSAGMX501;Com Space Heat New Boiler - CO - GMX501;PJ;GW;PRE;-;CHSAGMX501_NRGO;ANNUAL;
COM-NewTechs_V02;RW;COM;.PRE.;CHSALPG301;Com Space Heat New Boiler - SA - LPG301;PJ;GW;PRE;-;CHSALPG301_NRGO;ANNUAL;
COM-NewTechs_V02;RW;COM;.PRE.;CHSALTH101;Com Space Heat New Heat Exchanger - SA - HET101;PJ;GW;PRE;-;CHSALTH101_NRGO;ANNUAL;
COM-NewTechs_V02;RW;COM;.PRE.;CHSAOIL301;Com Space Heat New Boiler - SA - OIL301;PJ;GW;PRE;-;CHSAOIL301_NRGO;ANNUAL;
COM-NewTechs_V02;RW;COM;.PRE.;CHSAOIL401;Com Space Heat New Boiler - SA - OIL401;PJ;GW;PRE;-;CHSAOIL401_NRGO;ANNUAL;
COM-NewTechs_V02;RW;COM;.PRE.;CHSAPEL101;Com Space Heat New Boiler - SA - PEL101;PJ;GW;PRE;-;CHSAPEL101_NRGO;ANNUAL;
TECHS_HYDROGEN;RW;SUP;.PRE.;TRAGH2D01;Fuel Tech - H2 Delivery from local production (LOCGSTORB + REFGG (small));PJ;PJ-A;PRE;-;TRAGH2;DAYNITE;
TECHS_HYDROGEN;RW;SUP;.PRE.;TRALH2C01;Fuel Tech - H2 Delivery from centralized production (COMP+USTOR+TR+LIQ+LSTORB+RTS+REFLL(large));PJ;PJ-A;PRE;-;TRALH2;DAYNITE;
TECHS_HYDROGEN;RW;SUP;.PRE.;TRALH2C02_i;TRALH2C02_i;PJ;PJ-A;PRE;-;TRALH2;DAYNITE;
TECHS_HYDROGEN;RW;SUP;.PRE.;TRALH2C02;Fuel Tech - H2 Delivery from centralized production (COMP+TR+LIQ+LSTORB+RTS+REFLL(large));PJ;PJ-A;PRE;-;TRALH2;DAYNITE;
TECHS_HYDROGEN;RW;SUP;.PRE.;TRALH2D01;Fuel Tech - H2 Delivery from local production (LOCGSTORB+ONSITELIQ+REFLL (large));PJ;PJ-A;PRE;-;TRALH2;DAYNITE;
TECHS_HYDROGEN;RW;SUP;.PRE.;INDGH2C01_i;INDGH2C01_i;PJ;PJ-A;PRE;-;INDHH2;DAYNITE;
COM-NewTechs_V02;RW;COM;.CHP.;CHSAOILCHPN01_N;New CHP Commercial-SA_OIL;PJ;GW;CHP;-;CHSAOILCHPN01_N_NRGO;DAYNITE;0,00
COM-NewTechs_V02;RW;COM;.CHP.;CHSAPELCHPN01_N;New ORC+CHP Commercial-SA_PEL;PJ;GW;CHP;-;CHSAPELCHPN01_N_NRGO;DAYNITE;0,00
COM-NewTechs_V02;RW;COM;.DMD.;CWBPNSOLD101;Com Water Heat New Boiler with back up - BPN - OIL101;PJ;GW;DMD;-;CWBPNSOLD101_NRGI;ANNUAL;0,00
COM-NewTechs_V02;RW;COM;.DMD.;CWSANOIL101;Com Water Heat New Boiler - SAN - OIL101;PJ;GW;DMD;-;;ANNUAL;
COM-NewTechs_V02;RW;COM;.DMD.;CCBANELCHP101;Com Space Cool New - BAN - ELC101;PJ;GW;DMD;-;COMELC;ANNUAL;0,00
COM-NewTechs_V02;RW;COM;.DMD.;CCBANGMXHP101;Com Space Cool New - BAN - GMX101;PJ;GW;DMD;-;COMGMX;ANNUAL;0,00
COM-NewTechs_V02;RW;COM;.DMD.;CCBPNELC101;Com Space Cool New - BPN - ELC101;PJ;GW;DMD;-;COMELC;ANNUAL;0,00
COM-NewTechs_V02;RW;COM;.DMD.;CCBPNELC201;Com Space Cool New - BPN - ELC201;PJ;GW;DMD;-;COMELC;ANNUAL;0,00
COM-NewTechs_V02;RW;COM;.DMD.;CCBPNELC301;Com Space Cool New - BPN - ELC301;PJ;GW;DMD;-;COMELC;ANNUAL;0,00
RSD-NewTechs;RW;RSD;.PRE.;RH3FGMXN1;Natural gas stove condensing-RH3F-New1;PJ;GW;PRE;-;RH3F;ANNUAL;1,00
RSD-NewTechs;RW;RSD;.PRE.;RH3FOILN1;Oil boiler condensing -RH3F-New1;PJ;GW;PRE;-;RH3F;ANNUAL;1,00
RSD-NewTechs;RW;RSD;.PRE.;RH4FELCHPN1;Air heat pump with electric boiler-RH4F-New1;PJ;GW;PRE;-;RH4F;ANNUAL;1,00
RSD-NewTechs;RW;RSD;.PRE.;RH4FELCHPN2;Air heat pump with electric boiler-RH4F-New2;PJ;GW;PRE;-;RH4F;ANNUAL;1,00
COM-NewTechs_V02;RW;COM;.PRE.;CHDATAELCHPR401;Com Space Heat New Heat Pump With reno - DATA - ELC401;PJ;GW;PRE;-;CHDATA;ANNUAL;0,00
COM-NewTechs_V02;RW;COM;.PRE.;CHNCOLPG201;Com Space Heat New Boiler - NCO - LPG201;PJ;GW;PRE;-;CHNCO;ANNUAL;0,00
COM-NewTechs_V02;RW;COM;.PRE.;CHNCSOIL201;Com Space Heat New Boiler - NCS - OIL201;PJ;GW;PRE;-;CHNCS;ANNUAL;0,00
COM-NewTechs_V02;RW;COM;.PRE.;CHNDATAOIL201;Com Space Heat New Boiler - NDATA - OIL201;PJ;GW;PRE;-;CHNDATA;ANNUAL;0,00
IND-NewTechs_TEST;RW;IND;.PRE.;ICMPRC24;ICM.Dry Process Production oxycomb.05;MT;MT;PRE;-;MCMCLK;ANNUAL;1,00
RSD-NewTechs;RW;RSD;.PRE.;RH3FELCHPN2;Air heat pump with electric boiler-RH3F-New2;PJ;GW;PRE;-;RH3F;ANNUAL;1,00
RSD-NewTechs;RW;RSD;.PRE.;RH3FELCHPN3;Air heat pump with electric boiler-RH3F-New3;PJ;GW;PRE;-;RH3F;ANNUAL;1,00
RSD-NewTechs;RW;RSD;.PRE.;RH4FGMXN1;Natural gas stove condensing-RH4F-New1;PJ;GW;PRE;-;RH4F;ANNUAL;1,00
IND-NewTechs_TEST;RW;IND;.PRE.;IISBOXSCR01;IIS.Blast Oxygen Furnace BOF.Scrap.01;MT;MT;PRE;-;MISCST;ANNUAL;1,00
IND-NewTechs_TEST;RW;IND;.PRE.;IISCUPOLA01;IIS.Cast Iron Cupola.01;MT;MT;PRE;-;MISCST;ANNUAL;1,00
RSD-NewTechs;RW;RSD;.PRE.;RH3FLPGN1;LPG stove-RH3F-New1;PJ;GW;PRE;-;RH3F;ANNUAL;1,00
IND-NewTechs_TEST;RW;IND;.PRE.;IISDRIH3;IIS.Iron Sponge Iron for DRI from H2.01.;MT;MT;PRE;-;IIS;ANNUAL;1,00
IND-NewTechs_TEST;RW;IND;.PRE.;IISELAFUR01;IIS.Electric Arc Furnace.01;MT;MT;PRE;-;MISCST;ANNUAL;1,00
IND-NewTechs_TEST;RW;IND;.PRE.;IOFSTMHET01;IOFSTMHET01;PJ;GW;PRE;-;IOFHTH;ANNUAL;1,00
RSD-NewTechs;RW;RSD;.PRE.;RH4FLOGN1;Log stove-RH4F-New1;PJ;GW;PRE;-;RH4F;ANNUAL;1,00
RSD-NewTechs;RW;RSD;.PRE.;RHNAPELCHPN2;Air heat pump with electric boiler-RHNAP-New2;PJ;GW;PRE;-;RHNAP;ANNUAL;1,00
COM_Retrofits2;RW;COM;.PRE.;Retrofit-F_C_EN;Retrofit-F_C_EN;PJ;MM2;PRE;-;Retrofit-F_C_EN_NRGI;ANNUAL;0,00
COM_Retrofits2;RW;COM;.PRE.;Retrofit-F_C_BA;Retrofit-F_C_BA;PJ;MM2;PRE;-;Retrofit-F_C_BA_NRGI;ANNUAL;0,00
BASE;RW;TRA;.DMD.;TCARGMXMU00;Cars CNG Medium-Upper Existing;BVKM;000VEH;DMD;-;TCAR;ANNUAL;0,00
RSD-NewTechs;RW;RSD;.DMD.;RLIGELC401;LED lighting system;PJ;PJA;DMD;-;RLIG;ANNUAL;0,00
COM-NewTechs_V02;RW;COM;.PRE.;CHNCSLPGHP202;Com Space Heat New Heat Pump - NCS - LPG202;PJ;GW;PRE;-;CHNCS;ANNUAL;0,00
RSD-NewTechs;RW;RSD;.PRE.;RWN4FOILN1;Oil boiler-RWN4F-New1;PJ;GW;PRE;-;RWN4F;ANNUAL;1,00
COM-NewTechs_V02;RW;COM;.DMD.;CWENNSOLG101;Com Water Heat New Boiler with back up - ENN - GMX101;PJ;GW;DMD;-;CWENNSOLG101_NRGI;ANNUAL;0,00
COM-NewTechs_V02;RW;COM;.DMD.;CHBANELC101;Com Space Heat New Boiler - BAN - ELC101;PJ;GW;DMD;-;;ANNUAL;0,00
COM-NewTechs_V02;RW;COM;.DMD.;CHBANELC201;Com Space Heat New Boiler - BAN - ELC201;PJ;GW;DMD;-;;ANNUAL;0,00
COM-NewTechs_V02;RW;COM;.DMD.;CHBANGMX201;Com Space Heat New Boiler - BAN - GMX201;PJ;GW;DMD;-;;ANNUAL;0,00
COM-NewTechs_V02;RW;COM;.PRE.;CHSAGMXHP201;Com Space Heat New Heat Pump - SA - GMX201;PJ;GW;PRE;-;CHSA;ANNUAL;
COM-NewTechs_V02;RW;COM;.PRE.;CHSAGMXHP202;Com Space Heat New Heat Pump - SA - GMX202;PJ;GW;PRE;-;CHSA;ANNUAL;
COM-NewTechs_V02;RW;COM;.PRE.;CHSALPG201;Com Space Heat New Boiler - SA - LPG201;PJ;GW;PRE;-;CHSA;ANNUAL;
SUP-BioFuels;RW;SUP;.PRE.;BWBIOGAZ100;Methanisation Biogas production;PJ;GW;PRE;-;BIOGAS;ANNUAL;0,00
SUP-BioFuels;RW;SUP;.PRE.;DIGECPS100;Chaleur digesteur chips;PJ;GW;PRE;-;SUPHET;ANNUAL;0,00
SUP-BioFuels;RW;SUP;.PRE.;DIGEOIL100;Chaleur digesteur mazout;PJ;GW;PRE;-;SUPHET;ANNUAL;0,00
SUP-BioFuels;RW;SUP;.PRE.;DIGEPEL100;Chaleur digesteur pellets;PJ;GW;PRE;-;SUPHET;ANNUAL;0,00
COM-NewTechs_V02;RW;COM;.PRE.;CHNBAELCHP302;Com Space Heat New heat pump - NBA - ELC302;PJ;GW;PRE;-;CHNBAELCHP302_NRGO;ANNUAL;0,00
COM-NewTechs_V02;RW;COM;.PRE.;CHNBAELCHP402;Com Space Heat New heat pump - NBA - ELC402;PJ;GW;PRE;-;CHNBAELCHP402_NRGO;ANNUAL;0,00
COM-NewTechs_V02;RW;COM;.PRE.;CHNBAGMX301;Com Space Heat New Boiler - NBA - GMX301;PJ;GW;PRE;-;CHNBAGMX301_NRGO;ANNUAL;0,00
COM-NewTechs_V02;RW;COM;.PRE.;CHNBAGMX501;Com Space Heat New Boiler - NCO - GMX501;PJ;GW;PRE;-;CHNBAGMX501_NRGO;ANNUAL;0,00
COM-NewTechs_V02;RW;COM;.PRE.;CHNBALPG301;Com Space Heat New Boiler - NBA - LPG301;PJ;GW;PRE;-;CHNBALPG301_NRGO;ANNUAL;0,00
COM-NewTechs_V02;RW;COM;.PRE.;CHNBALTH101;Com Space Heat New Heat Exchanger - NBA - HET101;PJ;GW;PRE;-;CHNBALTH101_NRGO;ANNUAL;0,00
IND-NewTechs_TEST;RW;IND;.CHP.;CHPINDLFOIOIN00_N;CHP.Autoproducer.Industry.Others_LFO-New 00_N;PJ;GW;CHP;-;CHPINDLFOIOIN00_N_NRGO;DAYNITE;1,00
IND-NewTechs_TEST;RW;IND;.PRE.;IOFSTMBGS01;IOFSTMBGS01;PJ;GW;PRE;-;IOFHTH;ANNUAL;1,00
IND-NewTechs_TEST;RW;IND;.PRE.;IOFSTMBIO01;IOFSTMBIO01;PJ;GW;PRE;-;IOFHTH;ANNUAL;1,00
IND-NewTechs_TEST;RW;IND;.PRE.;IOFSTMCPS01;IOFSTMCPS01;PJ;GW;PRE;-;IOFHTH;ANNUAL;1,00
IND-NewTechs_TEST;RW;IND;.PRE.;IOFSTMELC01;IOFSTMELC01;PJ;GW;PRE;-;IOFHTH;ANNUAL;1,00
IND-NewTechs_TEST;RW;IND;.PRE.;IOFSTMGMX01;IOFSTMGMX01;PJ;GW;PRE;-;IOFHTH;ANNUAL;1,00
RSD-NewTechs;RW;RSD;.PRE.;RHN4FELCN1;Electric radiators-RHN4F-New1;PJ;GW;PRE;-;RHN4F;ANNUAL;1,00
SUP-BioFuels;RW;SUP;.PRE.;BWOOFTDST110;FT-diesel production from woody biomass;PJ;GW;PRE;-;BIODST;ANNUAL;0,00
IND-NewTechs_TEST;RW;IND;.PRE.;IOFFROELC01;IOFFROELC01;PJ;GW;PRE;-;IOFFRO;ANNUAL;1,00
COM-NewTechs_V02;RW;COM;.PRE.;CWCSELCHP201;Com Water Heat New Boiler - CS - ELC201;PJ;GW;PRE;-;CWCS;ANNUAL;0,00
IND-NewTechs_TEST;RW;IND;.DMD.;IPPHIGQUA11;IPP.High Quality Paper Production.01;MT;MT;DMD;-;IPP;ANNUAL;1,00
IND-NewTechs_TEST;RW;IND;.PRE.;INFMCHELC01;INFMCHELC01;PJ;PJA;PRE;-;INFMCH;ANNUAL;1,00
IND-NewTechs_TEST;RW;IND;.PRE.;INFOTH-HH2;INFOTH-HH2;PJ;PJA;PRE;-;INFOTH;ANNUAL;1,00
RSD-NewTechs;RW;RSD;.PRE.;RHNAPELCN1;Electric radiators-RHNAP-New1;PJ;GW;PRE;-;RHNAP;ANNUAL;1,00
RSD-NewTechs;RW;RSD;.PRE.;RWN4FELCN1;Electric boiler-RWN4F-New1;PJ;GW;PRE;-;RWN4F;ANNUAL;1,00
IND-NewTechs_TEST;RW;IND;.PRE.;INFSTMCOK01;INFSTMCOK01;PJ;GW;PRE;-;INFHTH;ANNUAL;1,00
IND-NewTechs_TEST;RW;IND;.PRE.;INFSTMCOL01;INFSTMCOL01;PJ;GW;PRE;-;INFHTH;ANNUAL;1,00
IND-NewTechs_TEST;RW;IND;.PRE.;INFSTMCPS01;INFSTMCPS01;PJ;GW;PRE;-;INFHTH;ANNUAL;1,00
IND-NewTechs_TEST;RW;IND;.PRE.;INFSTMGMX01;INFSTMGMX01;PJ;GW;PRE;-;INFHTH;ANNUAL;1,00
IND-NewTechs_TEST;RW;IND;.PRE.;IOFPRCLFO01;IOFPRCLFO01;PJ;GW;PRE;-;IOFPRC;ANNUAL;1,00
IND-NewTechs_TEST;RW;IND;.PRE.;IOFSTMHFO01;IOFSTMHFO01;PJ;GW;PRE;-;IOFHTH;ANNUAL;1,00
COM-NewTechs_V02;RW;COM;.PRE.;CWSAGEO101;Com Water Heat New Boiler - SA - GEO101;PJ;GW;PRE;-;CWSA;ANNUAL;
COM-NewTechs_V02;RW;COM;.PRE.;CCSAELC301;Com Space Cool New - SA - ELC301;PJ;GW;PRE;-;CCSA;ANNUAL;
COM-NewTechs_V02;RW;COM;.PRE.;CWNDATAPEL101;Com Water Heat New Boiler - NDATA - PEL101;PJ;GW;PRE;-;CWNDATA;ANNUAL;0,00
IND-NewTechs_TEST;RW;IND;.PRE.;INFELEELC01;INFELEELC01;PJ;PJA;PRE;-;INFELE;ANNUAL;0,00
IND-NewTechs_TEST;RW;IND;.PRE.;IISBLAFURDCI;IIS.Iron Blast Furnace direct coal injection.05.;MT;MT;PRE;-;MISRIR;ANNUAL;1,00
COM-NewTechs_V02;RW;COM;.DMD.;CCBPNELC401;Com Space Cool New - BPN - ELC401;PJ;GW;DMD;-;COMELC;ANNUAL;0,00
IND-NewTechs_TEST;RW;IND;.DMD.;IBOPROD01;IBO.Production.Wood.products.01;MM3;MM3;DMD;-;IBO;ANNUAL;1,00
IND-NewTechs_TEST;RW;IND;.DMD.;IAMADVCAP10;IAM.Advanced ProductionCO2 Capture.10.;MT;MT;DMD;-;IAM;ANNUAL;1,00
COM-NewTechs_V02;RW;COM;.DMD.;CWCSNELC101;Com Water Heat New Boiler - CSN - ELC101;PJ;GW;DMD;-;;ANNUAL;0,00
COM-NewTechs_V02;RW;COM;.PRE.;CHNBACPS101;Com Space Heat New Boiler - NBA - PEL101;PJ;GW;PRE;-;CHNBACPS101_NRGO;ANNUAL;0,00
IND-NewTechs_TEST;RW;IND;.PRE.;IISSINTER01;IIS.Sinter Production.01;MT;MT;PRE;-;MISSNT;ANNUAL;1,00
RSD-NewTechs;RW;RSD;.PRE.;RWN4FGMXSOLN1;Solar collector with gas backup.HeatHotwater-RWN4F-New1;PJ;GW;PRE;-;RWN4F;ANNUAL;1,00
IND-NewTechs_TEST;RW;IND;.CHP.;CHPINDGMXISGN00_N;CHP.Autoproducer.Industry.sugar.Food_GMX-New 00_N;PJ;GW;CHP;-;CHPINDGMXISGN00_N_NRGO;DAYNITE;1,00
IND-NewTechs_TEST;RW;IND;.CHP.;CHPINDHFOIISN00_N;CHP.Autoproducer.Industry.Iron&Steel_HFO-New 00_N;PJ;GW;CHP;-;CHPINDHFOIISN00_N_NRGO;DAYNITE;1,00
IND-NewTechs_TEST;RW;IND;.CHP.;CHPINDHFOIPPN00_N;CHP.Autoproducer.Industry.Pulp&Paper_HFO-New 00_N;PJ;GW;CHP;-;CHPINDHFOIPPN00_N_NRGO;DAYNITE;1,00
IND-NewTechs_TEST;RW;IND;.CHP.;CHPINDLFOICHN00_N;CHP.Autoproducer.Industry.Chemical_LFO-New 00_N;PJ;GW;CHP;-;CHPINDLFOICHN00_N_NRGO;DAYNITE;1,00
RSD-NewTechs;RW;RSD;.PRE.;RWN3FGMXSOLN1;Solar collector with gas backup.HeatHotwater-RWN3F-New1;PJ;GW;PRE;-;RWN3F;ANNUAL;1,00
RSD-NewTechs;RW;RSD;.PRE.;RWN3FOILSOLN1;Solar collector with diesel backup.HeatHotwater-RWN3F-New1;PJ;GW;PRE;-;RWN3F;ANNUAL;1,00
RSD-NewTechs;RW;RSD;.PRE.;RWN3FPELN3;Wood pellets boiler water heater-RWN3F-New3;PJ;GW;PRE;-;RWN3F;ANNUAL;1,00
RSD-NewTechs;RW;RSD;.PRE.;RWN4FELCHPN1;Electric heat pump water heater-RWN4F-New1;PJ;GW;PRE;-;RWN4F;ANNUAL;1,00
RSD-NewTechs;RW;RSD;.PRE.;RWN4FELCSOLN1;Solar collector with electric backup.HeatHotwater-RWN4F-New1;PJ;GW;PRE;-;RWN4F;ANNUAL;1,00
RSD-NewTechs;RW;RSD;.PRE.;RWN4FGMXN1;Natural gas boiler-RWN4F-New1;PJ;GW;PRE;-;RWN4F;ANNUAL;1,00
COM-NewTechs_V02;RW;COM;.PRE.;CHNENGMX201;Com Space Heat New Boiler - NEN - GMX201;PJ;GW;PRE;-;CHNEN;ANNUAL;
COM-NewTechs_V02;RW;COM;.PRE.;CHNENGMX401;Com Space Heat New Boiler - NEN - GMX401;PJ;GW;PRE;-;CHNEN;ANNUAL;
COM-NewTechs_V02;RW;COM;.PRE.;CHNENGMXHP201;Com Space Heat New Heat Pump - NEN - GMX201;PJ;GW;PRE;-;CHNEN;ANNUAL;
COM-NewTechs_V02;RW;COM;.PRE.;CHNENGMXHP202;Com Space Heat New Heat Pump - NEN - GMX202;PJ;GW;PRE;-;CHNEN;ANNUAL;
COM-NewTechs_V02;RW;COM;.PRE.;CHNENLPG201;Com Space Heat New Boiler - NEN - LPG201;PJ;GW;PRE;-;CHNEN;ANNUAL;
COM-NewTechs_V02;RW;COM;.PRE.;CHNENLPGHP202;Com Space Heat New Heat Pump - NEN - LPG202;PJ;GW;PRE;-;CHNEN;ANNUAL;
COM-NewTechs_V02;RW;COM;.PRE.;CLIGSAELC301;CLIGSAELC301;PJ;GW;PRE;-;CLIGSA;ANNUAL;
COM-NewTechs_V02;RW;COM;.PRE.;CHNENOIL201;Com Space Heat New Boiler - NEN - OIL201;PJ;GW;PRE;-;CHNEN;ANNUAL;
COM-NewTechs_V02;RW;COM;.PRE.;CLIGNENELC301;CLIGNENELC301;PJ;GW;PRE;-;CLIGNEN;ANNUAL;
COM-NewTechs_V02;RW;COM;.PRE.;CLIGNENELC401;CLIGNENELC401;PJ;GW;PRE;-;CLIGNEN;ANNUAL;
COM-NewTechs_V02;RW;COM;.PRE.;CWNENELC101;Com Water Heat New Boiler - NEN - ELC101;PJ;GW;PRE;-;CWNEN;ANNUAL;
COM-NewTechs_V02;RW;COM;.PRE.;CWNENELCHP201;Com Water Heat New Boiler - NEN - ELC201;PJ;GW;PRE;-;CWNEN;ANNUAL;
SUP-BioFuels;RW;SUP;.PRE.;BBIORPS101;Vegetable oil extraction;PJ;GW;PRE;-;BIORPOIL;ANNUAL;0,00
COM-NewTechs_V02;RW;COM;.PRE.;CWNENGEO101;Com Water Heat New Boiler - NEN - GEO101;PJ;GW;PRE;-;CWNEN;ANNUAL;
COM-NewTechs_V02;RW;COM;.PRE.;CWNENGMX101;Com Water Heat New Boiler - NEN - GMX101;PJ;GW;PRE;-;CWNEN;ANNUAL;
COM-NewTechs_V02;RW;COM;.PRE.;CWNENLPG101;Com Water Heat New Boiler - NEN - LPG101;PJ;GW;PRE;-;CWNEN;ANNUAL;
COM-NewTechs_V02;RW;COM;.PRE.;CWNENOIL101;Com Water Heat New Boiler - NEN - OIL101;PJ;GW;PRE;-;CWNEN;ANNUAL;
COM-NewTechs_V02;RW;COM;.PRE.;CWNENPEL101;Com Water Heat New Boiler - NEN - PEL101;PJ;GW;PRE;-;CWNEN;ANNUAL;
COM-NewTechs_V02;RW;COM;.PRE.;CWNENSOL101;Com Water Heat New Boiler - NEN - SOL101;PJ;GW;PRE;-;CWNEN;ANNUAL;
COM-NewTechs_V02;RW;COM;.PRE.;CWNENSOLD101;Com Water Heat New Boiler with back up - NEN - OIL101;PJ;GW;PRE;-;CWNEN;ANNUAL;
COM-NewTechs_V02;RW;COM;.PRE.;CWNENSOLE101;Com Water Heat New Boiler with back up - NEN - ELC101;PJ;GW;PRE;-;CWNEN;ANNUAL;
COM-NewTechs_V02;RW;COM;.PRE.;CWNENSOLG101;Com Water Heat New Boiler with back up - NEN - GMX101;PJ;GW;PRE;-;CWNEN;ANNUAL;
RSD-NewTechs;RW;RSD;.PRE.;RHN2FGMXN2;Natural gas boiler condensing-RHN2F-New2;PJ;GW;PRE;-;RHN2FGMXN2_NRGO;ANNUAL;1,00
IND-NewTechs_TEST;RW;IND;.DMD.;IAMADVPRO10;IAM.Advanced Production.10.;MT;MT;DMD;-;IAM;ANNUAL;1,00
ELC-NewTechs;RW;ELC;.ELE.;ERNW_PV-Large_Roof_SOL_N;New Public - Solar PV Large Roofs  1 MW (1-5 MW  IND CCIAL LOGIST PKGS);PJ;GW;ELE;-;ERNW_PV-Large_Roof_SOL_N_NRGO;DAYNITE;1,00
IND-NewTechs_TEST;RW;IND;.PRE.;IPPPUPRYC01;IPP.Recycling Pulp Production.01;MT;MT;PRE;-;MPPPUP;ANNUAL;1,00
IND-NewTechs_TEST;RW;IND;.PRE.;ISGPREPA01;ISG.Beet.Preparation.sugar.01;MT;MT;PRE;-;MISGJU;ANNUAL;1,00
IND-NewTechs_TEST;RW;IND;.PRE.;ICMPRDCC_02;ICM. LEILAC.02;MT;MT;PRE;-;ICM;ANNUAL;1,00
IND-NewTechs_TEST;RW;IND;.PRE.;IBOHTHSTMCPS01;IBO.wood.Process Heat.CPS.01;PJ;GW;PRE;-;IBOHTH;ANNUAL;1,00
IND-NewTechs_TEST;RW;IND;.PRE.;IBOHTHSTMELC01;IBO.wood.Process Heat.ELC.00;PJ;GW;PRE;-;IBOHTH;ANNUAL;1,00
IND-NewTechs_TEST;RW;IND;.PRE.;IBOHTHSTMGMX01;IBO.wood.Process Heat.GMX.01;PJ;GW;PRE;-;IBOHTH;ANNUAL;1,00
IND-NewTechs_TEST;RW;IND;.PRE.;IBOHTHSTMLFO01;IBO.wood.Process Heat.LFO.01;PJ;GW;PRE;-;IBOHTH;ANNUAL;1,00
IND-NewTechs_TEST;RW;IND;.PRE.;ICHPRCBIO01;ICHPRCBIO01;PJ;GW;PRE;-;ICHPRC;ANNUAL;1,00
COM-NewTechs_V02;RW;COM;.DMD.;CCCOELC201;Com Space Cool New - CO - ELC201;PJ;GW;DMD;-;CCCO;ANNUAL;0,00
IND-NewTechs_TEST;RW;IND;.PRE.;IOIPRCGMX01;IOIPRCGMX01;PJ;GW;PRE;-;IOIPRC;ANNUAL;1,00
RSD-NewTechs;RW;RSD;.PRE.;RWNAPGMXN1;Natural gas boiler-RWNAP-New1;PJ;GW;PRE;-;RWNAP;ANNUAL;1,00
RSD-NewTechs;RW;RSD;.PRE.;RWN3FOILN3;Oil boiler-RWN3F-New3;PJ;GW;PRE;-;RWN3F;ANNUAL;1,00
COM-NewTechs_V02;RW;COM;.DMD.;CHENNELCHPR402;Com Space Heat New Heat Pump With reno - ENN - ELC402;PJ;GW;DMD;-;;ANNUAL;0,00
TRA-NewTechs;RW;TRA;.DMD.TRADTH.;THDTGMXH1N01;Heavy Duty Trucks Gas More than 3 t;BVKM;000VEH;DMD;-;THDT;ANNUAL;1,00
SUP-BioFuels;RW;SUP;.PRE.;BCRPETH101;Ethanol production from starch crops;PJ;GW;PRE;-;BIOETH;ANNUAL;0,00
IND-NewTechs_TEST;RW;IND;.PRE.;IISDRIEAF01;IIS.Electric Arc Furnace for DRI.01;MT;MT;PRE;-;MISCST;ANNUAL;1,00
COM-NewTechs_V02;RW;COM;.PRE.;CHNSAGMX301;Com Space Heat New Boiler - NSA - GMX301;PJ;GW;PRE;-;CHNSAGMX301_NRGO;ANNUAL;
COM-NewTechs_V02;RW;COM;.PRE.;CLIGNSAELC301;CLIGNSAELC301;PJ;GW;PRE;-;CLIGNSA;ANNUAL;
RSD-NewTechs;RW;RSD;.PRE.;RW2FELCSOLN1;Solar collector with electric backup.HeatHotwater-RW2F-New1;PJ;GW;PRE;-;RW2F;ANNUAL;1,00
RSD-NewTechs;RW;RSD;.PRE.;RHN3FLPGN2;LPG boiler-RHN3F-New2;PJ;GW;PRE;-;RHN3FLPGN2_NRGO;ANNUAL;1,00
COM-NewTechs_V02;RW;COM;.PRE.;CLIGCSELC301;CLIGCSELC301;PJ;GW;PRE;-;CLIGCS;ANNUAL;0,00
COM-NewTechs_V02;RW;COM;.DMD.;CHBANGMX301;Com Space Heat New Boiler - BAN - GMX301;PJ;GW;DMD;-;;ANNUAL;0,00
COM-NewTechs_V02;RW;COM;.DMD.;CHBANGMX401;Com Space Heat New Boiler - BAN - GMX401;PJ;GW;DMD;-;;ANNUAL;0,00
COM-NewTechs_V02;RW;COM;.DMD.;CHBANPELL101;Com Space Heat New Boiler - BAN - HH2110;PJ;GW;DMD;-;;ANNUAL;0,00
COM-NewTechs_V02;RW;COM;.DMD.;CHBANLPG201;Com Space Heat New Boiler - BAN - LPG201;PJ;GW;DMD;-;;ANNUAL;0,00
COM-NewTechs_V02;RW;COM;.DMD.;CHBANLPG301;Com Space Heat New Boiler - BAN - LPG301;PJ;GW;DMD;-;;ANNUAL;0,00
COM-NewTechs_V02;RW;COM;.DMD.;CHBANOIL201;Com Space Heat New Boiler - BAN - OIL201;PJ;GW;DMD;-;;ANNUAL;0,00
COM-NewTechs_V02;RW;COM;.DMD.;CHBANOIL301;Com Space Heat New Boiler - BAN - OIL301;PJ;GW;DMD;-;;ANNUAL;0,00
COM-NewTechs_V02;RW;COM;.DMD.;CHBANOIL401;Com Space Heat New Boiler - BAN - OIL401;PJ;GW;DMD;-;;ANNUAL;0,00
COM-NewTechs_V02;RW;COM;.DMD.;CHBANCPS101;Com Space Heat New Boiler - BAN - PEL101;PJ;GW;DMD;-;;ANNUAL;0,00
COM-NewTechs_V02;RW;COM;.DMD.;CHBANGMX501;Com Space Heat New Boiler - CON - GMX501;PJ;GW;DMD;-;;ANNUAL;0,00
COM-NewTechs_V02;RW;COM;.DMD.;CHBANGEO101;Com Space Heat New FC - BAN - GEO101;PJ;GW;DMD;-;;ANNUAL;0,00
COM-NewTechs_V02;RW;COM;.DMD.;CHBANLTH101;Com Space Heat New Heat Exchanger - BAN - HET101;PJ;GW;DMD;-;;ANNUAL;0,00
COM-NewTechs_V02;RW;COM;.DMD.;CHBANELCHP201;Com Space Heat New heat pump - BAN - ELC201;PJ;GW;DMD;-;;ANNUAL;0,00
COM-NewTechs_V02;RW;COM;.DMD.;CHBANELCHP202;Com Space Heat New heat pump - BAN - ELC202;PJ;GW;DMD;-;;ANNUAL;0,00
COM-NewTechs_V02;RW;COM;.DMD.;CHBPNELCHP202;Com Space Heat New Heat pump - BPN - ELC202;PJ;GW;DMD;-;;ANNUAL;0,00
RSD-NewTechs;RW;RSD;.PRE.;RH3FELCHPN4;Air heat pump with electric boiler-RH3F-New4;PJ;GW;PRE;-;RH3F;ANNUAL;1,00
RSD-NewTechs;RW;RSD;.PRE.;RH3FELCHPN6;Ground heat pump with electric boiler-RH3F-New6;PJ;GW;PRE;-;RH3F;ANNUAL;1,00
RSD-NewTechs;RW;RSD;.PRE.;RH4FELCHPN3;Air heat pump with electric boiler-RH4F-New3;PJ;GW;PRE;-;RH4F;ANNUAL;1,00
RSD-NewTechs;RW;RSD;.PRE.;RH4FELCHPN4;Air heat pump with electric boiler-RH4F-New4;PJ;GW;PRE;-;RH4F;ANNUAL;1,00
RSD-NewTechs;RW;RSD;.PRE.;RH4FELCHPN6;Ground heat pump with electric boiler-RH4F-New6;PJ;GW;PRE;-;RH4F;ANNUAL;1,00
TECHS_HYDROGEN;RW;SUP;.PRE.;P_STH2SDT;Dummy tech STH2SDT;PJ;PJ;PRE;-;AUX_STH2SDT;DAYNITE;0,00
TECHS_HYDROGEN;RW;SUP;.PRE.;P_STH2SGT;Dummy tech STH2SGT;PJ;PJ;PRE;-;AUX_STH2SGT;DAYNITE;0,00
COM-NewTechs_V02;RW;COM;.PRE.;CCSAELC401;Com Space Cool New - SA - ELC401;PJ;GW;PRE;-;CCSA;ANNUAL;
COM-NewTechs_V02;RW;COM;.PRE.;CCSAELCHP101;Com Space Cool New - SA - ELC101;PJ;GW;PRE;-;CCSA;ANNUAL;
COM-NewTechs_V02;RW;COM;.PRE.;CCSAGMXHP101;Com Space Cool New - SA - GMX101;PJ;GW;PRE;-;CCSA;ANNUAL;
COM-NewTechs_V02;RW;COM;.PRE.;CHSAELC101;Com Space Heat New Boiler - SA - ELC101;PJ;GW;PRE;-;CHSA;ANNUAL;
COM-NewTechs_V02;RW;COM;.DMD.;CHBANELCHPR302;Com Space Heat New heat pump with reno - BAN - ELC302;PJ;GW;DMD;-;;ANNUAL;0,00
COM-NewTechs_V02;RW;COM;.PRE.;CHSAELCHP201;Com Space Heat New Heat pump - SA - ELC201;PJ;GW;PRE;-;CHSA;ANNUAL;
COM-NewTechs_V02;RW;COM;.PRE.;CHSAELCHP301;Com Space Heat New Heat pump - SA - ELC301;PJ;GW;PRE;-;CHSA;ANNUAL;
COM-NewTechs_V02;RW;COM;.PRE.;CHSAELCHPR201;Com Space Heat New Heat pump with réno - SA - ELC201;PJ;GW;PRE;-;CHSA;ANNUAL;
RSD_Retrofits;RW;RSD;.IMP.IRE.;Dum_Retrofit;Dum_Retrofit;MM2;MM2-A;IRE;-;Dum_Retrofit_NRGO;ANNUAL;0,00
IND-NewTechs_TEST;RW;IND;.PRE.;IISPELLET01;IIS.Pellet Production.01;MT;MT;PRE;-;MISPLT;ANNUAL;1,00
SUP-BioFuels;RW;SUP;.PRE.;DIGEGAS100;Chaleur digesteur biogaz;PJ;GW;PRE;-;SUPHET;ANNUAL;0,00
COM-NewTechs_V02;RW;COM;.PRE.;CHNBAELCHP202;Com Space Heat New heat pump - NBA - ELC202;PJ;GW;PRE;-;CHNBAELCHP202_NRGO;ANNUAL;0,00
RSD-NewTechs;RW;RSD;.PRE.;RH2FLOGN2;Log Boiler.HeatHotwater New-RH2F-New2;PJ;GW;PRE;-;RH2FLOGN2_NRGO;ANNUAL;1,00
RSD-NewTechs;RW;RSD;.PRE.;RHAPLPGN2;LPG boiler-RHAP-New2;PJ;GW;PRE;-;RHAPLPGN2_NRGO;ANNUAL;1,00
RSD-NewTechs;RW;RSD;.DMD.;RCDRELC201;Cloth drying medium efficiency;PJ;PJA;DMD;-;RCDR;ANNUAL;0,00
COM-NewTechs_V02;RW;COM;.PRE.;CLIGNCOELC301;CLIGNCOELC301;PJ;GW;PRE;-;CLIGNCO;ANNUAL;0,00
IND-NewTechs_TEST;RW;IND;.PRE.;INFSTMBIO01;INFSTMBIO01;PJ;GW;PRE;-;INFHTH;ANNUAL;1,00
IND-NewTechs_TEST;RW;IND;.PRE.;INFSTMCOA01;INFSTMCOA01;PJ;GW;PRE;-;INFHTH;ANNUAL;1,00
IND-NewTechs_TEST;RW;IND;.PRE.;IOFPRCLPG01;IOFPRCLPG01;PJ;GW;PRE;-;IOFPRC;ANNUAL;1,00
IND-NewTechs_TEST;RW;IND;.PRE.;IOFSTMBFG01;IOFSTMBFG01;PJ;GW;PRE;-;IOFHTH;ANNUAL;1,00
IND-NewTechs_TEST;RW;IND;.PRE.;IOFSTMHH201;IOFSTMHH201;PJ;GW;PRE;-;IOFHTH;ANNUAL;1,00
IND-NewTechs_TEST;RW;IND;.PRE.;IOFSTMLFO01;IOFSTMLFO01;PJ;GW;PRE;-;IOFHTH;ANNUAL;1,00
IND-NewTechs_TEST;RW;IND;.PRE.;IOIPACELC01;IOIPACELC01;PJ;GW;PRE;-;IOIHTH;ANNUAL;1,00
IND-NewTechs_TEST;RW;IND;.PRE.;IOIPRCCPS01;IOIPRCCPS01;PJ;GW;PRE;-;IOIPRC;ANNUAL;1,00
COM-NewTechs_V02;RW;COM;.PRE.;CCNSAELC201;Com Space Cool New - NSA - ELC201;PJ;GW;PRE;-;CCNSA;ANNUAL;
RSD-NewTechs;RW;RSD;.PRE.;RH3FELCN1;Electric radiators-RH3F-New1;PJ;GW;PRE;-;RH3F;ANNUAL;1,00
COM-NewTechs_V02;RW;COM;.PRE.;CHSALPGHP202;Com Space Heat New Heat Pump - SA - LPG202;PJ;GW;PRE;-;CHSA;ANNUAL;
COM-NewTechs_V02;RW;COM;.PRE.;CHSAOIL201;Com Space Heat New Boiler - SA - OIL201;PJ;GW;PRE;-;CHSA;ANNUAL;
COM-NewTechs_V02;RW;COM;.PRE.;CLIGSAELC401;CLIGSAELC401;PJ;GW;PRE;-;CLIGSA;ANNUAL;
COM-NewTechs_V02;RW;COM;.PRE.;CLIGSAELC501;CLIGSAELC501;PJ;GW;PRE;-;CLIGSA;ANNUAL;
COM-NewTechs_V02;RW;COM;.PRE.;CWSAELC101;Com Water Heat New Boiler - SA - ELC101;PJ;GW;PRE;-;CWSA;ANNUAL;
COM-NewTechs_V02;RW;COM;.PRE.;CWSAELCHP201;Com Water Heat New Boiler - SA - ELC201;PJ;GW;PRE;-;CWSA;ANNUAL;
RSD-NewTechs;RW;RSD;.PRE.;RWN4FOILSOLN1;Solar collector with diesel backup.HeatHotwater-RWN4F-New1;PJ;GW;PRE;-;RWN4F;ANNUAL;1,00
COM-NewTechs_V02;RW;COM;.DMD.;CWBPNSOLE101;Com Water Heat New Boiler with back up - BPN - ELC101;PJ;GW;DMD;-;CWBPNSOLE101_NRGI;ANNUAL;0,00
COM-NewTechs_V02;RW;COM;.DMD.;CWBPNSOLG101;Com Water Heat New Boiler with back up - BPN - GMX101;PJ;GW;DMD;-;CWBPNSOLG101_NRGI;ANNUAL;0,00
COM-NewTechs_V02;RW;COM;.DMD.;CWENNSOLD101;Com Water Heat New Boiler with back up - ENN - OIL101;PJ;GW;DMD;-;CWENNSOLD101_NRGI;ANNUAL;0,00
IND-NewTechs_TEST;RW;IND;.CHP.;CHPINDCPSIOIN00_N;CHP.Autoproducer.Industry.Others_CPS-New 00_N;PJ;GW;CHP;-;CHPINDCPSIOIN00_N_NRGO;DAYNITE;1,00
IND-NewTechs_TEST;RW;IND;.CHP.;CHPINDCPSIPPN00_N;CHP.Autoproducer.Industry.Pulp&Paper_CPS-New 00_N;PJ;GW;CHP;-;CHPINDCPSIPPN00_N_NRGO;DAYNITE;1,00
IND-NewTechs_TEST;RW;IND;.CHP.;CHPINDCPSISGN00_N;CHP.Autoproducer.Industry.sugar.Food_CPS-New 00_N;PJ;GW;CHP;-;CHPINDCPSISGN00_N_NRGO;DAYNITE;1,00
IND-NewTechs_TEST;RW;IND;.CHP.;CHPINDGMXICHN00_N;CHP.Autoproducer.Industry.Chemical_GMX-New 00_N;PJ;GW;CHP;-;CHPINDGMXICHN00_N_NRGO;DAYNITE;1,00
IND-NewTechs_TEST;RW;IND;.CHP.;CHPINDGMXIISN00_N;CHP.Autoproducer.Industry.Iron&Steel_GMX-New 00_N;PJ;GW;CHP;-;CHPINDGMXIISN00_N_NRGO;DAYNITE;1,00
IND-NewTechs_TEST;RW;IND;.CHP.;CHPINDGMXIMLN00_N;CHP.Autoproducer.Industry.FOOD.Milk.GMX-New 00_N;PJ;GW;CHP;-;CHPINDGMXIMLN00_N_NRGO;DAYNITE;1,00
IND-NewTechs_TEST;RW;IND;.CHP.;CHPINDGMXIOFN00_N;CHP.Autoproducer.Industry.Others.Food_GMX-New 00_N;PJ;GW;CHP;-;CHPINDGMXIOFN00_N_NRGO;DAYNITE;1,00
IND-NewTechs_TEST;RW;IND;.CHP.;CHPINDGMXIOIN00_N;CHP.Autoproducer.Industry.Others_GMX-New 00_N;PJ;GW;CHP;-;CHPINDGMXIOIN00_N_NRGO;DAYNITE;1,00
IND-NewTechs_TEST;RW;IND;.CHP.;CHPINDGMXIOIN00_N;CHP.Autoproducer.Industry.Others_GMX-New 00_N;PJ;GW;CHP;-;CHPINDGMXIOIN00_N_NRGO;DAYNITE;1,00
IND-NewTechs_TEST;RW;IND;.CHP.;CHPINDGMXIPON00_N;CHP.Autoproducer.Industry.FOOD.IPO.GMX-New 00_N;PJ;GW;CHP;-;CHPINDGMXIPON00_N_NRGO;DAYNITE;1,00
IND-NewTechs_TEST;RW;IND;.CHP.;CHPINDGMXIPPN00_N;CHP.Autoproducer.Industry.Pulp&Paper_GMX-New 00_N;PJ;GW;CHP;-;CHPINDGMXIPPN00_N_NRGO;DAYNITE;1,00
TECHS_HYDROGEN;RW;IMP;.IMP.IRE.;IMPH2;Import H2;PJ;GW;IRE;-;SUPIMPH2;DAYNITE;1,00
COM-NewTechs_V02;RW;COM;.PRE.;CHNENGEO101;Com Space Heat New FC - NEN - GEO101;PJ;GW;PRE;-;CHNEN;ANNUAL;
ELC-NewTechs;RW;ELC;.CHP.;ECHPP_AED_BGS_N;New Thermal Public CHP - Anaerobic digestion;PJ;GW;CHP;-;ECHPP_AED_BGS_N_NRGO;DAYNITE;1,00
ELC-NewTechs;RW;ELC;.CHP.;ECHPP_CCGT-CHP_GAS_N;New Public - CCGT advanced CHP;PJ;GW;CHP;-;ECHPP_CCGT-CHP_GAS_N_NRGO;DAYNITE;1,00
ELC-NewTechs;RW;ELC;.CHP.;ECHPP_CHP_WOO_N;New Public - Biomass CHP;PJ;GW;CHP;-;ECHPP_CHP_WOO_N_NRGO;DAYNITE;1,00
ELC-NewTechs;RW;ELC;.ELE.;ERNW_PV-Buildings_SOL_N;New Public - Solar PV Buildings 100 kW (10-500 KW TERT RES AGRI PKGS);PJ;GW;ELE;-;ERNW_PV-Buildings_SOL_N_NRGO;DAYNITE;1,00
ELC-NewTechs;RW;ELC;.ELE.;ERNW_PV-GreenField_SOL_N;New Public - Solar PV Greenfield 10 MW ( 1-30 MW);PJ;GW;ELE;-;ERNW_PV-GreenField_SOL_N_NRGO;DAYNITE;1,00
ELC-NewTechs;RW;ELC;.ELE.;ERNW_GEO-EGS_GEO_N;New Public - Geothermy EGS  Elec ORC (4 MW_EL, 8300h);PJ;GW;ELE;-;ELCHIG;DAYNITE;1,00
ELC-NewTechs;RW;ELC;.ELE.;ERNW_HYD_HYD_N;New Public - Hydro new 300 kW;PJ;GW;ELE;-;ELCHIG;DAYNITE;1,00
ELC-NewTechs;RW;ELC;.ELE.;ERNW_WINON-Small_WIN_N;New Public - Wind Onshore Small 100 kW Motorway;PJ;GW;ELE;-;ELCHIG;DAYNITE;1,00
ELC-NewTechs;RW;ELC;.ELE.;ERNW_WINON_WIN_N;New Public - Wind Onshore Large;PJ;GW;ELE;-;ELCHIG;DAYNITE;1,00
ELC-NewTechs;RW;ELC;.ELE.;ETSTP_CCGT-CCS_PostC_GAS_N;New Thermal Public - CCGT advanced CCS post combustion;PJ;GW;ELE;-;ELCHIG;DAYNITE;1,00
ELC-NewTechs;RW;ELC;.ELE.;ETSTP_CCGT_GAS_N;New Thermal Public - Combined Cycle Gas Turbine advanced.;PJ;GW;ELE;-;ELCHIG;DAYNITE;1,00
ELC-NewTechs;RW;ELC;.ELE.;ETSTP_FB-CCS_PostC_COL_N;New Thermal Public - Fluidised bed lignite CCS post combustion;PJ;GW;ELE;-;ELCHIG;DAYNITE;1,00
ELC-NewTechs;RW;ELC;.ELE.;ETSTP_FBB_WOO_N;New Thermal Public - Fluidised bed boiler (circulating or bubbling) plus steam turbine;PJ;GW;ELE;-;ELCHIG;DAYNITE;1,00
ELC-NewTechs;RW;ELC;.ELE.;ETSTP_GFST_WOO_N;New Thermal Public - Biomass grate furnace steam turbine;PJ;GW;ELE;-;ELCHIG;DAYNITE;1,00
ELC-NewTechs;RW;ELC;.ELE.;ETSTP_IGCC-CCS_PreC_COH_N;New Thermal Public - IGCC CCS pre-combustion.;PJ;GW;ELE;-;ELCHIG;DAYNITE;1,00
COM-NewTechs_V02;RW;COM;.DMD.;CHENNELCHPR401;Com Space Heat New Heat Pump With reno - ENN - ELC401;PJ;GW;DMD;-;;ANNUAL;0,00
RSD-NewTechs;RW;RSD;.PRE.;RHN3FPELN1;Pellets stove-RHN3F-New1;PJ;GW;PRE;-;RHN3FPELN1_NRGO;ANNUAL;1,00
RSD-NewTechs;RW;RSD;.PRE.;RHAPPELN1;Pellets stove-RHAP-New1;PJ;GW;PRE;-;RHAP;ANNUAL;1,00
RSD-NewTechs;RW;RSD;.PRE.;RWN4FLPGN1;LPG boiler-RWN4F-New1;PJ;GW;PRE;-;RWN4F;ANNUAL;1,00
RSD-NewTechs;RW;RSD;.PRE.;RW2FELCHPN1;Electric heat pump water heater-RW2F-New1;PJ;GW;PRE;-;RW2F;ANNUAL;1,00
RSD-NewTechs;RW;RSD;.PRE.;RW2FELCN1;Electric boiler-RW2F-New1;PJ;GW;PRE;-;RW2F;ANNUAL;1,00
COM-NewTechs_V02;RW;COM;.DMD.;CHCONELCHPR301;Com Space Heat New Heat Pump With Reno - CO - ELC301;PJ;GW;DMD;-;;ANNUAL;0,00
COM-NewTechs_V02;RW;COM;.DMD.;CHCONELCHPR302;Com Space Heat New Heat Pump With reno - CO - ELC302;PJ;GW;DMD;-;;ANNUAL;0,00
COM-NewTechs_V02;RW;COM;.DMD.;CHCONELCHPR401;Com Space Heat New Heat Pump With Reno - CO - ELC401;PJ;GW;DMD;-;;ANNUAL;0,00
COM-NewTechs_V02;RW;COM;.DMD.;CHCONELCHPR402;Com Space Heat New Heat Pump With Reno - CO - ELC402;PJ;GW;DMD;-;;ANNUAL;0,00
COM-NewTechs_V02;RW;COM;.DMD.;CWCONELC101;Com Water Heat New Boiler - CON - ELC101;PJ;GW;DMD;-;;ANNUAL;0,00
COM-NewTechs_V02;RW;COM;.DMD.;CWCONELCHP201;Com Water Heat New Boiler - CON - ELC201;PJ;GW;DMD;-;;ANNUAL;0,00
COM-NewTechs_V02;RW;COM;.DMD.;CWCONGMX101;Com Water Heat New Boiler - CON - GMX101;PJ;GW;DMD;-;;ANNUAL;0,00
COM-NewTechs_V02;RW;COM;.DMD.;CWCONLPG101;Com Water Heat New Boiler - CON - LPG101;PJ;GW;DMD;-;;ANNUAL;0,00
COM-NewTechs_V02;RW;COM;.DMD.;CHENNGEO101;Com Space Heat New FC - ENN - GEO101;PJ;GW;DMD;-;;ANNUAL;0,00
COM-NewTechs_V02;RW;COM;.DMD.;CHSANELC201;Com Space Heat New Boiler - SAN - ELC201;PJ;GW;DMD;-;;ANNUAL;
BASE;RW;SUP;.MIN.IRE.;MINBIOSLU;Sludge Production;PJ;-;IRE;-;BIOSLU;ANNUAL;0,00
BASE;RW;SUP;.MIN.IRE.;MINCOOFRE1;Source Free cooling agent;T;-;IRE;-;COOFRE;ANNUAL;0,00
BASE;RW;SUP;.MIN.IRE.;MINMBOWOO1;Source wood industry : foret;T;-;IRE;-;MBOWOO;ANNUAL;0,00
BASE;RW;SUP;.MIN.IRE.;MINMCOWIM1;Source lait;T;-;IRE;-;MCOWIM;ANNUAL;0,00
BASE;RW;SUP;.MIN.IRE.;MINMCUORE1;Source Copper: Ore;T;-;IRE;-;MCUORE;ANNUAL;0,00
BASE;RW;SUP;.MIN.IRE.;MINMCUPDT;Source : pdt;T;-;IRE;-;MCUPDT;ANNUAL;0,00
BASE;RW;SUP;.MIN.IRE.;MINMCUSCR1;Source Copper: Scrap;T;-;IRE;-;MCUSCR;ANNUAL;0,00
BASE;RW;SUP;.MIN.IRE.;MINMGHRYC1;Source Glass: Recycled;T;-;IRE;-;MGHRYC;ANNUAL;0,00
BASE;RW;SUP;.MIN.IRE.;MINMISGBE1;Source betterave;T;-;IRE;-;MISGBE;ANNUAL;0,00
BASE;RW;SUP;.MIN.IRE.;MINBIOSLUH;Sludge Production (methanation);MT;-;IRE;-;BIOSLUH;ANNUAL;0,00
BASE;RW;SUP;.MIN.IRE.;MINBIOBOU;Boues production;MT;-;IRE;-;BIOBOU;ANNUAL;0,00
BASE;RW;SUP;.EXP.IRE.;EXPBIOCPS;Export Wood Chips;PJ;-;IRE;-;BIOCPS;ANNUAL;0,00
BASE;RW;SUP;.IMP.IRE.;IMPBIOCPS;Import Wood Chips;PJ;-;IRE;-;BIOCPS;ANNUAL;0,00
BASE;RW;SUP;.MIN.IRE.;MINBIOCPS;Wood Chips production;PJ;-;IRE;-;BIOCPS;ANNUAL;0,00
BASE;RW;SUP;.MIN.IRE.;MINBIOCRP11;Starch crop production 1;PJ;-;IRE;-;BIOCRP1;ANNUAL;0,00
BASE;RW;SUP;.MIN.IRE.;MINBIOCRP21;Sugar crop production 1;PJ;-;IRE;-;BIOCRP2;ANNUAL;0,00
BASE;RW;SUP;.MIN.IRE.;MINBIOCUL;Culture pour biometh Production;MT;-;IRE;-;BIOCUL;ANNUAL;0,00
BASE;RW;SUP;.EXP.IRE.;EXPBIODST;Export biodiesel;PJ;-;IRE;-;BIODST;ANNUAL;0,00
BASE;RW;SUP;.IMP.IRE.;IMPBIODST;Import biodiesel;PJ;-;IRE;-;BIODST;ANNUAL;0,00
BASE;RW;SUP;.IMP.IRE.;IMPBIOEFF;Import Effluents;MT;-;IRE;-;BIOEFF;ANNUAL;0,00
BASE;RW;SUP;.MIN.IRE.;MINBIOEFF;Effluents production;MT;-;IRE;-;BIOEFF;ANNUAL;0,00
BASE;RW;SUP;.IMP.IRE.;IMPBIOETH;Import ethanol;PJ;-;IRE;-;BIOETH;ANNUAL;0,00
BASE;RW;SUP;.MIN.IRE.;MINBIOGAS;Ressources biogas industriel/biométh déjà en place;PJ;-;IRE;-;BIOGAS;ANNUAL;0,00
BASE;RW;SUP;.MIN.IRE.;MINCETGAS;Biogas CET Production;PJ;-;IRE;-;BIOGAS;ANNUAL;0,00
BASE;RW;SUP;.IMP.IRE.;IMPBIOGZH;Import de biogaz épuré;PJ;-;IRE;-;BIOGZH;ANNUAL;0,00
BASE;RW;SUP;.EXP.IRE.;EXPBIOLOG;Export Wood Logs;PJ;-;IRE;-;BIOLOG;ANNUAL;0,00
BASE;RW;SUP;.IMP.IRE.;IMPBIOLOG;Import Wood Logs;PJ;-;IRE;-;BIOLOG;ANNUAL;0,00
BASE;RW;SUP;.MIN.IRE.;MINBIOLOG;Wood Logs production;PJ;-;IRE;-;BIOLOG;ANNUAL;0,00
BASE;RW;SUP;.EXP.IRE.;EXPBIOPEL;Export Wood Pellets;PJ;-;IRE;-;BIOPEL;ANNUAL;0,00
BASE;RW;SUP;.IMP.IRE.;IMPBIOPEL;Import Wood Pellets;PJ;-;IRE;-;BIOPEL;ANNUAL;0,00
BASE;RW;SUP;.IMP.IRE.;IMPBIORME;Import biodiesel RME;PJ;-;IRE;-;BIORME;ANNUAL;0,00
BASE;RW;SUP;.MIN.IRE.;MINBIORPS1;Rape seed production 1;PJ;-;IRE;-;BIORPS;ANNUAL;0,00
BASE;RW;SUP;.EXP.IRE.;EXPCOABRO;Export Brown Coal;PJ;-;IRE;-;COABRO;ANNUAL;0,00
BASE;RW;SUP;.IMP.IRE.;IMPCOABRO;Import Brown Coal;PJ;-;IRE;-;COABRO;ANNUAL;0,00
BASE;RW;SUP;.EXP.IRE.;EXPCOACOK;Export Coke;PJ;-;IRE;-;COACOK;ANNUAL;0,00
BASE;RW;SUP;.IMP.IRE.;IMPCOACOK;Import Coke;PJ;-;IRE;-;COACOK;ANNUAL;0,00
BASE;RW;SUP;.EXP.IRE.;EXPCOAHAR;Export Hard Coal;PJ;-;IRE;-;COAHAR;ANNUAL;0,00
BASE;RW;SUP;.IMP.IRE.;IMPCOAHAR;Import Hard Coal;PJ;-;IRE;-;COAHAR;ANNUAL;0,00
BASE;RW;SUP;.EXP.IRE.;EXPCOALIG;Export Lignite;PJ;-;IRE;-;COALIG;ANNUAL;0,00
BASE;RW;SUP;.IMP.IRE.;IMPCOALIG;Import Lignite;PJ;-;IRE;-;COALIG;ANNUAL;0,00
BASE;RW;ELC;.EXP.IRE.;EXPELCHIG;Electricity export (All);PJ;-;IRE;-;ELCHIG;DAYNITE;0,00
BASE;RW;ELC;.IMP.IRE.;IMPELCHIG;Electricity import (ALL);PJ;-;IRE;-;ELCHIG;DAYNITE;0,00
BASE;RW;SUP;.EXP.IRE.;EXPGASNAT;Export Natural Gas;PJ;-;IRE;-;GASNAT;ANNUAL;0,00
BASE;RW;SUP;.IMP.IRE.;IMPGASNAT;Import Natural Gas;PJ;-;IRE;-;GASNAT;ANNUAL;0,00
BASE;RW;SUP;.MIN.IRE.;MINMISORE1;Source Iron&Steel: Ore;T;-;IRE;-;MISORE;ANNUAL;0,00
BASE;RW;SUP;.MIN.IRE.;MINMISOXY1;Source Iron&Steel: Oxygen;T;-;IRE;-;MISOXY;ANNUAL;0,00
BASE;RW;SUP;.MIN.IRE.;MINMISQLI1;Source Iron&Steel: Quick Lime;T;-;IRE;-;MISQLI;ANNUAL;0,00
BASE;RW;SUP;.MIN.IRE.;MINMISSCR1;Source Iron&Steel: Scrap Iron;T;-;IRE;-;MISSCR;ANNUAL;0,00
BASE;RW;SUP;.MIN.IRE.;MINMLMSTN1;Source Lime: Limestone;T;-;IRE;-;MLMSTN;ANNUAL;0,00
BASE;RW;SUP;.MIN.IRE.;MINMPPGYP1;Source Paper: Gypsum;T;-;IRE;-;MPPGYP;ANNUAL;0,00
BASE;RW;SUP;.MIN.IRE.;MINMPPKAO1;Source Paper: Kaolin;T;-;IRE;-;MPPKAO;ANNUAL;0,00
BASE;RW;SUP;.MIN.IRE.;MINMPPNOH1;Source Paper: Sodium Hydraxide;T;-;IRE;-;MPPNOH;ANNUAL;0,00
BASE;RW;SUP;.MIN.IRE.;MINMPPOXY1;Source Paper: Oxygen;T;-;IRE;-;MPPOXY;ANNUAL;0,00
BASE;RW;SUP;.MIN.IRE.;MINMPPRYC1;Source Paper: Recycled;T;-;IRE;-;MPPRYC;ANNUAL;0,00
BASE;RW;SUP;.MIN.IRE.;MINMPPWOO1;Source Paper: Wood;T;-;IRE;-;MPPWOO;ANNUAL;0,00
BASE;RW;SUP;.MIN.IRE.;MINNREWST;Waste Non-Renewable Production;PJ;-;IRE;-;NREWST;ANNUAL;0,00
BASE;RW;SUP;.IMP.IRE.;IMPNUCRSV;Import Uranium;PJ;-;IRE;-;NUCRSV;ANNUAL;0,00
BASE;RW;SUP;.EXP.IRE.;EXPOILCRD;Export Crude Oil;PJ;-;IRE;-;OILCRD;ANNUAL;0,00
BASE;RW;SUP;.IMP.IRE.;IMPOILCRD;Import Crude Oil;PJ;-;IRE;-;OILCRD;ANNUAL;0,00
BASE;RW;SUP;.EXP.IRE.;EXPOILDST;Export Diesel;PJ;-;IRE;-;OILDST;ANNUAL;0,00
BASE;RW;SUP;.IMP.IRE.;IMPOILDST;Import Diesel;PJ;-;IRE;-;OILDST;ANNUAL;0,00
BASE;RW;SUP;.EXP.IRE.;EXPOILFDS;Export Feedstocks;PJ;-;IRE;-;OILFDS;ANNUAL;0,00
BASE;RW;SUP;.IMP.IRE.;IMPOILFDS;Import Feedstocks;PJ;-;IRE;-;OILFDS;ANNUAL;0,00
BASE;RW;SUP;.EXP.IRE.;EXPOILGSL;Export Motor Spirit;PJ;-;IRE;-;OILGSL;ANNUAL;0,00
BASE;RW;SUP;.IMP.IRE.;IMPOILGSL;Import Motor Spirit;PJ;-;IRE;-;OILGSL;ANNUAL;0,00
BASE;RW;SUP;.EXP.IRE.;EXPOILHFO;Export Residual Fuel Oil;PJ;-;IRE;-;OILHFO;ANNUAL;0,00
BASE;RW;SUP;.IMP.IRE.;IMPOILHFO;Import Residual Fuel Oil;PJ;-;IRE;-;OILHFO;ANNUAL;0,00
BASE;RW;SUP;.EXP.IRE.;EXPOILKER;Export Kerosenes - Jet Fuels;PJ;-;IRE;-;OILKER;ANNUAL;0,00
BASE;RW;SUP;.IMP.IRE.;IMPOILKER;Import Kerosenes - Jet Fuels;PJ;-;IRE;-;OILKER;ANNUAL;0,00
BASE;RW;SUP;.EXP.IRE.;EXPOILLPG;Export Liquified Petroleum Gas;PJ;-;IRE;-;OILLPG;ANNUAL;0,00
BASE;RW;SUP;.IMP.IRE.;IMPOILLPG;Import Liquified Petroleum Gas;PJ;-;IRE;-;OILLPG;ANNUAL;0,00
BASE;RW;SUP;.EXP.IRE.;EXPOILNAP;Export Naphtha;PJ;-;IRE;-;OILNAP;ANNUAL;0,00
BASE;RW;SUP;.IMP.IRE.;IMPOILNAP;Import Naphtha;PJ;-;IRE;-;OILNAP;ANNUAL;0,00
BASE;RW;SUP;.EXP.IRE.;EXPOILNEU;Export Non Energy;PJ;-;IRE;-;OILNEU;ANNUAL;0,00
BASE;RW;SUP;.IMP.IRE.;IMPOILNEU;Import Non Energy;PJ;-;IRE;-;OILNEU;ANNUAL;0,00
BASE;RW;SUP;.EXP.IRE.;EXPOILOTH;Export Other Petroleum Products;PJ;-;IRE;-;OILOTH;ANNUAL;0,00
BASE;RW;SUP;.IMP.IRE.;IMPOILOTH;Import Other Petroleum Products;PJ;-;IRE;-;OILOTH;ANNUAL;0,00
BASE;RW;SUP;.MIN.IRE.;MINRENGEO;Geothermal Potential;PJ;-;IRE;-;RENGEO;ANNUAL;0,00
BASE;RW;SUP;.MIN.IRE.;MINRENHYD;Hydro Potential;PJ;-;IRE;-;RENHYD;ANNUAL;0,00
BASE;RW;SUP;.MIN.IRE.;MINRENSOL;Solar Potential;PJ;-;IRE;-;RENSOL;ANNUAL;0,00
BASE;RW;SUP;.MIN.IRE.;MINRENWIN;Wind Potential;PJ;-;IRE;-;RENWIN;ANNUAL;0,00
BASE;RW;COM;.PRE.;CHDATSOL100;Com.Space Heat.DATA.SOL.00.Furnace.;PJ;GW;PRE;-;CHDATA;ANNUAL;0,00
COM-NewTechs_V02;RW;COM;.DMD.;CHENNGMX301;Com Space Heat New Boiler - ENN - GMX301;PJ;GW;DMD;-;;ANNUAL;0,00
COM-NewTechs_V02;RW;COM;.PRE.;CHCSCPS101;Com Space Heat New Boiler - CS - CPS101;PJ;GW;PRE;-;CHCSCPS101_NRGO;ANNUAL;0,00
COM-NewTechs_V02;RW;COM;.PRE.;CHCSELCHP202;Com Space Heat New heat pump - CS - ELC202;PJ;GW;PRE;-;CHCSELCHP202_NRGO;ANNUAL;0,00
COM-NewTechs_V02;RW;COM;.PRE.;CHCSELCHP302;Com Space Heat New heat pump - CS - ELC302;PJ;GW;PRE;-;CHCSELCHP302_NRGO;ANNUAL;0,00
COM-NewTechs_V02;RW;COM;.PRE.;CHCSELCHP402;Com Space Heat New heat pump - CS - ELC402;PJ;GW;PRE;-;CHCSELCHP402_NRGO;ANNUAL;0,00
COM-NewTechs_V02;RW;COM;.PRE.;CHCSELCHPELC202;Com Space Heat New heat pump with réno - CS - ELC202;PJ;GW;PRE;-;CHCSELCHPELC202_NRGO;ANNUAL;0,00
COM-NewTechs_V02;RW;COM;.PRE.;CHCSELCHPELC302;Com Space Heat New heat pump with réno - CS - ELC302;PJ;GW;PRE;-;CHCSELCHPELC302_NRGO;ANNUAL;0,00
COM-NewTechs_V02;RW;COM;.PRE.;CHCSELCHPELC402;Com Space Heat New heat pump with réno - CS - ELC402;PJ;GW;PRE;-;CHCSELCHPELC402_NRGO;ANNUAL;0,00
COM-NewTechs_V02;RW;COM;.PRE.;CHCSGMX301;Com Space Heat New Boiler - CS - GMX301;PJ;GW;PRE;-;CHCSGMX301_NRGO;ANNUAL;0,00
COM-NewTechs_V02;RW;COM;.PRE.;CHCSGMX501;Com Space Heat New Boiler - CO - GMX501;PJ;GW;PRE;-;CHCSGMX501_NRGO;ANNUAL;0,00
COM-NewTechs_V02;RW;COM;.PRE.;CHCSLPG301;Com Space Heat New Boiler - CS - LPG301;PJ;GW;PRE;-;CHCSLPG301_NRGO;ANNUAL;0,00
COM-NewTechs_V02;RW;COM;.PRE.;CHCSLTH101;Com Space Heat New Heat Exchanger - CS - HET101;PJ;GW;PRE;-;CHCSLTH101_NRGO;ANNUAL;0,00
COM-NewTechs_V02;RW;COM;.PRE.;CHCSOIL301;Com Space Heat New Boiler - CS - OIL301;PJ;GW;PRE;-;CHCSOIL301_NRGO;ANNUAL;0,00
SUP-BioFuels;RW;SUP;.PRE.;BWOODME110;DME production from woody biomass;PJ;GW;PRE;-;BIODME;ANNUAL;0,00
COM-NewTechs_V02;RW;COM;.DMD.;CHSANGMX201;Com Space Heat New Boiler - SAN - GMX201;PJ;GW;DMD;-;;ANNUAL;
COM-NewTechs_V02;RW;COM;.PRE.;CHENELCHPR302;Com Space Heat New Heat Pump With reno - CO - ELC302;PJ;GW;PRE;-;CHENELCHPR302_NRGO;ANNUAL;0,00
COM-NewTechs_V02;RW;COM;.PRE.;CHENELCHPR402;Com Space Heat New Heat Pump With Reno - CO - ELC402;PJ;GW;PRE;-;CHENELCHPR402_NRGO;ANNUAL;0,00
COM-NewTechs_V02;RW;COM;.PRE.;CHENGMX301;Com Space Heat New Boiler - EN - GMX301;PJ;GW;PRE;-;CHENGMX301_NRGO;ANNUAL;0,00
COM-NewTechs_V02;RW;COM;.PRE.;CHENGMX501;Com Space Heat New Boiler - CO - GMX501;PJ;GW;PRE;-;CHENGMX501_NRGO;ANNUAL;0,00
COM-NewTechs_V02;RW;COM;.PRE.;CHENLPG301;Com Space Heat New Boiler - EN - LPG301;PJ;GW;PRE;-;CHENLPG301_NRGO;ANNUAL;0,00
IND-NewTechs_TEST;RW;IND;.CHP.;CHPINDPELIOIN00_N;CHP.Autoproducer.Industry.Others_PEL-New 00_N;PJ;GW;CHP;-;CHPINDPELIOIN00_N_NRGO;DAYNITE;1,00
IND-NewTechs_TEST;RW;IND;.CHP.;CHPINDPELISGN00_N;CHP.Autoproducer.Industry.sugar.Food_PEL-New 00_N;PJ;GW;CHP;-;CHPINDPELISGN00_N_NRGO;DAYNITE;1,00
IND-NewTechs_TEST;RW;IND;.CHP.;CHPINDWSTIOFN00_N;CHP.Autoproducer.Industry.Others.Food_BIO-New 00_N;PJ;GW;CHP;-;CHPINDWSTIOFN00_N_NRGO;DAYNITE;1,00
IND-NewTechs_TEST;RW;IND;.CHP.;CHPINDWSTIOIN00_N;CHP.Autoproducer.Industry.Others_WST-New 00_N;PJ;GW;CHP;-;CHPINDWSTIOIN00_N_NRGO;DAYNITE;1,00
RSD-NewTechs;RW;RSD;.PRE.;RHN4FLPGN2;LPG boiler-RHN4F-New2;PJ;GW;PRE;-;RHN4FLPGN2_NRGO;ANNUAL;1,00
COM-NewTechs_V02;RW;COM;.DMD.;CHSANGMX501;Com Space Heat New Boiler - CON - GMX501;PJ;GW;DMD;-;;ANNUAL;
COM-NewTechs_V02;RW;COM;.DMD.;CHSANELCHPR301;Com Space Heat New Heat pump with réno - SAN - ELC301;PJ;GW;DMD;-;;ANNUAL;
COM-NewTechs_V02;RW;COM;.PRE.;CHENLTH101;Com Space Heat New Heat Exchanger - EN - HET101;PJ;GW;PRE;-;CHENLTH101_NRGO;ANNUAL;0,00
COM-NewTechs_V02;RW;COM;.PRE.;CHNCSGMX501;Com Space Heat New Boiler - NCO - GMX501;PJ;GW;PRE;-;CHNCSGMX501_NRGO;ANNUAL;0,00
COM-NewTechs_V02;RW;COM;.PRE.;CHNDATAPEL101;Com Space Heat New Boiler - NDATA - PEL101;PJ;GW;PRE;-;CHNDATAPEL101_NRGO;ANNUAL;0,00
RSD-NewTechs;RW;RSD;.PRE.;RHNAPBDLN1;Biomass Boiler.HeatHotwater-RHNAP-New1;PJ;GW;PRE;-;RHNAPBDLN1_NRGO;ANNUAL;1,00
RSD-NewTechs;RW;RSD;.PRE.;RHNAPHETN1;District heat exchanger.HeatHotwater-RHNAP-New1;PJ;GW;PRE;-;RHNAPHETN1_NRGO;ANNUAL;1,00
RSD-NewTechs;RW;RSD;.PRE.;RHNAPLOGN2;LOG Boiler.HeatHotwater New-RHNAP-New2;PJ;GW;PRE;-;RHNAPLOGN2_NRGO;ANNUAL;1,00
RSD-NewTechs;RW;RSD;.PRE.;RHNAPLPGN2;LPG boiler-RHNAP-New2;PJ;GW;PRE;-;RHNAPLPGN2_NRGO;ANNUAL;1,00
RSD-NewTechs;RW;RSD;.PRE.;RHNAPOILN3;Oil boiler condensing dual-RHNAP-New3;PJ;GW;PRE;-;RHNAPOILN3_NRGO;ANNUAL;1,00
COM-NewTechs_V02;RW;COM;.PRE.;CHNENELCHP402;Com Space Heat New Heat pump - NEN - ELC402;PJ;GW;PRE;-;CHNENELCHP402_NRGO;ANNUAL;
COM-NewTechs_V02;RW;COM;.PRE.;CHNENGMX301;Com Space Heat New Boiler - NEN - GMX301;PJ;GW;PRE;-;CHNENGMX301_NRGO;ANNUAL;
COM-NewTechs_V02;RW;COM;.PRE.;CHNENGMX501;Com Space Heat New Boiler - NCO - GMX501;PJ;GW;PRE;-;CHNENGMX501_NRGO;ANNUAL;
COM-NewTechs_V02;RW;COM;.PRE.;CHNENLPG301;Com Space Heat New Boiler - NEN - LPG301;PJ;GW;PRE;-;CHNENLPG301_NRGO;ANNUAL;
COM-NewTechs_V02;RW;COM;.PRE.;CHNENLTH101;Com Space Heat New Heat Exchanger - NEN - HET101;PJ;GW;PRE;-;CHNENLTH101_NRGO;ANNUAL;
COM-NewTechs_V02;RW;COM;.PRE.;CHNENOIL301;Com Space Heat New Boiler - NEN - OIL301;PJ;GW;PRE;-;CHNENOIL301_NRGO;ANNUAL;
COM-NewTechs_V02;RW;COM;.PRE.;CHNENOIL401;Com Space Heat New Boiler - NEN - OIL401;PJ;GW;PRE;-;CHNENOIL401_NRGO;ANNUAL;
COM-NewTechs_V02;RW;COM;.PRE.;CHNENPEL101;Com Space Heat New Boiler - NEN - PEL101;PJ;GW;PRE;-;CHNENPEL101_NRGO;ANNUAL;
COM-NewTechs_V02;RW;COM;.PRE.;CHNSACPS101;Com Space Heat New Boiler - NSA - CPS101;PJ;GW;PRE;-;CHNSACPS101_NRGO;ANNUAL;
IND-NewTechs_TEST;RW;IND;.PRE.;INFSTMELC01;INFSTMELC01;PJ;GW;PRE;-;INFHTH;ANNUAL;1,00
IND-NewTechs_TEST;RW;IND;.DMD.;ILMPRODLFOCC_01;ILM.Quick Lime Production.06;MT;MT;DMD;-;ILM;ANNUAL;1,00
IND-NewTechs_TEST;RW;IND;.DMD.;ILMPRODWSTCC_01;ILM.Quick Lime Production.05;MT;MT;DMD;-;ILM;ANNUAL;1,00
IND-NewTechs_TEST;RW;IND;.DMD.;ILMQLMPRCC02;ILM.Quick Lime Production.02.improv;MT;MT;DMD;-;ILM;ANNUAL;1,00
IND-NewTechs_TEST;RW;IND;.DMD.;ILMQLMPRO01;ILM.Quick Lime Production.11;MT;MT;DMD;-;ILM;ANNUAL;1,00
IND-NewTechs_TEST;RW;IND;.DMD.;IMLEVA03;IML.evaporation.milk.03;MT;MT;DMD;-;IML;ANNUAL;1,00
IND-NewTechs_TEST;RW;IND;.DMD.;IMLEVA04;IML.evaporation.milk.04;MT;MT;DMD;-;IML;ANNUAL;1,00
IND-NewTechs_TEST;RW;IND;.DMD.;IPOPREPA01;IPO.Preparation.of.potatoes.01;MT;MT;DMD;-;IPO;ANNUAL;1,00
IND-NewTechs_TEST;RW;IND;.DMD.;IPOPREPA02;IPO.Preparation.of.potatoes.02;MT;MT;DMD;-;IPO;ANNUAL;1,00
IND-NewTechs_TEST;RW;IND;.DMD.;IPOPREPA03;IPO.Preparation.of.potatoes.03;MT;MT;DMD;-;IPO;ANNUAL;1,00
IND-NewTechs_TEST;RW;IND;.DMD.;ILMQLMPROELC01;ILM.Quick Lime Production.10;MT;MT;DMD;-;ILM;ANNUAL;1,00
IND-NewTechs_TEST;RW;IND;.DMD.;IPOPREPA04;IPO.Preparation.of.potatoes.04;MT;MT;DMD;-;IPO;ANNUAL;1,00
IND-NewTechs_TEST;RW;IND;.DMD.;IPPHIGQUA01;IPP.High Quality Paper Production.01;MT;MT;DMD;-;IPP;ANNUAL;1,00
IND-NewTechs_TEST;RW;IND;.DMD.;IPPHIGQUA05;IPP.High Quality Paper Production Adv Drives.05.;MT;MT;DMD;-;IPP;ANNUAL;1,00
IND-NewTechs_TEST;RW;IND;.DMD.;IPPHIGQUA55;IPP.High Quality Paper Production Adv Drives.05. - electricity;MT;MT;DMD;-;IPP;ANNUAL;1,00
IND-NewTechs_TEST;RW;IND;.DMD.;ISGPROD01;ISG.Production sugar.01;MT;MT;DMD;-;ISG;ANNUAL;1,00
IND-NewTechs_TEST;RW;IND;.PRE.;ICHPRCCOA01;ICHPRCCOA01;PJ;GW;PRE;-;ICHPRC;ANNUAL;1,00
COM-NewTechs_V02;RW;COM;.PRE.;CHSAELC201;Com Space Heat New Boiler - SA - ELC201;PJ;GW;PRE;-;CHSA;ANNUAL;
TECHS_HYDROGEN;RW;SUP;.PRE.;P_STECH4IMP;P_STECH4IMP;PJ;PJ;PRE;-;AUX_STECH4IMP;DAYNITE;0,00
IND-NewTechs_TEST;RW;IND;.PRE.;IOIPRCBIO01;IOIPRCBIO01;PJ;GW;PRE;-;IOIPRC;ANNUAL;1,00
RSD-NewTechs;RW;RSD;.PRE.;RW3FGMXSOLN1;Solar collector with gas backup.HeatHotwater-RW3F-New1;PJ;GW;PRE;-;RW3F;ANNUAL;1,00
RSD-NewTechs;RW;RSD;.DMD.;RCOKELC101;cooking electric stove;PJ;PJA;DMD;-;RCOK;ANNUAL;0,00
RSD-NewTechs;RW;RSD;.PRE.;RH3FPELN1;Pellets stove-RH3F-New1;PJ;GW;PRE;-;RH3F;ANNUAL;1,00
ELC-NewTechs;RW;ELC;.ELE.;ETSTP_NUC-LWR-SM_NUC_N;New Thermal Public - Nuclear - Small and Medium sized light water reactor;PJ;GW;ELE;-;ELCHIG;ANNUAL;1,00
ELC-NewTechs;RW;ELC;.ELE.;ETSTP_PSC-CCS_PostC_COH_N;New Thermal Public - Pulverised coal supercritical CCS post-combustion;PJ;GW;ELE;-;ELCHIG;DAYNITE;1,00
ELC-NewTechs;RW;ELC;.ELE.;ETSTP_PSC_COH_N;New Thermal Public - Pulverised coal supercritical.;PJ;GW;ELE;-;ELCHIG;DAYNITE;1,00
ELC-NewTechs;RW;ELC;.ELE.;ETSTP_PSC_COL_N;New Thermal Public - Pulverised lignite supercritical.;PJ;GW;ELE;-;ELCHIG;DAYNITE;1,00
ELC-NewTechs;RW;ELC;.ELE.;ETSTP_SCFB_COL_N;New Thermal Public - Supercritical fluidized bed lignite;PJ;GW;ELE;-;ELCHIG;DAYNITE;1,00
IND-NewTechs_TEST;RW;IND;.PRE.;INFPRCELC01;INFPRCELC01;PJ;GW;PRE;-;INFPRC;ANNUAL;1,00
IND-NewTechs_TEST;RW;IND;.PRE.;INFPRCGMX01;INFPRCGMX01;PJ;GW;PRE;-;INFPRC;ANNUAL;1,00
IND-NewTechs_TEST;RW;IND;.PRE.;INFPRCHFO01;INFPRCHFO01;PJ;GW;PRE;-;INFPRC;ANNUAL;1,00
IND-NewTechs_TEST;RW;IND;.PRE.;INFPRCHH202;INFPRCHH202;PJ;GW;PRE;-;INFPRC;ANNUAL;1,00
IND-NewTechs_TEST;RW;IND;.PRE.;INFPRCLFO01;INFPRCLFO01;PJ;GW;PRE;-;INFPRC;ANNUAL;1,00
IND-NewTechs_TEST;RW;IND;.PRE.;INFPRCLPG01;INFPRCLPG01;PJ;GW;PRE;-;INFPRC;ANNUAL;1,00
IND-NewTechs_TEST;RW;IND;.PRE.;INFSTMBFG01;INFSTMBFG01;PJ;GW;PRE;-;INFHTH;ANNUAL;1,00
IND-NewTechs_TEST;RW;IND;.PRE.;INFSTMBGS01;INFSTMBGS01;PJ;GW;PRE;-;INFHTH;ANNUAL;1,00
COM-NewTechs_V02;RW;COM;.PRE.;CHNCOOIL301;Com Space Heat New Boiler - NCO - OIL301;PJ;GW;PRE;-;CHNCOOIL301_NRGO;ANNUAL;0,00
RSD-NewTechs;RW;RSD;.PRE.;RHN2FLPGN2;LPG boiler-RHN2F-New2;PJ;GW;PRE;-;RHN2FLPGN2_NRGO;ANNUAL;1,00
COM-NewTechs_V02;RW;COM;.PRE.;CLIGBAELC301;CLIGBAELC301;PJ;GW;PRE;-;CLIGBA;ANNUAL;0,00
COM-NewTechs_V02;RW;COM;.PRE.;CLIGBPELC301;CLIGBPELC301;PJ;GW;PRE;-;CLIGBP;ANNUAL;0,00
IND-NewTechs_TEST;RW;IND;.PRE.;IOFSTMPEL01;IOFSTMPEL01;PJ;GW;PRE;-;IOFHTH;ANNUAL;1,00
IND-NewTechs_TEST;RW;IND;.DMD.;IMLEVA06;IML.evaporation.milk.06;MT;MT;DMD;-;IML;ANNUAL;1,00
IND-NewTechs_TEST;RW;IND;.DMD.;IMLEVA07;IML.evaporation.milk.07;MT;MT;DMD;-;IML;ANNUAL;1,00
COM-NewTechs_V02;RW;COM;.DMD.;CHENNELCHP201;Com Space Heat New Heat pump - ENN - ELC201;PJ;GW;DMD;-;;ANNUAL;0,00
AGR;RW;data;.DMD.;AGROFR01;AGROFR01;PJ;PJA;DMD;-;AGROF;ANNUAL;0,00
SUP-BioFuels;RW;SUP;.PRE.;BWSUPGZH100;épuration pour injection;PJ;PJA;PRE;-;BIOGZH;ANNUAL;0,00
IND-NewTechs_TEST;RW;IND;.DMD.;IAMSTDPRO10;IAM.Standard Production.10.;MT;MT;DMD;-;IAMSTDPRO10_DEMO;ANNUAL;1,00
COM-NewTechs_V02;RW;COM;.PRE.;CLIGDATAELC301;CLIGDATAELC301;PJ;GW;PRE;-;CLIGDATA;ANNUAL;0,00
IND-NewTechs_TEST;RW;IND;.PRE.;ICHPACELC01;Heat pump;PJ;GW;PRE;-;ICHHTH;ANNUAL;1,00
RSD-NewTechs;RW;RSD;.PRE.;RWN2FLPGN1;LPG boiler-RWN2F-New1;PJ;GW;PRE;-;RWN2F;ANNUAL;1,00
TECHS_HYDROGEN;RW;SUP;.PRE.;P_STH2IMP;P_STH2IMP;PJ;PJ;PRE;-;AUX_STH2IMP;DAYNITE;0,00
COM-NewTechs_V02;RW;COM;.PRE.;CWNDATASOLG101;Com Water Heat New Boiler with back up - NDATA - GMX101;PJ;GW;PRE;-;;ANNUAL;0,00
IND-NewTechs_TEST;RW;IND;.DMD.;IISFINELC01;IISFINELC01;MT;MT;DMD;-;IIS;ANNUAL;1,00
COM-NewTechs_V02;RW;COM;.DMD.;CHENNGMX201;Com Space Heat New Boiler - ENN - GMX201;PJ;GW;DMD;-;;ANNUAL;0,00
RSD_Retrofits;RW;RSD;.PRE.;Retrofit-S_R_4Fac1989;Retrofit Sols Dwellings R_4Fac1989;PJ;MM2;PRE;-;Retrofit-S_R_4Fac1989_NRGI;ANNUAL;0,00
SUP-BioFuels;RW;SUP;.PRE.;BWOOGAS110;Gasification_ biomass (tree salix etc) to methane;PJ;PJA;PRE;-;BIOGAS;ANNUAL;0,00
COM-NewTechs_V02;RW;COM;.DMD.;CHSANELCHP402;Com Space Heat New Heat pump - SAN - ELC402;PJ;GW;DMD;-;;ANNUAL;
IND-NewTechs_TEST;RW;IND;.DMD.;IMLEVA05;IML.evaporation.milk.05;MT;MT;DMD;-;IML;ANNUAL;1,00
COM-NewTechs_V02;RW;COM;.PRE.;CCNSAELC401;Com Space Cool New - NSA - ELC401;PJ;GW;PRE;-;CCNSA;ANNUAL;
COM-NewTechs_V02;RW;COM;.PRE.;CCNSAELC101;Com Space Cool New - NSA - ELC101;PJ;GW;PRE;-;CCNSA;ANNUAL;
COM-NewTechs_V02;RW;COM;.PRE.;CCNSAELCHP101;Com Space Cool New - NSA - ELC101;PJ;GW;PRE;-;CCNSA;ANNUAL;
COM-NewTechs_V02;RW;COM;.PRE.;CCNSAGMXHP101;Com Space Cool New - NSA - GMX101;PJ;GW;PRE;-;CCNSA;ANNUAL;
COM-NewTechs_V02;RW;COM;.PRE.;CHNBPELCHP302;Com Space Heat New Heat pump - NBP - ELC302;PJ;GW;PRE;-;CHNBPELCHP302_NRGO;ANNUAL;0,00
TECHS_HYDROGEN;RW;SUP;.STS.;STH2IMP;STH2IMP;PJ;PJ;STS;-;SUPIMPH2;DAYNITE;0,00
TECHS_HYDROGEN;RW;SUP;.STS.;STECH4IMP;STECH4IMP;PJ;PJ;STS;-;MOLECH4;DAYNITE;0,00
COM-NewTechs_V02;RW;COM;.PRE.;CHNBPGMX301;Com Space Heat New Boiler - NBP - GMX301;PJ;GW;PRE;-;CHNBPGMX301_NRGO;ANNUAL;0,00
IND-NewTechs_TEST;RW;IND;.PRE.;IISOXYGEN01;IIS.Oxygen Production;MT;MT;PRE;-;MISOXY;ANNUAL;1,00
RSD-NewTechs;RW;RSD;.DMD.;RCOKELC201;cooking electric stove 02;PJ;PJA;DMD;-;RCOK;ANNUAL;0,00
IND-NewTechs_TEST;RW;IND;.DMD.;IMLEVA01;IML.evaporation.milk.01;MT;MT;DMD;-;IML;ANNUAL;1,00
RSD-NewTechs;RW;RSD;.PRE.;RWNAPGMXSOLN1;Solar collector with gas backup.HeatHotwater-RWNAP-New1;PJ;GW;PRE;-;RWNAP;ANNUAL;1,00
COM-NewTechs_V02;RW;COM;.PRE.;CWNSASOLE101;Com Water Heat New Boiler with back up - NSA - ELC101;PJ;GW;PRE;-;CWNSA;ANNUAL;
RSD-NewTechs;RW;RSD;.PRE.;RH4FELCN1;Electric radiators-RH4F-New1;PJ;GW;PRE;-;RH4F;ANNUAL;1,00
COM-NewTechs_V02;RW;COM;.DMD.;CWDATANLPG101;Com Water Heat New Boiler - DATAN - LPG101;PJ;GW;DMD;-;;ANNUAL;0,00
IND-NewTechs_TEST;RW;IND;.PRE.;IISDRISPN01;IIS.Iron Sponge Iron for DRI.01;MT;MT;PRE;-;MISDIR;ANNUAL;1,00
COM-NewTechs_V02;RW;COM;.DMD.;CCBANELC101;Com Space Cool New - BAN - ELC101;PJ;GW;DMD;-;COMELC;ANNUAL;0,00
RSD-NewTechs;RW;RSD;.DMD.;RLIGELC201;Halogens lighting system;PJ;PJA;DMD;-;RLIG;ANNUAL;0,00
IND-NewTechs_TEST;RW;IND;.PRE.;IPPPACELC01;IPP. Pulp and Paper.Heat.pac.01;PJ;GW;PRE;-;IPPHTH;ANNUAL;1,00
RSD-NewTechs;RW;RSD;.PRE.;RHN2FLPGN1;LPG stove-RHN2F-New1;PJ;GW;PRE;-;RHN2F;ANNUAL;1,00
RSD-NewTechs;RW;RSD;.PRE.;RWN3FLPGN3;LPG boiler-RWN3F-New3;PJ;GW;PRE;-;RWN3F;ANNUAL;1,00
COM-NewTechs_V02;RW;COM;.DMD.;CHDATANPEL101;Com Space Heat New Boiler - DATAN - PEL101;PJ;GW;DMD;-;;ANNUAL;0,00
COM-NewTechs_V02;RW;COM;.PRE.;CLIGCOELC301;CLIGCOELC301;PJ;GW;PRE;-;CLIGCO;ANNUAL;0,00
RSD-NewTechs;RW;RSD;.PRE.;RHNAPLOGN1;log stove-RHNAP-New1;PJ;GW;PRE;-;RHNAP;ANNUAL;1,00
RSD-NewTechs;RW;RSD;.DMD.;RLIGELC301;Fluorescent lighting system;PJ;PJA;DMD;-;RLIG;ANNUAL;0,00
COM_Retrofits2;RW;COM;.PRE.;Retrofit-T_C_CS;Retrofit-T_C_CS;PJ;MM2;PRE;-;Retrofit-T_C_CS_NRGI;ANNUAL;0,00
IND-NewTechs_TEST;RW;IND;.PRE.;IOISTMHET01;IOISTMHET01;PJ;GW;PRE;-;IOIHTH;ANNUAL;1,00
IND-NewTechs_TEST;RW;IND;.PRE.;IOFSTMLPG01;IOFSTMLPG01;PJ;GW;PRE;-;IOFHTH;ANNUAL;1,00
TECHS_HYDROGEN;RW;IMP;.IMP.IRE.;IMPECH4;import ech4;PJ;GW;IRE;-;MOLECH4;DAYNITE;1,00
AGR;RW;data;.DMD.;AGRHH01;AGRHH01;PJ;PJA;DMD;-;AGRHH;ANNUAL;0,00
TECHS_HYDROGEN;RW;SUP;.STS.;STH2SGT;Centralised Hydrogen Gas Tank Storage: DayNite/Seasonal;PJ;PJ;STS;-;SYNH2CT;DAYNITE;0,00
IND-NewTechs_TEST;RW;IND;.DMD.;IMLEVA02;IML.evaporation.milk.02;MT;MT;DMD;-;IML;ANNUAL;1,00
RSD-NewTechs;RW;RSD;.PRE.;RH2FELCN1;Electric radiators-RH2F-New1;PJ;GW;PRE;-;RH2F;ANNUAL;1,00
COM-NewTechs_V02;RW;COM;.DMD.;CCSANELC201;Com Space Cool New - SAN - ELC201;PJ;GW;DMD;-;COMELC;ANNUAL;
COM-NewTechs_V02;RW;COM;.DMD.;CCCOELC301;Com Space Cool New - CO - ELC301;PJ;GW;DMD;-;CCCO;ANNUAL;0,00
COM-NewTechs_V02;RW;COM;.PRE.;CCNSAELC301;Com Space Cool New - NSA - ELC301;PJ;GW;PRE;-;CCNSA;ANNUAL;
ELC-NewTechs;RW;ELC;.ELE.;ERNW_PV-RES_Homes_SOL_N;New Public - Solar PV RES Homes  3kW (1-10kw);PJ;GW;ELE;-;ERNW_PV-RES_Homes_SOL_N_NRGO;DAYNITE;1,00
ELC-NewTechs;RW;ELC;.ELE.;ETSTP_NUC-SCFR-GEN4_NUC_N;New Thermal Public - Nuclear - Sodium-cooled fast reactor Gen IV;PJ;GW;ELE;-;ELCHIG;ANNUAL;1,00
ELC-NewTechs;RW;ELC;.ELE.;ETSTP_OCGT-A_GAS_N;New Thermal Public - Open Cycle Gas Turbine advanced;PJ;GW;ELE;-;ELCHIG;DAYNITE;1,00
ELC-NewTechs;RW;ELC;.ELE.;ETSTP_OCGT-C_GAS_N;New Thermal Public - Open-Cycle Gas Turbine conventional;PJ;GW;ELE;-;ELCHIG;DAYNITE;1,00
ELC-NewTechs;RW;ELC;.ELE.;ETSTP_PSC-CCS_Oxyf_COH_N;New Thermal Public - Pulverised coal supercritical CCS oxyfuel.;PJ;GW;ELE;-;ELCHIG;DAYNITE;1,00
RSD-NewTechs;RW;RSD;.PRE.;RW2FGMXN1;Natural gas boiler-RW2F-New1;PJ;GW;PRE;-;RW2F;ANNUAL;1,00
RSD-NewTechs;RW;RSD;.PRE.;RW2FGMXSOLN1;Solar collector with gas backup.HeatHotwater-RW2F-New1;PJ;GW;PRE;-;RW2F;ANNUAL;1,00
RSD-NewTechs;RW;RSD;.PRE.;RW2FLPGN1;LPG boiler-RW2F-New1;PJ;GW;PRE;-;RW2F;ANNUAL;1,00
RSD-NewTechs;RW;RSD;.PRE.;RW2FOILN1;Oil boiler-RW2F-New1;PJ;GW;PRE;-;RW2F;ANNUAL;1,00
RSD-NewTechs;RW;RSD;.PRE.;RW2FOILSOLN1;Solar collector with diesel backup.HeatHotwater-RW2F-New1;PJ;GW;PRE;-;RW2F;ANNUAL;1,00
RSD-NewTechs;RW;RSD;.PRE.;RW2FPELN1;Wood pellets boiler water heater-RW2F-New1;PJ;GW;PRE;-;RW2F;ANNUAL;1,00
RSD-NewTechs;RW;RSD;.PRE.;RW3FELCHPN1;Electric heat pump water heater-RW3F-New1;PJ;GW;PRE;-;RW3F;ANNUAL;1,00
RSD-NewTechs;RW;RSD;.PRE.;RW3FELCN3;Electric boiler-RW3F-New3;PJ;GW;PRE;-;RW3F;ANNUAL;1,00
RSD-NewTechs;RW;RSD;.PRE.;RW3FGMXN3;Natural gas boiler-RW3F-New3;PJ;GW;PRE;-;RW3F;ANNUAL;1,00
ELC-NewTechs;RW;ELC;.ELE.;ETSTP_IGCC-CCS_PreC_COL_N;New Thermal Public - IGCC lignite CCS pre combustion.;PJ;GW;ELE;-;ELCHIG;DAYNITE;1,00
ELC-NewTechs;RW;ELC;.ELE.;ETSTP_IGCC_COH_N;New Thermal Public - Integrated Gasification Combined Cycle coal;PJ;GW;ELE;-;ELCHIG;DAYNITE;1,00
ELC-NewTechs;RW;ELC;.ELE.;ETSTP_IGCC_COL_N;New Thermal Public - Integrated Gasification Combined Cycle lignite;PJ;GW;ELE;-;ELCHIG;DAYNITE;1,00
ELC-NewTechs;RW;ELC;.ELE.;ETSTP_IGCC_WOO_N;New Thermal Public - Biomass IGCC;PJ;GW;ELE;-;ELCHIG;DAYNITE;1,00
ELC-NewTechs;RW;ELC;.ELE.;ETSTP_NUC-LCFR_NUC_N;New Thermal Public - Nuclear - Lead-cooled fast reactor;PJ;GW;ELE;-;ELCHIG;ANNUAL;1,00
ELC-NewTechs;RW;ELC;.ELE.;ETSTP_NUC-LWR-GEN3_NUC_N;New Thermal Public - Nuclear - Generation III light water reactor.;PJ;GW;ELE;-;ELCHIG;ANNUAL;1,00
TECHS_HYDROGEN;RW;SUP;.IMP.IRE.;IMPDUMSTOR;Dummy process to generate an input comm for storage;PJ;-;IRE;-;DUMSTOR;DAYNITE;0,00
RSD-NewTechs;RW;RSD;.PRE.;MINRSDAHT;Mining Ambient Heat;PJ;-;PRE;-;RSDAHT;ANNUAL;0,00
COM-NewTechs_V02;RW;COM;.PRE.;CHENELCHP402;Com Space Heat New Heat Pump - CO - ELC402;PJ;GW;PRE;-;CHENELCHP402_NRGO;ANNUAL;0,00
COM-NewTechs_V02;RW;COM;.PRE.;CHENELCHPR202;Com Space Heat New Heat Pump With Reno - CO - ELC202;PJ;GW;PRE;-;CHENELCHPR202_NRGO;ANNUAL;0,00
RSD-NewTechs;RW;RSD;.PRE.;RHN4FPELN1;Pellets Boiler.HeatHotwater New-RHN4F-New1;PJ;GW;PRE;-;RHN4FPELN1_NRGO;ANNUAL;1,00
RSD-NewTechs;RW;RSD;.PRE.;RHN4FPELN1;Pellets stove-RHN4F-New1;PJ;GW;PRE;-;RHN4FPELN1_NRGO;ANNUAL;1,00
RSD-NewTechs;RW;RSD;.PRE.;RW3FELCSOLN1;Solar collector with electric backup.HeatHotwater-RW3F-New1;PJ;GW;PRE;-;RW3F;ANNUAL;1,00
COM-NewTechs_V02;RW;COM;.PRE.;CHSAELCHPR301;Com Space Heat New Heat pump with réno - SA - ELC301;PJ;GW;PRE;-;CHSA;ANNUAL;
COM-NewTechs_V02;RW;COM;.PRE.;CHSAELCHPR401;Com Space Heat New Heat pump with réno - SA - ELC401;PJ;GW;PRE;-;CHSA;ANNUAL;
COM-NewTechs_V02;RW;COM;.PRE.;CHSAGEO101;Com Space Heat New FC - SA - GEO101;PJ;GW;PRE;-;CHSA;ANNUAL;
COM-NewTechs_V02;RW;COM;.PRE.;CHSAGMX201;Com Space Heat New Boiler - SA - GMX201;PJ;GW;PRE;-;CHSA;ANNUAL;
COM-NewTechs_V02;RW;COM;.PRE.;CHSAGMX401;Com Space Heat New Boiler - SA - GMX401;PJ;GW;PRE;-;CHSA;ANNUAL;
IND-NewTechs_TEST;RW;IND;.PRE.;IPPPUPMEC01;IPP.Mechanical Pulp Production.01;MT;MT;PRE;-;MPPPUP;ANNUAL;1,00
IND-NewTechs_TEST;RW;IND;.PRE.;IPPPUPMEC10;IPP.Mechanical Pulp Production Airless drying.10.;MT;MT;PRE;-;MPPPUP;ANNUAL;1,00
COM-NewTechs_V02;RW;COM;.PRE.;CHNSAPEL101;Com Space Heat New Boiler - NSA - PEL101;PJ;GW;PRE;-;CHNSAPEL101_NRGO;ANNUAL;
COM-NewTechs_V02;RW;COM;.PRE.;CHSACPS101;Com Space Heat New Boiler - SA - CPS101;PJ;GW;PRE;-;CHSACPS101_NRGO;ANNUAL;
COM-NewTechs_V02;RW;COM;.PRE.;CHSAELCHP202;Com Space Heat New Heat pump - SA - ELC202;PJ;GW;PRE;-;CHSAELCHP202_NRGO;ANNUAL;
RSD-DemolitionReconstruction;RW;RSD;.DMD.;RDW_R_DN2F;Demolition et Reconstruction New Residential Building 2Fac;MM2;MM2;DMD;-;R_2Fac;ANNUAL;0,00
RSD-DemolitionReconstruction;RW;RSD;.DMD.;RDW_R_DN3F;Demolition et Reconstruction New Residential Building 3Fac;MM2;MM2;DMD;-;R_3Fac;ANNUAL;0,00
RSD-DemolitionReconstruction;RW;RSD;.DMD.;RDW_R_DN4F;Demolition et Reconstruction New Residential Building 4Fac;MM2;MM2;DMD;-;R_4Fac;ANNUAL;0,00
RSD-NewTechs;RW;RSD;.PRE.;MINRSDGHT;Mining Gound Heat;PJ;-;PRE;-;RSDGHT;ANNUAL;0,00
TECHS_HYDROGEN;RW;SUP;.PRE.;TRAGH2C01;Fuel Tech - H2 Delivery from centralized production (COMP+USTOR+TR+LIQ+LSTORB+RTS+REFLG(large));PJ;PJ-A;PRE;-;TRAGH2;DAYNITE;
TECHS_HYDROGEN;RW;SUP;.PRE.;TRAGH2C02_I;TRAGH2C02_I;PJ;PJ-A;PRE;-;TRAGH2;DAYNITE;
TECHS_HYDROGEN;RW;SUP;.PRE.;TRAGH2C02;Fuel Tech - H2 Delivery from centralized production (COMP+TR+LIQ+LSTORB+RTS+REFLG(large));PJ;PJ-A;PRE;-;TRAGH2;DAYNITE;
TECHS_HYDROGEN;RW;SUP;.PRE.;TRAGH2C03;Fuel Tech - H2 Delivery from centralized production (COMP+TR+DP+REFGG(large));PJ;PJ-A;PRE;-;TRAGH2;DAYNITE;
TECHS_HYDROGEN;RW;SUP;.PRE.;TRAGH2C04;Fuel Tech - H2 Delivery from centralized production (COMP+USTOR+TR+GSTORB+RTS+REFGG (small));PJ;PJ-A;PRE;-;TRAGH2;DAYNITE;
TECHS_HYDROGEN;RW;SUP;.PRE.;TRAGH2C05;Fuel Tech - H2 Delivery from centralized production (COMP+USTOR+TR+DP+REFGG(large));PJ;PJ-A;PRE;-;TRAGH2;DAYNITE;
