Scenario;Region;Sector;Set;Name;Description;Unit;Type;Sub type;Lim type;Time slice level;Peak time slice
BASE;RW;AGR;.DEM.;AGRAP;AGR - Electric appliances;PJ;DEM;;;;
BASE;RW;AGR;.NRG.;AGRBDL;Biodiesel (AGR);PJ;NRG;;;;
BASE;RW;AGR;.NRG.;AGRBGS;Biogas (AGR);PJ;NRG;;;;
BASE;RW;AGR;.NRG.;AGRBGS;Biogas (AGR);PJ;NRG;;;;
BASE;RW;AGR;.NRG.;AGRBIO;Biomass (AGR);PJ;NRG;;;;
BASE;RW;AGR;.ENV.;AGRCH4;CH4 (AGR);kt;ENV;;;;
BASE;RW;AGR;.ENV.;AGRCO2b;CO2 biomasse (AGR);kt;ENV;;;;
BASE;RW;AGR;.ENV.;AGRCO2N;Carbon Dioxide - Combustion (AGR);kt;ENV;;;;
BASE;RW;AGR;.ENV.;AGRCO2P;Carbon Dioxide - Process (AGR);kt;ENV;;;;
BASE;RW;AGR;.NRG.;AGRCOA;Coal (AGR);PJ;NRG;;;;
BASE;RW;AGR;.ENV.;AGRCOV;COV polluant (AGR);kt;ENV;;;;
BASE;RW;AGR;.NRG.;AGRCPS;Wood CPS (ARG);PJ;NRG;;;;
BASE;RW;AGR;.NRG.;AGRELC;Electricity (AGR);PJ;NRG;ELC;;DAYNITE;
BASE;RW;AGR;.NRG.;AGRGAS;Natural Gas (AGR);PJ;NRG;;;;
BASE;RW;AGR;.NRG.;AGRGEO;Geothermal (AGR);PJ;NRG;;;;
BASE;RW;AGR;.ENV.;AGRGHG;GES total (AGR);kt;ENV;;;;
BASE;RW;AGR;.ENV.;AGRGHGb;GES biomasse total (AGR);kt;ENV;;;;
BASE;RW;AGR;.NRG.;AGRGMX;gas mixed reseau (AGR);PJ;NRG;;;;
BASE;RW;AGR;.NRG.;AGRHET;Low Temperature Heat (network) (AGR);PJ;NRG;LTHEAT;;SEASON;
BASE;RW;AGR;.DEM.;AGRHH;AGR - House heating;PJ;DEM;;;;
BASE;RW;AGR;.NRG.;AGRLPG;Liquified Petroleum Gas (AGR);PJ;NRG;;;;
BASE;RW;AGR;.ENV.;AGRNH3;NH3 polluant (AGR);kt;ENV;;;;
BASE;RW;AGR;.ENV.;AGRNOX;NOX polluant (AGR);kt;ENV;;;;
BASE;RW;AGR;.DEM.;AGROF;AGR - Offroad;PJ;DEM;;;;
BASE;RW;AGR;.NRG.;AGROIL;Oil (AGR);PJ;NRG;;;;
BASE;RW;AGR;.ENV.;AGRPM2;PM2 polluant (AGR);kt;ENV;;;;
BASE;RW;AGR;.NRG.;AGRSOL;Solar (AGR);PJ;NRG;;;;
BASE;RW;AGR;.ENV.;AGRSOX;SOX polluant (AGR);kt;ENV;;;;
BASE;RW;COM;.DEM.;CBATBA;Commercial Building existing Admnistration;Mm2;DEM;;;;
BASE;RW;COM;.DEM.;CBATBP;Commercial Building existing Bureaux prives;Mm2;DEM;;;;
BASE;RW;COM;.DEM.;CBATCO;Commercial Building existing Commerce;Mm2;DEM;;;;
BASE;RW;COM;.DEM.;CBATCS;Commercial Building existing Culture sprort et divers;Mm2;DEM;;;;
BASE;RW;COM;.DEM.;CBATDATA;Commercial Building existing Data center;Mm2;DEM;;;;
BASE;RW;COM;.DEM.;CBATEN;Commercial Building existing Enseignement;Mm2;DEM;;;;
BASE;RW;COM;.DEM.;CBATSA;Commercial Building existing Santé;Mm2;DEM;;;;
BASE;RW;COM;.NRG.;CCBA;Commercial space cooling Bureaux: Administration Existing;PJ;NRG;;;;
BASE;RW;COM;.NRG.;CCBP;Commercial space cooling Bureaux: transport et communication, banques etc Existing;PJ;NRG;;;;
BASE;RW;COM;.NRG.;CCCO;Commercial space cooling Commerce Existing;PJ;NRG;;;;
BASE;RW;COM;.NRG.;CCCS;Commercial space cooling Culture sports et divers Existing;PJ;NRG;;;;
BASE;RW;COM;.NRG.;CCDATA;Commercial space cooling Data Center Existing;PJ;NRG;;;;
BASE;RW;COM;.NRG.;CCEN;Commercial space cooling Enseignment Existing;PJ;NRG;;;;
BASE;RW;COM;.NRG.;CCNBA;Commercial space cooling Bureaux: Administration new;PJ;NRG;;;;
BASE;RW;COM;.NRG.;CCNBP;Commercial space cooling Bureaux: transport et communication, banques etc new;PJ;NRG;;;;
BASE;RW;COM;.NRG.;CCNCO;Commercial space cooling Commerce new;PJ;NRG;;;;
BASE;RW;COM;.NRG.;CCNCS;Commercial space cooling Culture sports et divers new;PJ;NRG;;;;
BASE;RW;COM;.NRG.;CCNDATA;Commercial space cooling Data Center new;PJ;NRG;;;;
BASE;RW;COM;.NRG.;CCNEN;Commercial space cooling Enseignment new;PJ;NRG;;;;
BASE;RW;COM;.NRG.;CCNSA;Commercial space cooling Santé new;PJ;NRG;;;;
BASE;RW;AGR;.ENV.;AGRN2O;N2O (AGR);kt;ENV;;;;
BASE;RW;COM;.DEM.;CCOK;Commercial Cooking Existing;PJ;DEM;;;;
BASE;RW;COM;.NRG.;CCSA;Commercial space cooling Santé Existing;PJ;NRG;;;;
BASE;RW;COM;.NRG.;CHBA;Commercial space heat Bureaux: Administration Existing;PJ;NRG;;;;
BASE;RW;IND;.MAT.;MCOWIM;lait : vache;Mt;MAT;;;;
BASE;RW;RSD;.NRG.;RHDJAP_2021;RHDJAP_2021;;NRG;;;;
BASE;RW;COM;.NRG.;CHBP;Commercial space heat Bureaux: transport et communication, banques etc Existing;PJ;NRG;;;;
BASE;RW;COM;.NRG.;CHCO;Commercial space heat Commerce Existing;PJ;NRG;;;;
BASE;RW;SUP;.NRG.;OILFDS;Feedstocks;PJ;NRG;;;;
BASE;RW;SUP;.ENV.;TOTCO2N;Total CO2 Emissions;kt;ENV;;;;
BASE;RW;COM;.NRG.;CHCS;Commercial space heat Culture sports et divers Existing;PJ;NRG;;;;
BASE;RW;COM;.NRG.;CHDATA;Commercial space heat Data Center Existing;PJ;NRG;;;;
BASE;RW;COM;.NRG.;CHEN;Commercial space heat Enseignment Existing;PJ;NRG;;;;
BASE;RW;COM;.NRG.;CHNBA;Commercial space heat Bureaux: Administration new;PJ;NRG;;;;
BASE;RW;COM;.NRG.;CHNBP;Commercial space heat Bureaux: transport et communication, banques etc new;PJ;NRG;;;;
BASE;RW;COM;.NRG.;CHNCO;Commercial space heat Commerce new;PJ;NRG;;;;
BASE;RW;COM;.NRG.;CHNCS;Commercial space heat Culture sports et divers new;PJ;NRG;;;;
BASE;RW;COM;.NRG.;CHNDATA;Commercial space heat Data Center new;PJ;NRG;;;;
BASE;RW;COM;.NRG.;CHNEN;Commercial space heat Enseignment new;PJ;NRG;;;;
BASE;RW;COM;.NRG.;CHNSA;Commercial space heat Santé new;PJ;NRG;;;;
BASE;RW;COM;.NRG.;CHSA;Commercial space heat Santé Existing;PJ;NRG;;;;
BASE;RW;COM;.NRG.;CLIGBA;Commercial Ligthing Existing Bureaux: Administration Existing;PJ;NRG;;;;
BASE;RW;COM;.NRG.;CLIGBP;Commercial Ligthing Existing Bureaux: transport et communication, banques etc Existing;PJ;NRG;;;;
BASE;RW;COM;.NRG.;CLIGCO;Commercial Lighting Existing Commerce Existing;PJ;NRG;;;;
BASE;RW;COM;.NRG.;CLIGCS;Commercial Ligthing Existing Culture sports et divers Existing;PJ;NRG;;;;
BASE;RW;COM;.NRG.;CLIGDATA;Commercial Ligthing Existing Data Center Existing;PJ;NRG;;;;
BASE;RW;COM;.NRG.;CLIGEN;Commercial Ligthing Existing Enseignment Existing;PJ;NRG;;;;
BASE;RW;COM;.NRG.;CLIGNBA;Commercial Ligthing new Bureaux: Administration new;PJ;NRG;;;;
BASE;RW;COM;.NRG.;CLIGNBP;Commercial Ligthing new Bureaux: transport et communication, banques etc new;PJ;NRG;;;;
BASE;RW;COM;.NRG.;CLIGNCO;Commercial Lighting new Commerce new;PJ;NRG;;;;
BASE;RW;COM;.NRG.;CLIGNCS;Commercial Ligthing new Culture sports et divers new;PJ;NRG;;;;
BASE;RW;COM;.NRG.;CLIGNDATA;Commercial Ligthing new Data Center new;PJ;NRG;;;;
BASE;RW;COM;.NRG.;CLIGNEN;Commercial Ligthing new Enseignment new;PJ;NRG;;;;
BASE;RW;COM;.NRG.;CLIGNSA;Commercial Ligthing new Santé new;PJ;NRG;;;;
BASE;RW;COM;.NRG.;CLIGSA;Commercial Ligthing Existing Santé Existing;PJ;NRG;;;;
BASE;RW;COM;.DEM.;CNBATBA;Commercial Building new Admnistration;Mm2;DEM;;;;
BASE;RW;COM;.DEM.;CNBATBP;Commercial Building new Bureaux prives;Mm2;DEM;;;;
BASE;RW;COM;.DEM.;CNBATCO;Commercial Building new Commerce;Mm2;DEM;;;;
BASE;RW;COM;.DEM.;CNBATCS;Commercial Building new Culture sprort et divers;Mm2;DEM;;;;
BASE;RW;COM;.DEM.;CNBATDATA;Commercial Building new Data center;Mm2;DEM;;;;
BASE;RW;COM;.DEM.;CNBATEN;Commercial Building new Enseignement;Mm2;DEM;;;;
BASE;RW;COM;.DEM.;CNBATSA;Commercial Building new Santé;Mm2;DEM;;;;
BASE;RW;COM;.DEM.;COEL;Commercial Other Electric Existing;PJ;DEM;;;;
BASE;RW;COM;.DEM.;COEN;Commercial Other Energy Existing;Mm2;DEM;;;;
BASE;RW;COM;.NRG.;COMBDL;Biodiesel (COM);PJ;NRG;;;;
BASE;RW;COM;.NRG.;COMBGS;Biogas (COM);PJ;NRG;;;;
BASE;RW;COM;.ENV.;COMCH4;CH4 (COM);kt;ENV;;;;
BASE;RW;COM;.ENV.;COMCO2b;CO2 biomasse (COM);kt;ENV;;;;
BASE;RW;COM;.ENV.;COMCO2N;Carbon Dioxide - Combustion (COM);kt;ENV;;;;
BASE;RW;COM;.NRG.;COMCOA;Coal (COM);PJ;NRG;;;;
BASE;RW;COM;.NRG.;COMCOO;Cooling agent (COM);PJ;NRG;;;;
BASE;RW;COM;.ENV.;COMCOV;COV polluant (COM);kt;ENV;;;;
BASE;RW;COM;.NRG.;COMCPS;Chips wood (COM);PJ;NRG;;;;
BASE;RW;COM;.NRG.;COMELC;Electricity (COM);PJ;NRG;ELC;;DAYNITE;
BASE;RW;COM;.NRG.;COMGAS;Natural Gas (COM);PJ;NRG;;;;
BASE;RW;COM;.NRG.;COMGEO;Geothermal (COM);PJ;NRG;;;;
BASE;RW;COM;.ENV.;COMGHG;GES total (COM);kt;ENV;;;;
BASE;RW;COM;.ENV.;COMGHGb;GES biomasse total (COM);kt;ENV;;;;
BASE;RW;COM;.NRG.;COMGMX;gas mixed reseau (COM);PJ;NRG;;;;
BASE;RW;COM;.NRG.;COMGSL;Gasoline (COM);PJ;NRG;;;;
BASE;RW;COM;.NRG.;COMGZH;Biogaz (COM) enrichi;PJ;NRG;;;;
BASE;RW;COM;.NRG.;COMHET;Low Temperature Heat (COM);PJ;NRG;;;;
BASE;RW;COM;.NRG.;COMHH2;Hydrogen gasuous (COM);PJ;NRG;;;;
BASE;RW;COM;.NRG.;COMLPG;Liquified Petroleum Gas (COM);PJ;NRG;;;;
BASE;RW;COM;.ENV.;COMN2O;N2O (COM);kt;ENV;;;;
BASE;RW;COM;.ENV.;COMNH3;NH3 polluant (COM);kt;ENV;;;;
BASE;RW;COM;.ENV.;COMNOX;NOX polluant (COM);kt;ENV;;;;
BASE;RW;COM;.NRG.;COMOIL;Oil (COM);PJ;NRG;;;;
BASE;RW;COM;.NRG.;COMPEL;Pellets wood (COM);PJ;NRG;;;;
BASE;RW;COM;.ENV.;COMPM2;PM2 polluant (COM);kt;ENV;;;;
BASE;RW;COM;.NRG.;COMSLU;Waste (COM);PJ;NRG;;;;
BASE;RW;COM;.NRG.;COMSOL;Solar (COM);PJ;NRG;;;;
BASE;RW;COM;.ENV.;COMSOX;SOX polluant (COM);kt;ENV;;;;
BASE;RW;COM;.NRG.;COOFRE;Free cooling source (COM);PJ;NRG;;;;
BASE;RW;COM;.DEM.;COSE;Commercial Serveur DATA CENTER Existing;PJ;DEM;;;;
BASE;RW;COM;.DEM.;CPLI;Commercial Public Lighting Existing;PJ;DEM;;;;
BASE;RW;COM;.DEM.;CREF;Commercial Refrigeration Existing;PJ;DEM;;;;
BASE;RW;COM;.NRG.;CWBA;Commercial water heating Bureaux: Administration Existing;PJ;NRG;;;;
BASE;RW;COM;.NRG.;CWBP;Commercial water heating Bureaux: transport et communication, banques etc Existing;PJ;NRG;;;;
BASE;RW;COM;.NRG.;CWCO;Commercial water heating Commerce Existing;PJ;NRG;;;;
BASE;RW;COM;.NRG.;CWCS;Commercial water heating Culture sports et divers Existing;PJ;NRG;;;;
BASE;RW;COM;.NRG.;CWDATA;Commercial water heating Data Center Existing;PJ;NRG;;;;
BASE;RW;COM;.NRG.;CWEN;Commercial water heating Enseignment Existing;PJ;NRG;;;;
BASE;RW;COM;.NRG.;CWNBA;Commercial water heating Bureaux: Administration new;PJ;NRG;;;;
BASE;RW;COM;.NRG.;CWNBP;Commercial water heating Bureaux: transport et communication, banques etc new;PJ;NRG;;;;
BASE;RW;COM;.NRG.;CWNCO;Commercial water heating Commerce new;PJ;NRG;;;;
BASE;RW;COM;.NRG.;CWNCS;Commercial water heating Culture sports et divers new;PJ;NRG;;;;
BASE;RW;COM;.NRG.;CWNDATA;Commercial water heating Data Center new;PJ;NRG;;;;
BASE;RW;COM;.NRG.;CWNEN;Commercial water heating Enseignment new;PJ;NRG;;;;
BASE;RW;COM;.NRG.;CWNSA;Commercial water heating Santé new;PJ;NRG;;;;
BASE;RW;COM;.NRG.;CWSA;Commercial water heating Santé Existing;PJ;NRG;;;;
BASE;RW;ELC;.NRG.;ELCBGS;Biogas (ELC);PJ;NRG;;;;
BASE;RW;ELC;.NRG.;ELCBIO;Biomass (ELC);PJ;NRG;;;;
BASE;RW;ELC;.ENV.;ELCCH4;CH4 (ELC);kt;ENV;;;;
BASE;RW;ELC;.ENV.;ELCCO2b;CO2 biomasse (ELC);kt;ENV;;;;
BASE;RW;ELC;.ENV.;ELCCO2c;ELCCO2c;kt;ENV;;;;
BASE;RW;ELC;.ENV.;ELCCO2N;Carbon Dioxide - Combustion (ELC);kt;ENV;;;;
BASE;RW;ELC;.NRG.;ELCCOH;Hard Coal (ELC);PJ;NRG;;;;
BASE;RW;ELC;.NRG.;ELCCOL;Lignite (ELC);PJ;NRG;;;;
BASE;RW;ELC;.ENV.;ELCCOV;COV polluant (ELC);kt;ENV;;;;
BASE;RW;ELC;.NRG.;ELCCPS;Wood Chips (ELC);PJ;NRG;;;;
BASE;RW;ELC;.NRG.;ELCDGS;Derived Gas (ELC);PJ;NRG;;;;
BASE;RW;ELC;.NRG.;ELCDST;Diesel (ELC);PJ;NRG;;;;
BASE;RW;ELC;.NRG.;ELCGAS;Natural Gas (ELC);PJ;NRG;;;;
BASE;RW;ELC;.NRG.;ELCGEO;Geothermal (ELC);PJ;NRG;;;;
BASE;RW;ELC;.ENV.;ELCGHG;GES total (ELC);kt;ENV;;;;
BASE;RW;ELC;.ENV.;ELCGHGb;GES biomasse total (ELC);kt;ENV;;;;
BASE;RW;ELC;.NRG.;ELCHET;Electricity - Heat;PJ;NRG;;;;
BASE;RW;ELC;.NRG.;ELCHFO;Heavy Fuel Oil (ELC);PJ;NRG;;;;
BASE;RW;ELC;.NRG.;ELCHIG;Electricity - High Voltage WITHOUT grid costs;PJ;NRG;ELC;;DAYNITE;
BASE;RW;ELC;.NRG.;ELCHIGG;Electricity - High Voltage;PJ;NRG;ELC;;DAYNITE;
BASE;RW;ELC;.NRG.;ELCHYD;Hydro (ELC);PJ;NRG;;;;
BASE;RW;ELC;.NRG.;ELCLOW;Electricity - Low Voltage;PJ;NRG;ELC;;DAYNITE;
BASE;RW;ELC;.NRG.;ELCMED;Electricity - Medium Voltage;PJ;NRG;ELC;;DAYNITE;
BASE;RW;ELC;.ENV.;ELCN2O;N2O (ELC);kt;ENV;;;;
BASE;RW;ELC;.ENV.;ELCNH3;NH3 polluant (ELC);kt;ENV;;;;
BASE;RW;ELC;.ENV.;ELCNOX;NOX polluant (ELC);kt;ENV;;;;
BASE;RW;ELC;.NRG.;ELCNUC;Nuclear (ELC);PJ;NRG;;;;
BASE;RW;ELC;.NRG.;ELCOIL;Oil (ELC);PJ;NRG;;;;
BASE;RW;ELC;.NRG.;ELCPEL;Wood Pellets (ELC);PJ;NRG;;;;
BASE;RW;ELC;.ENV.;ELCPM2;PM2 polluant (ELC);kt;ENV;;;;
BASE;RW;ELC;.NRG.;ELCRFG;Refinery Gas (ELC);PJ;NRG;;;;
BASE;RW;ELC;.NRG.;ELCSLU;Wastes Renewable (ELC);PJ;NRG;;;;
BASE;RW;ELC;.NRG.;ELCSOL;Solar (ELC);PJ;NRG;;;;
BASE;RW;ELC;.ENV.;ELCSOX;SOX polluant (ELC);kt;ENV;;;;
BASE;RW;ELC;.NRG.;ELCTID;Tidal Energy (ELC);PJ;NRG;;;;
BASE;RW;ELC;.NRG.;ELCWIN;Wind (ELC);PJ;NRG;;;;
BASE;RW;ELC;.NRG.;ELCWST;Wastes Non-Renewable (ELC);PJ;NRG;;;;
BASE;RW;ELC;.ENV.;SNKELCCO2;Sinked CO2 from ELC;kt;ENV;;;;
BASE;RW;IND;.NRG.;BIOPEL;Prod pellets ind;PJ;NRG;;;;
BASE;RW;IND;.ENV.;ETSICO2N;ETS industrial CO2;kt;ENV;;;;
BASE;RW;IND;.ENV.;ETSINO2N;ETS industrial NO2;kt;ENV;;;;
BASE;RW;IND;.DEM.;IAM;Ammonia Demand;Mt;DEM;;;;
BASE;RW;IND;.NRG.;IAMHTH;High Temperature Heat for IAM (IND);PJ;NRG;;;;
BASE;RW;IND;.DEM.;IBK;Bricks Demand;Mt;DEM;;;;
BASE;RW;IND;.DEM.;IBO;Bois demand;Mt;DEM;;;;
BASE;RW;IND;.NRG.;IBOHTH;High Temperature Heat for IBO (IND);PJ;NRG;;;;
BASE;RW;IND;.NRG.;ICBHTH;High Temperature Heat for ICB (IND);PJ;NRG;;;;
BASE;RW;IND;.DEM.;ICE;Ceramics Demand;Mt;DEM;;;;
BASE;RW;IND;.DEM.;ICH;Other Chemicals Demand;PJ;DEM;;;;
BASE;RW;IND;.NRG.;ICHELE;Other Chemicals.Electro-Chemicals.;PJ;NRG;;;;
BASE;RW;IND;.NRG.;ICHHTH;Other Chemicals.Steam.;PJ;NRG;;;;
BASE;RW;IND;.NRG.;ICHHTH;High Temperature Heat for ICH (IND);PJ;NRG;;;;
BASE;RW;IND;.NRG.;ICHMCH;Other Chemicals.Machine Drive.;PJ;NRG;;;;
BASE;RW;IND;.NRG.;ICHOTH;Other Chemicals.Other Processes.;PJ;NRG;;;;
BASE;RW;IND;.NRG.;ICHPRC;Other Chemicals.Process Heat.;PJ;NRG;;;;
BASE;RW;IND;.NRG.;ICLHTH;High Temperature Heat for ICL (IND);PJ;NRG;;;;
BASE;RW;IND;.DEM.;ICM;Cement Demand;Mt;DEM;;;;
BASE;RW;IND;.NRG.;ICMHTH;High Temperature Heat for ICM (IND);PJ;NRG;;;;
BASE;RW;IND;.NRG.;ICMPRC;Cement.Process Heat.;PJ;NRG;;;;
BASE;RW;IND;.DEM.;IGF;Glass Flat Demand;Mt;DEM;;;;
BASE;RW;IND;.NRG.;IGFHTH;High Temperature Heat for IGF (IND);PJ;NRG;;;;
BASE;RW;IND;.DEM.;IGH;Glass Hollow Demand;Mt;DEM;;;;
BASE;RW;IND;.NRG.;IGHHTH;High Temperature Heat for IGH (IND);PJ;NRG;;;;
BASE;RW;IND;.DEM.;IGO;Glass Other Demand;Mt;DEM;;;;
BASE;RW;IND;.DEM.;IIS;Iron and Steel Demand;Mt;DEM;;;;
BASE;RW;IND;.NRG.;IISHTH;High Temperature Heat for IIS (IND);PJ;NRG;;;;
BASE;RW;IND;.DEM.;ILM;Lime Demand;Mt;DEM;;;;
BASE;RW;IND;.NRG.;ILMHTH;High Temperature Heat for ILM (IND);PJ;NRG;;;;
BASE;RW;IND;.NRG.;ILMPRC;Lime.Process Heat.;PJ;NRG;;;;
BASE;RW;IND;.DEM.;IML;Milk demand;Mt;DEM;;;;
BASE;RW;IND;.NRG.;IMLHTH;High Temperature Heat for IML (IND);PJ;NRG;;;;
BASE;RW;IND;.NRG.;INDBFG;Blast Furnace Gas (IND);PJ;NRG;;;;
BASE;RW;IND;.NRG.;INDBGS;Biogas (IND);PJ;NRG;;;;
BASE;RW;IND;.NRG.;INDBIO;Biofuel (IND);PJ;NRG;;;;
BASE;RW;IND;.NRG.;INDBLQ;Black liquor (IND);PJ;NRG;;;;
BASE;RW;IND;.NRG.;INDBLQ;Paper: Black Liquor;PJ;NRG;;;;
BASE;RW;IND;.ENV.;INDCH4;CH4 (IND);kt;ENV;;;;
BASE;RW;IND;.ENV.;INDCO2b;CO2 biomasse (IND);kt;ENV;;;;
BASE;RW;IND;.ENV.;INDCO2c;Carbon Dioxide - Capture (IND);kt;ENV;;;;
BASE;RW;IND;.ENV.;INDCO2N;CO2 fossile (IND);kt;ENV;;;;
BASE;RW;IND;.ENV.;INDCO2N;Carbon Dioxide - Combustion (IND);kt;ENV;;;;
BASE;RW;IND;.ENV.;INDCO2P;Carbon Dioxide - Process (IND);kt;ENV;;;;
BASE;RW;IND;.NRG.;INDCOA;Hard Coal (IND);PJ;NRG;;;;
BASE;RW;IND;.NRG.;INDCOG;Coke Oven Gas (IND);PJ;NRG;;;;
BASE;RW;IND;.NRG.;INDCOK;Coke (IND);PJ;NRG;;;;
BASE;RW;IND;.NRG.;INDCOL;Lignite (IND);PJ;NRG;;;;
BASE;RW;IND;.ENV.;INDCOV;COV polluant (IND);kt;ENV;;;;
BASE;RW;IND;.ENV.;INDCOVn;COV polluant (IND);kt;ENV;;;;
BASE;RW;IND;.ENV.;INDCOVp;COV polluant (IND);kt;ENV;;;;
BASE;RW;IND;.NRG.;INDCPS;Chips de bois (IND);PJ;NRG;;;;
BASE;RW;IND;.NRG.;INDELC;Electricity (IND);PJ;NRG;ELC;;DAYNITE;
BASE;RW;IND;.NRG.;INDGAS;Natural Gas (IND);PJ;NRG;;;;
BASE;RW;IND;.NRG.;INDGEO;Geothermal (IND);PJ;NRG;;;;
BASE;RW;IND;.ENV.;INDGHG;GES total (IND);kt;ENV;;;;
BASE;RW;IND;.ENV.;INDGHGb;GES biomasse total (IND);kt;ENV;;;;
BASE;RW;IND;.NRG.;INDGMX;gas mix reseau (IND);PJ;NRG;;;;
BASE;RW;IND;.NRG.;INDGZH;Biogaz épuré (IND);PJ;NRG;;;;
BASE;RW;IND;.NRG.;INDHET;High Temperature Heat distribuée for IND;PJ;NRG;;;;
BASE;RW;IND;.NRG.;INDHFO;Heavy Fuel Oil (IND);PJ;NRG;;;;
BASE;RW;IND;.NRG.;INDHH2;Hydrogen (IND);PJ;NRG;;;DAYNITE;
BASE;RW;IND;.NRG.;INDHTH;High Temperature Heat for IND;PJ;NRG;;;;
BASE;RW;IND;.NRG.;INDHWT;Chaleur fatale (IND);PJ;NRG;;;;
BASE;RW;IND;.NRG.;INDHYD;Hydro (IND);PJ;NRG;;;;
BASE;RW;IND;.NRG.;INDLFO;Light Fuel Oil (IND);PJ;NRG;;;;
BASE;RW;IND;.NRG.;INDLPG;Liquified Petroleum Gas (IND);PJ;NRG;;;;
BASE;RW;IND;.ENV.;INDN2O;N2O (IND);kt;ENV;;;;
BASE;RW;IND;.ENV.;INDNH3;NH3 polluant (IND);kt;ENV;;;;
BASE;RW;IND;.ENV.;INDNH3n;NH3 polluant (IND);kt;ENV;;;;
BASE;RW;IND;.ENV.;INDNH3p;NH3 polluant (IND);kt;ENV;;;;
BASE;RW;IND;.ENV.;INDNOX;NOX polluant (IND);kt;ENV;;;;
BASE;RW;IND;.ENV.;INDNOXn;NOX polluant (IND);kt;ENV;;;;
BASE;RW;IND;.ENV.;INDNOXp;NOX polluant (IND);kt;ENV;;;;
BASE;RW;IND;.NRG.;INDPEL;Pellets de bois (IND);PJ;NRG;;;;
BASE;RW;IND;.ENV.;INDPM2;PM2 polluant (IND);kt;ENV;;;;
BASE;RW;IND;.ENV.;INDPM2n;PM2 polluant (IND);kt;ENV;;;;
BASE;RW;IND;.ENV.;INDPM2p;PM2 polluant (IND);kt;ENV;;;;
BASE;RW;IND;.NRG.;INDRFG;Refinary Gas (IND);PJ;NRG;;;;
BASE;RW;IND;.NRG.;INDSLU;Waste Renewable (IND);kt;NRG;;;;
BASE;RW;IND;.NRG.;INDSLU;biomasse dechet methanisable ind et municipal (IND);PJ;NRG;;;;
BASE;RW;IND;.NRG.;INDSOL;Solar (IND);PJ;NRG;;;;
BASE;RW;IND;.ENV.;INDSOX;SOX polluant (IND);kt;ENV;;;;
BASE;RW;IND;.ENV.;INDSOXn;SOX polluant (IND);kt;ENV;;;;
BASE;RW;IND;.ENV.;INDSOXp;SOX polluant (IND);kt;ENV;;;;
BASE;RW;IND;.NRG.;INDWIN;Wind (IND);PJ;NRG;;;;
BASE;RW;IND;.NRG.;INDWST;Waste Non-Renewable (IND);kt;NRG;;;;
BASE;RW;IND;.NRG.;INDWST;Industrial(no-ren)  (IND);PJ;NRG;;;;
BASE;RW;IND;.DEM.;INF;Other Non Ferrous Metals Demand;PJ;DEM;;;;
BASE;RW;IND;.NRG.;INFELE;Other Non Ferrous Metals.Electro-Chemicals.;PJ;NRG;;;;
BASE;RW;IND;.NRG.;INFHTH;High Temperature Heat for INF (IND);PJ;NRG;;;;
BASE;RW;IND;.NRG.;INFHTH;High Temperature Heat for INA (IND);PJ;NRG;;;;
BASE;RW;IND;.NRG.;INFMCH;Other Non Ferrous Metals.Machine Drive.;PJ;NRG;;;;
BASE;RW;IND;.NRG.;INFOTH;Other Non Ferrous Metals.Other Processes.;PJ;NRG;;;;
BASE;RW;IND;.NRG.;INFPRC;Other Non Ferrous Metals.Process Heat.;PJ;NRG;;;;
BASE;RW;IND;.NRG.;INFSTM;Other Non Ferrous Metals.Steam.;PJ;NRG;;;;
BASE;RW;IND;.DEM.;INM;Other Non Metallic Minerals Demand;PJ;DEM;;;;
BASE;RW;IND;.NRG.;INMELE;Other Non Metallic Minerals.Electro-Chemicals.;PJ;NRG;;;;
BASE;RW;IND;.NRG.;INMHTH;High Temperature Heat for INM (IND);PJ;NRG;;;;
BASE;RW;IND;.NRG.;INMMCH;Other Non Metallic Minerals.Machine Drive.;PJ;NRG;;;;
BASE;RW;IND;.NRG.;INMOTH;Other Non Metallic Minerals.Other Processes.;PJ;NRG;;;;
BASE;RW;IND;.NRG.;INMPRC;Other Non Metallic Minerals.Process Heat.;PJ;NRG;;;;
BASE;RW;IND;.NRG.;INMSTM;Other Non Metallic Minerals.Steam.;PJ;NRG;;;;
BASE;RW;IND;.DEM.;IOF;Other food demand;PJ;DEM;;;;
BASE;RW;IND;.NRG.;IOFELE;Other Food.Electro-Chemicals.;PJ;NRG;;;;
BASE;RW;IND;.NRG.;IOFFRO;Other Food.Other Processes.;PJ;NRG;;;;
BASE;RW;IND;.NRG.;IOFHTH;Other Food.Steam.;PJ;NRG;;;;
BASE;RW;IND;.NRG.;IOFHTH;High Temperature Heat for IOF (IND);PJ;NRG;;;;
BASE;RW;IND;.NRG.;IOFMCH;Other Food.Machine Drive.;PJ;NRG;;;;
BASE;RW;IND;.NRG.;IOFOTH;Other Food.Cold Processes.;PJ;NRG;;;;
BASE;RW;IND;.NRG.;IOFPRC;Other Food.Process Heat.;PJ;NRG;;;;
BASE;RW;IND;.DEM.;IOI;Other Industries;PJ;DEM;;;;
BASE;RW;IND;.NRG.;IOIELE;Other Industries.Electro-Chemicals.;PJ;NRG;;;;
BASE;RW;IND;.NRG.;IOIHTH;Other Industries.Steam.;PJ;NRG;;;;
BASE;RW;IND;.NRG.;IOIHTH;High Temperature Heat for IOI (IND);PJ;NRG;;;;
BASE;RW;IND;.NRG.;IOIMCH;Other Industries.Machine Drive.;PJ;NRG;;;;
BASE;RW;IND;.NRG.;IOIOTH;Other Industries.Other Processes.;PJ;NRG;;;;
BASE;RW;IND;.NRG.;IOIPRC;Other Industries.Process Heat.;PJ;NRG;;;;
BASE;RW;IND;.NRG.;IPHHTH;High Temperature Heat for IPH (IND);PJ;NRG;;;;
BASE;RW;IND;.DEM.;IPO;Potatoes transformed demand;Mt;DEM;;;;
BASE;RW;IND;.NRG.;IPOHTH;High Temperature Heat for IPO (IND);PJ;NRG;;;;
BASE;RW;IND;.DEM.;IPP;High Quality Paper Demand;Mt;DEM;;;;
BASE;RW;IND;.NRG.;IPPHTH;High Temperature Heat for IPH and IPL (IND);PJ;NRG;;;;
BASE;RW;IND;.NRG.;IPPPRC;Process Heat for IPH and IPL (IND);PJ;NRG;;;;
BASE;RW;IND;.DEM.;ISG;Sugar demand;Mt;DEM;;;;
BASE;RW;IND;.NRG.;ISGHTH;High Temperature Heat for ISG (IND);PJ;NRG;;;;
BASE;RW;IND;.MAT.;MBORES;MBORES;Mt;MAT;;;;
BASE;RW;IND;.MAT.;MBOWOO;Wood : arbre;Mt;MAT;;;;
BASE;RW;IND;.MAT.;MBRWOO;Wood material (IND);Mt;MAT;;;;
BASE;RW;IND;.MAT.;MCMCLK;Cement: Clinker;Mt;MAT;;;;
BASE;RW;IND;.MAT.;MCUORE;Copper: Ore;Mt;MAT;;;;
BASE;RW;IND;.MAT.;MCUPDT;Pdt : culture;Mt;MAT;;;;
BASE;RW;IND;.MAT.;MCUSCR;Copper: Scrap;Mt;MAT;;;;
BASE;RW;IND;.MAT.;MCUSCU;Copper: Secondary;Mt;MAT;;;;
BASE;RW;IND;.MAT.;MGHRYC;Glass: Recycled;Mt;MAT;;;;
BASE;RW;IND;.MAT.;MISBFS;Iron and Steel: Blast Furnace Slag;Mt;MAT;;;;
BASE;RW;IND;.MAT.;MISCST;Iron and Steel: Crude Steel;Mt;MAT;;;;
BASE;RW;IND;.MAT.;MISDIR;Iron and Steel: DRI Iron;Mt;MAT;;;;
BASE;RW;IND;.MAT.;MISGBE;Sucre : betterave;Mt;MAT;;;;
BASE;RW;IND;.MAT.;MISGJU;Sucre : juice;Mt;MAT;;;;
BASE;RW;IND;.MAT.;MISORE;Iron and Steel: Ore;Mt;MAT;;;;
BASE;RW;IND;.MAT.;MISOXY;Iron and Steel: Oxygen;Mt;MAT;;;;
BASE;RW;IND;.MAT.;MISPLT;Iron and Steel: Pellet;Mt;MAT;;;;
BASE;RW;IND;.MAT.;MISQLI;Iron and Steel: Quick Lime;Mt;MAT;;;;
BASE;RW;IND;.MAT.;MISRFC;Iron and Steel: Ferrochrome;Mt;MAT;;;;
BASE;RW;IND;.MAT.;MISRIR;Iron and Steel: Raw Iron;Mt;MAT;;;;
BASE;RW;IND;.MAT.;MISSCR;Iron and Steel: Scrap Iron;Mt;MAT;;;;
BASE;RW;IND;.MAT.;MISSNT;Iron and Steel: Sinter;Mt;MAT;;;;
BASE;RW;IND;.MAT.;MLMSTN;Lime: Limestone;Mt;MAT;;;;
BASE;RW;IND;.MAT.;MPPGYP;Paper: Gypsum;Mt;MAT;;;;
BASE;RW;IND;.MAT.;MPPKAO;Paper: Kaolin;Mt;MAT;;;;
BASE;RW;IND;.MAT.;MPPNOH;Paper: Sodium Hydraxide;Mt;MAT;;;;
BASE;RW;IND;.MAT.;MPPOXY;Paper: Oxygen;Mt;MAT;;;;
BASE;RW;IND;.MAT.;MPPPUP;Paper: Pulp;Mt;MAT;;;;
BASE;RW;IND;.MAT.;MPPRYC;Paper: Recycled;Mt;MAT;;;;
BASE;RW;IND;.MAT.;MPPWOO;Paper: Wood;Mt;MAT;;;;
BASE;RW;IND;.DEM.;NEC;Non Energy Consumption - Chemicals;PJ;DEM;;;;
BASE;RW;IND;.DEM.;NEO;Non Energy Consumption - Others;PJ;DEM;;;;
BASE;RW;IND;.ENV.;NETSICO2N;NETS industrial CO2;kt;ENV;;;;
BASE;RW;IND;.ENV.;NETSINO2N;NETS industrial No2;kt;ENV;;;;
BASE;RW;IND;.NRG.;REFHTH;High Temperature Heat for refineries (IND);PJ;NRG;;;;
BASE;RW;IND;.NRG.;SYNH2G;Hydrogen synthetic gasuous;PJ;NRG;;;;
BASE;RW;RSD;.DEM.;DJ2F;DJ2F;PJ;DEM;;;;
BASE;RW;RSD;.DEM.;DJ3F;DJ3F;PJ;DEM;;;;
BASE;RW;RSD;.DEM.;DJ4F;DJ4F;PJ;DEM;;;;
BASE;RW;RSD;.DEM.;DJAP;DJAP;PJ;DEM;;;;
BASE;RW;RSD;.DEM.;R_2Fac;Demand Existing Building_2 façades;Mm2;DEM;;;;
BASE;RW;RSD;.DEM.;R_3Fac;Demand Existing Building_3 façades;Mm2;DEM;;;;
BASE;RW;RSD;.DEM.;R_4Fac;Demand Existing Building_4 façades;Mm2;DEM;;;;
BASE;RW;RSD;.DEM.;R_Appa;Demand Existing Building_Appart;Mm2;DEM;;;;
BASE;RW;RSD;.DEM.;R_N2Fac;Demand New Building_2 façades;Mm2;DEM;;;;
BASE;RW;RSD;.DEM.;R_N3Fac;Demand New Building_3 façades;Mm2;DEM;;;;
BASE;RW;RSD;.DEM.;R_N4Fac;Demand New Building_4 façades;Mm2;DEM;;;;
BASE;RW;RSD;.DEM.;R_NAppa;Demand New Building_Appart;Mm2;DEM;;;;
BASE;RW;RSD;.DEM.;RCDR;Rsd.Cloth Drying.Existing.;PJ;DEM;;;;
BASE;RW;RSD;.DEM.;RCOK;Rsd.Cooking.Existing.;PJ;DEM;;;;
BASE;RW;RSD;.DEM.;RCWA;Rsd.Cloth Washing.Existing.;PJ;DEM;;;;
BASE;RW;RSD;.DEM.;RDWA;Rsd.Dish Washing.Existing.;PJ;DEM;;;;
BASE;RW;RSD;.NRG.;RH2F;Residential heating Building_2 façades;PJ;NRG;;;;
BASE;RW;RSD;.NRG.;RH3F;Residential heating Building_3 façades;PJ;NRG;;;;
BASE;RW;RSD;.NRG.;RH4F;Residential heating Building_4 façades;PJ;NRG;;;;
BASE;RW;RSD;.NRG.;RHAP;Residential heating Building_Appart;PJ;NRG;;;;
BASE;RW;RSD;.NRG.;RHDJ2F_2021;RHDJ2F_2021;PJ;NRG;;;;
BASE;RW;RSD;.NRG.;RHDJ3F_2021;RHDJ3F_2021;PJ;NRG;;;;
BASE;RW;RSD;.NRG.;RHDJ4F_2021;RHDJ4F_2021;PJ;NRG;;;;
BASE;RW;RSD;.NRG.;RHN2F;Residential heating New Building_2 façades;PJ;NRG;;;;
BASE;RW;RSD;.NRG.;RHN3F;Residential heating New Building_3 façades;PJ;NRG;;;;
BASE;RW;RSD;.NRG.;RHN4F;Residential heating New Building_4 façades;PJ;NRG;;;;
BASE;RW;RSD;.NRG.;RHNAP;Residential heating New Building_Appart;PJ;NRG;;;;
BASE;RW;RSD;.DEM.;RLIG;Rsd.Lighting.Existing.;PJ;DEM;;;;
BASE;RW;RSD;.DEM.;ROEL;Rsd.Other Electric.Existing.;PJ;DEM;;;;
BASE;RW;RSD;.DEM.;ROEN;Rsd.Other Energy.Existing.;PJ;DEM;;;;
BASE;RW;RSD;.DEM.;RREF;Rsd.Refrigeration.Existing.;PJ;DEM;;;;
BASE;RW;RSD;.NRG.;RSDAHT;Residential ambient heat;PJ;NRG;;;;
BASE;RW;RSD;.NRG.;RSDBDL;Biodiesel (RSD);PJ;NRG;;;;
BASE;RW;RSD;.ENV.;RSDCH4;CH4 (RSD);kt;ENV;;;;
BASE;RW;RSD;.ENV.;RSDCO2b;CO2 biomasse (RSD);kt;ENV;;;;
BASE;RW;RSD;.ENV.;RSDCO2N;Carbon Dioxide - Combustion (RSD);kt;ENV;;;;
BASE;RW;RSD;.NRG.;RSDCOA;Coal (RSD);PJ;NRG;;;;
BASE;RW;RSD;.ENV.;RSDCOV;COV polluant (RSD);kt;ENV;;;;
BASE;RW;RSD;.NRG.;RSDCPS;WOOD chips (RSD);PJ;NRG;;;;
BASE;RW;RSD;.NRG.;RSDELC;Electricity (RSD);PJ;NRG;ELC;;DAYNITE;
BASE;RW;RSD;.NRG.;RSDGAS;Natural Gas (RSD);PJ;NRG;;;;
BASE;RW;RSD;.NRG.;RSDGEO;Geothermal (RSD);PJ;NRG;;;;
BASE;RW;RSD;.ENV.;RSDGHG;GES total (RSD);kt;ENV;;;;
BASE;RW;RSD;.ENV.;RSDGHGb;GES biomasse total (RSD);kt;ENV;;;;
BASE;RW;RSD;.NRG.;RSDGMX;Gas mixed reseau (RSD);PJ;NRG;;;;
BASE;RW;RSD;.NRG.;RSDGSL;Gasoline (RSD);PJ;NRG;;;;
BASE;RW;RSD;.NRG.;RSDGZH;Biogaz purifié (RSD);PJ;NRG;;;;
BASE;RW;RSD;.NRG.;RSDHET;Heat (RSD);PJ;NRG;;;;
BASE;RW;RSD;.NRG.;RSDLOG;Wood logs (RSD);PJ;NRG;;;;
BASE;RW;RSD;.NRG.;RSDLPG;Liquified Petroleum Gas (RSD);PJ;NRG;;;;
BASE;RW;RSD;.ENV.;RSDN2O;N2O (RSD);kt;ENV;;;;
BASE;RW;RSD;.ENV.;RSDNH3;NH3 polluant (RSD);kt;ENV;;;;
BASE;RW;RSD;.ENV.;RSDNOX;NOX polluant (RSD);kt;ENV;;;;
BASE;RW;RSD;.NRG.;RSDOIL;Diesel Oil (RSD);PJ;NRG;;;;
BASE;RW;RSD;.NRG.;RSDPEL;Wood Pellets (RSD);PJ;NRG;;;;
BASE;RW;RSD;.ENV.;RSDPM2;PM2 polluant (RSD);kt;ENV;;;;
BASE;RW;RSD;.NRG.;RSDSOL;Solar (RSD);PJ;NRG;;;;
BASE;RW;RSD;.ENV.;RSDSOX;SOX polluant (RSD);kt;ENV;;;;
BASE;RW;RSD;.NRG.;RW2F;Residential water heating Building_2 façades;PJ;NRG;;;;
BASE;RW;RSD;.NRG.;RW3F;Residential water heating Building_3 façades;PJ;NRG;;;;
BASE;RW;RSD;.NRG.;RW4F;Residential water heating Building_4 façades;PJ;NRG;;;;
BASE;RW;RSD;.NRG.;RWAP;Residential water heating Building_Appart;PJ;NRG;;;;
BASE;RW;RSD;.NRG.;RWN2F;Residential water heating New Building_2 façades;PJ;NRG;;;;
BASE;RW;RSD;.NRG.;RWN3F;Residential water heating New Building_3 façades;PJ;NRG;;;;
BASE;RW;RSD;.NRG.;RWN4F;Residential water heating New Building_4 façades;PJ;NRG;;;;
BASE;RW;RSD;.NRG.;RWNAP;Residential water heating New Building_Appart;PJ;NRG;;;;
BASE;RW;SUP;.NRG.;BIOBOU;Boues;Mt;NRG;;;;
BASE;RW;SUP;.NRG.;BIOCPS;Wood Chips;PJ;NRG;;;;
BASE;RW;SUP;.NRG.;BIOCRP1;Starch crops;PJ;NRG;;;;
BASE;RW;SUP;.NRG.;BIOCRP2;Sugar crops;PJ;NRG;;;;
BASE;RW;SUP;.NRG.;BIOCUL;Culture;Mt;NRG;;;;
BASE;RW;SUP;.NRG.;BIODME;Bio Dimethyl ether (DME);PJ;NRG;;;;
BASE;RW;SUP;.NRG.;BIODRY;Dry Bio waste;PJ;NRG;;;;
BASE;RW;SUP;.NRG.;BIODST;Diesel from Biomass;PJ;NRG;;;;
BASE;RW;SUP;.NRG.;BIOEFF;Effluents;Mt;NRG;;;;
BASE;RW;SUP;.NRG.;BIOETH;Bioethanol;PJ;NRG;;;;
BASE;RW;SUP;.NRG.;BIOGAS;Biogas;PJ;NRG;;;;
BASE;RW;SUP;.NRG.;BIOGZH;Biogaz épuré;PJ;NRG;;;;
BASE;RW;SUP;.NRG.;BIOLOG;Wood Logs;PJ;NRG;;;;
BASE;RW;SUP;.NRG.;BIOPEL;Wood Pellets;PJ;NRG;;;;
BASE;RW;SUP;.NRG.;BIORME;Biodiesel rapeseed methyl ester (RME);PJ;NRG;;;;
BASE;RW;SUP;.NRG.;BIORPS;Rapeseed;PJ;NRG;;;;
BASE;RW;SUP;.NRG.;BIOSLU;Sludges Renewable;PJ;NRG;;;;
BASE;RW;SUP;.NRG.;BIOSLUH;Sludges Renewable;PJ;NRG;;;;
BASE;RW;SUP;.NRG.;COABRO;Brown Coal;PJ;NRG;;;;
BASE;RW;SUP;.NRG.;COACOK;Coke;PJ;NRG;;;;
BASE;RW;SUP;.NRG.;COAHAR;Hard Coal;PJ;NRG;;;;
BASE;RW;SUP;.NRG.;COALIG;Lignite;PJ;NRG;;;;
BASE;RW;SUP;.NRG.;COHRSV;Hard Coal Reserves;PJ;NRG;;;;
BASE;RW;SUP;.NRG.;COLRSV;Lignite Reserves;PJ;NRG;;;;
BASE;RW;SUP;.ENV.;ELCCO2I;Investment-related Emission: ELCCO2I;kt;ENV;;;;
BASE;RW;SUP;.NRG.;ELCForPeak;ELC for a common peaking constraint;PJ;NRG;ELC;;DAYNITE;ANNUAL
BASE;RW;SUP;.ENV.;ELCLossInTransmsn;Accounting for the ELC Loss in transmission lines;PJ;ENV;;;;
BASE;RW;SUP;.ENV.;ETSCO2;ETS Carbon Dioxide;kt;ENV;;;;
BASE;RW;SUP;.ENV.;ETSCO2N;ETS CO2;kt;ENV;;;;
BASE;RW;SUP;.ENV.;ETSGHG;ETS Greenhouse Gas Emissions;kt;ENV;;;;
BASE;RW;SUP;.ENV.;ETSNO2N;ETS NO2;kt;ENV;;;;
BASE;RW;SUP;.NRG.;GASBFG;Blast-Furnace Gas;PJ;NRG;;;;
BASE;RW;SUP;.NRG.;GASCOG;Coke-Oven Gas;PJ;NRG;;;;
BASE;RW;SUP;.NRG.;GASGWG;Gasworks Gas;PJ;NRG;;;;
BASE;RW;SUP;.NRG.;GASNAT;Natural Gas;PJ;NRG;;;;
BASE;RW;SUP;.NRG.;GASPIP;Natural Gas Pre-Pipeline;PJ;NRG;;;;
BASE;RW;SUP;.NRG.;GASRSV;Natural Gas Reserves;PJ;NRG;;;;
BASE;RW;SUP;.ENV.;GreenCert-ELC;Green Certificates for ELC sector;PJ;ENV;;;;
BASE;RW;SUP;.ENV.;GreenCert-FIN;Green Certificates for Enduse sectors;PJ;ENV;;;;
BASE;RW;SUP;.NRG.;MOLECH4;ECH4 import pour mix reseau  (SUP);PJ;NRG;;;;
BASE;RW;SUP;.ENV.;NETSCH4N;NETS CH4;kt;ENV;;;;
BASE;RW;SUP;.ENV.;NETSCO2;NETS Carbon Dioxide;kt;ENV;;;;
BASE;RW;SUP;.ENV.;NETSCO2N;NETS CO2;kt;ENV;;;;
BASE;RW;SUP;.ENV.;NETSGHG;NETS Greenhouse Gas Emissions;kt;ENV;;;;
BASE;RW;SUP;.ENV.;NETSNO2N;NETS NO2;kt;ENV;;;;
BASE;RW;SUP;.NRG.;NREWST;Waste Non-Renewable;PJ;NRG;;;;
BASE;RW;SUP;.NRG.;NUCRSV;Uranium (Dummy Reserves);PJ;NRG;;;;
BASE;RW;SUP;.NRG.;OILCRD;Crude Oil;PJ;NRG;;;;
BASE;RW;SUP;.NRG.;OILDST;Diesel;PJ;NRG;;;;
BASE;RW;SUP;.NRG.;OILGSL;Motor Spirit;PJ;NRG;;;;
BASE;RW;SUP;.NRG.;OILHFO;Residual Fuel Oil;PJ;NRG;;;;
BASE;RW;SUP;.NRG.;OILKER;Kerosenes - Jet Fuels;PJ;NRG;;;;
BASE;RW;SUP;.NRG.;OILLPG;Liquified Petroleum Gas;PJ;NRG;;;;
BASE;RW;SUP;.NRG.;OILNAP;Naphtha;PJ;NRG;;;;
BASE;RW;SUP;.NRG.;OILNEU;Non Energy;PJ;NRG;;;;
BASE;RW;SUP;.NRG.;OILOTH;Other Petroleum Products;PJ;NRG;;;;
BASE;RW;SUP;.NRG.;OILPIP;Crude Oil Pre-Pipeline;PJ;NRG;;;;
BASE;RW;SUP;.NRG.;OILRFG;Refinery Gas;PJ;NRG;;;;
BASE;RW;SUP;.NRG.;OILRSV;Crude Oil Reserves;PJ;NRG;;;;
BASE;RW;SUP;.ENV.;Penalty_REQ;Penalty for not meeting the Renewable ELC production target under Quota system;PJ;ENV;;;;
BASE;RW;SUP;.NRG.;RENGEO;Geothermal;PJ;NRG;;;;
BASE;RW;SUP;.NRG.;RENHYD;Hydro;PJ;NRG;;;;
BASE;RW;SUP;.NRG.;RENSOL;Solar;PJ;NRG;;;;
BASE;RW;SUP;.NRG.;RENWIN;Wind;PJ;NRG;;;;
BASE;RW;SUP;.ENV.;SUBS-REN_FeedIn;Feed-in Tariff Accounting;mEuro;ENV;;;;
BASE;RW;SUP;.ENV.;SUBS-REN_INV;Investment Subsidies for REN tech;mEuro;ENV;;;;
BASE;RW;SUP;.NRG.;SUPBGS;Biogas (SUP);PJ;NRG;;;;
BASE;RW;SUP;.NRG.;SUPBOU;Boues (SUP);Mt;NRG;;;;
BASE;RW;SUP;.ENV.;SUPCH4;CH4 (SUP);kt;ENV;;;;
BASE;RW;SUP;.ENV.;SUPCO2b;CO2 biomasse (SUP);kt;ENV;;;;
BASE;RW;SUP;.ENV.;SUPCO2N;Carbon Dioxide - Combustion (SUP);kt;ENV;;;;
BASE;RW;SUP;.ENV.;SUPCO2P;Carbon Dioxide - Process (SUP);kt;ENV;;;;
BASE;RW;SUP;.NRG.;SUPCOA;Coal (SUP);PJ;NRG;;;;
BASE;RW;SUP;.ENV.;SUPCOV;COV polluant (SUP);kt;ENV;;;;
BASE;RW;SUP;.NRG.;SUPCPS;Chips (SUP);PJ;NRG;;;;
BASE;RW;SUP;.NRG.;SUPCRD;Crude Oil (SUP);PJ;NRG;;;;
BASE;RW;SUP;.NRG.;SUPCUL;Culture (SUP);PJ;NRG;;;;
BASE;RW;SUP;.NRG.;SUPDST;Mazout (SUP);PJ;NRG;;;;
BASE;RW;SUP;.NRG.;SUPEFF;Effluents (SUP);Mt;NRG;;;;
BASE;RW;SUP;.NRG.;SUPELC;Electricity (SUP);PJ;NRG;ELC;;DAYNITE;
BASE;RW;SUP;.NRG.;SUPGAS;Natural Gas (SUP);PJ;NRG;;;;
BASE;RW;SUP;.ENV.;SUPGHG;GES total (SUP);kt;ENV;;;;
BASE;RW;SUP;.ENV.;SUPGHGb;GES biomasse total (SUP);kt;ENV;;;;
BASE;RW;SUP;.NRG.;SUPGMX;Natural Gas biogas mixed (SUP);PJ;NRG;;;;
BASE;RW;SUP;.NRG.;SUPGZH;Biogaz épuré (SUP);PJ;NRG;;;;
BASE;RW;SUP;.NRG.;SUPHET;Chaleur pour digesteur (SUP);PJ;NRG;;;;
BASE;RW;SUP;.NRG.;SUPHTH;High Temperature Heat (SUP);PJ;NRG;LTHEAT;;SEASON;
BASE;RW;SUP;.NRG.;SUPLOG;Wood Logs (SUP);PJ;NRG;;;;
BASE;RW;SUP;.ENV.;SUPN2O;N2O (SUP);kt;ENV;;;;
BASE;RW;SUP;.ENV.;SUPNH3;NH3 polluant (SUP);kt;ENV;;;;
BASE;RW;SUP;.ENV.;SUPNOX;NOX polluant (SUP);kt;ENV;;;;
BASE;RW;SUP;.NRG.;SUPPEL;Pellets (SUP);PJ;NRG;;;;
BASE;RW;SUP;.ENV.;SUPPM2;PM2 polluant (SUP);kt;ENV;;;;
BASE;RW;SUP;.NRG.;SUPRPG;Refinary Gas and LPG (SUP);PJ;NRG;;;;
BASE;RW;SUP;.NRG.;SUPRPP;Refined Petroleum Products (SUP);PJ;NRG;;;;
BASE;RW;SUP;.NRG.;SUPSLU;Sludges renewable (SUP);Mt;NRG;;;;
BASE;RW;SUP;.ENV.;SUPSOX;SOX polluant (SUP);kt;ENV;;;;
BASE;RW;SUP;.NRG.;SYNDME;Synthetic DME;PJ;NRG;;;;
BASE;RW;SUP;.NRG.;SYNDST;Fossil FT Diesel;PJ;NRG;;;;
BASE;RW;SUP;.ENV.;TOTCOV;total cov emissions;kt;ENV;;;;
BASE;RW;SUP;.ENV.;TOTGHG;Total Greenhouse Gas Emissions;kt;ENV;;;;
BASE;RW;SUP;.ENV.;TOTGHGb;GES total biomasse;kt;ENV;;;;
BASE;RW;SUP;.ENV.;TOTNH3;tot nh3 emissions;kt;ENV;;;;
BASE;RW;SUP;.ENV.;TOTNOX;Total nox emissions;kt;ENV;;;;
BASE;RW;SUP;.ENV.;TOTPM2;total pm2 emissions;kt;ENV;;;;
BASE;RW;SUP;.ENV.;TOTSOX;total sox emissions;kt;ENV;;;;
BASE;RW;TRA;.DEM.;TADF;Aviation Domestic Freight;PJ;DEM;;;;
BASE;RW;TRA;.DEM.;TADP;Aviation Domestic Passengers;PJ;DEM;;;;
BASE;RW;TRA;.DEM.;TAIF;Aviation International Freight;PJ;DEM;;;;
BASE;RW;TRA;.DEM.;TAIP;Aviation International Passengers;PJ;DEM;;;;
BASE;RW;TRA;.DEM.;TBC;Road Bus Coach;Bpkm;DEM;;;;
BASE;RW;TRA;.DEM.;TBU;Road Bus Urban;Bpkm;DEM;;;;
BASE;RW;TRA;.DEM.;TCAR;Road Cars;Bpkm;DEM;;;;
BASE;RW;TRA;.DEM.;THDT;Road Heavy Duty Trucks;Btkm;DEM;;;;
BASE;RW;TRA;.DEM.;TLCV;Road Light Commercial Vehicles;Btkm;DEM;;;;
BASE;RW;TRA;.DEM.;TMOP;Road Mopeds and Bicycle;Bpkm;DEM;;;;
BASE;RW;TRA;.DEM.;TMOT;Road Motorcycle;Bpkm;DEM;;;;
BASE;RW;TRA;.DEM.;TNDF;Navigation Domestic Freight;Btkm;DEM;;;;
BASE;RW;TRA;.NRG.;TRABDL;Biodiesel (TRA);PJ;NRG;;;;
BASE;RW;TRA;.NRG.;TRABGS;BioGas (TRA);PJ;NRG;;;;
BASE;RW;TRA;.ENV.;TRACH4;CH4 (TRA);kt;ENV;;;;
BASE;RW;TRA;.ENV.;TRACH4-I;CH4 - Combustion Aviation International (TRA);kt;ENV;;;;
BASE;RW;TRA;.ENV.;TRACO2b;CO2 biomasse (TRA);kt;ENV;;;;
BASE;RW;TRA;.ENV.;TRACO2N;Carbon Dioxide - Combustion (TRA);kt;ENV;;;;
BASE;RW;TRA;.ENV.;TRACO2N-I;Carbon Dioxide - Combustion Aviation International (TRA);kt;ENV;;;;
BASE;RW;TRA;.ENV.;TRACOV;COV polluant (TRA);kt;ENV;;;;
BASE;RW;TRA;.NRG.;TRADST;Diesel (TRA);PJ;NRG;;;;
BASE;RW;TRA;.NRG.;TRAELC;Electricity (TRA);PJ;NRG;ELC;;;
BASE;RW;TRA;.NRG.;TRAETH;Ethanol (TRA);PJ;NRG;;;;
BASE;RW;TRA;.NRG.;TRAGH2;Hydrogen gasuous (TRA);PJ;NRG;;;;
BASE;RW;TRA;.ENV.;TRAGHG;GES total (TRA);kt;ENV;;;;
BASE;RW;TRA;.ENV.;TRAGHGb;GES biomasse total (TRA);kt;ENV;;;;
BASE;RW;TRA;.NRG.;TRAGMX;Gas mixed (TRA);PJ;NRG;;;;
BASE;RW;TRA;.NRG.;TRAGSL;Gasoline (TRA);PJ;NRG;;;;
BASE;RW;TRA;.NRG.;TRAHFO;Heavy Fuel Oil (TRA);PJ;NRG;;;;
BASE;RW;TRA;.NRG.;TRAKER;Kerosene - Jet Fuels (TRA);PJ;NRG;;;;
BASE;RW;TRA;.NRG.;TRALH2;Hydrogen liquid (TRA);PJ;NRG;;;;
BASE;RW;TRA;.NRG.;TRALPG;Liquified Petroleum Gas (TRA);PJ;NRG;;;;
BASE;RW;TRA;.ENV.;TRAN2O;N2O (TRA);kt;ENV;;;;
BASE;RW;TRA;.ENV.;TRAN2O-I;N20 - Combustion Aviation International (TRA);kt;ENV;;;;
BASE;RW;TRA;.ENV.;TRANH3;NH3 polluant (TRA);kt;ENV;;;;
BASE;RW;TRA;.ENV.;TRANOX;NOX polluant (TRA);kt;ENV;;;;
BASE;RW;TRA;.ENV.;TRAPM2;PM2 polluant (TRA);kt;ENV;;;;
BASE;RW;TRA;.ENV.;TRASOX;SOX polluant (TRA);kt;ENV;;;;
BASE;RW;TRA;.DEM.;TTF;Train Freight;Btkm;DEM;;;;
BASE;RW;TRA;.DEM.;TTP;Train Conventional Passengers;Bpkm;DEM;;;;
IND-NewTechs_TEST;RW;IND;.NRG.;GASBFT;GAS from Blast Furnace TGR;PJ;NRG;;;;
IND-NewTechs_TEST;RW;IND;.NRG.;GASCOP;Corex GAS from COREX with CCS;PJ;NRG;;;;
IND-NewTechs_TEST;RW;IND;.NRG.;GASIIS;GAS from Corex and/or Blast Furnace TGR with CCS and/or BOF;PJ;NRG;;;;
IND-NewTechs_TEST;RW;IND;.NRG.;INDBDL;Bio-diesel-IND;PJ;NRG;;;;
IND-NewTechs_TEST;RW;IND;.NRG.;INDBFT;GAS from Blast Furnace TGR (IND);PJ;NRG;;;;
IND-NewTechs_TEST;RW;IND;.ENV.;INDCO2c;captured co2 test;kt;ENV;;;;
IND-NewTechs_TEST;RW;IND;.NRG.;INDGASCOG;GAS and COG(IND);PJ;NRG;;;;
IND-NewTechs_TEST;RW;IND;.NRG.;INDGZH;Biogaz épuré (IND);PJ;NRG;;;;
IND-NewTechs_TEST;RW;IND;.NRG.;INDIIS;IIS GAS - Corex GAS or BFG TGR with CCS or BOF (IND);PJ;NRG;;;;
IND-NewTechs_TEST;RW;IND;.ENV.;INDSCO2N;Dum commodity produced from IND tech with CO2 storage linked to energy;kt;ENV;;FX;;
IND-NewTechs_TEST;RW;IND;.MAT.;MEOOXY;Oxygen for oxycombustion;Mt;MAT;;;;
RSD-NewTechs;RW;RSD;.NRG.;RSDAHT;Residential Ambient Heat;PJ;NRG;;;;
RSD-NewTechs;RW;RSD;.NRG.;RSDGHT;Residential Ground Heat;PJ;NRG;;;;
TRA-NewTechs;RW;TRA;.NRG.;TRABDL;TRABDL;PJ;NRG;;;;
TRA-NewTechs;RW;TRA;.NRG.;TRAGH2;Hydrogen Gasuous (TRA);PJ;NRG;;;DAYNITE;
TRA-NewTechs;RW;TRA;.NRG.;TRALH2;Hydrogen Liquid (TRA);PJ;NRG;;;DAYNITE;
UC_objectifs_wam_panel;RW;-;NRG;TRA_CAR_stop_thermique_;Positive dummy var for UC: TRA_CAR_stop_thermique;UCU;NRG;dummy;;;
N-Rnw_Constraints_ELC_TRA_RSD_COM;RW;-;NRG;UCA_MIN_RAD3F_;Positive dummy var for UC: UCA_MIN_RAD3F;UCU;NRG;dummy;;;
UC_objectifs_wam_panel;RW;-;NRG;UC_WAM_WOO_RSD_2030_;Positive dummy var for UC: UC_WAM_WOO_RSD_2030;UCU;NRG;dummy;;;
UC_objectifs_wam_panel;RW;-;NRG;NO_COA_2030_;Positive dummy var for UC: NO_COA_2030;UCU;NRG;dummy;;;
N-Rnw_Constraints_ELC_TRA_RSD_COM;RW;-;NRG;UCSU_Rsd-Cok_Gas_Share_;Positive dummy var for UC: UCSU_Rsd-Cok_Gas_Share;UCU;NRG;dummy;;;
Rnw_Constraints_ELC_TRA_RSD_COM;RW;-;NRG;Prod_max_sol_RSD_;Positive dummy var for UC: Prod_max_sol_RSD;UCU;NRG;dummy;;;
UC_objectifs_wam_panel;RW;-;NRG;UC_WAM_ELC_hyd_;Positive dummy var for UC: UC_WAM_ELC_hyd;UCU;NRG;dummy;;;
N-Rnw_Constraints_ELC_TRA_RSD_COM;RW;-;NRG;UCSU_Com-BP_Gas_ShareCC_;Positive dummy var for UC: UCSU_Com-BP_Gas_ShareCC;UCU;NRG;dummy;;;
moderations_Ref;RW;-;NRG;UC_Limitation_comb_solid_fossil_;Positive dummy var for UC: UC_Limitation_comb_solid_fossil;UCU;NRG;dummy;;;
N-Rnw_Constraints_ELC_TRA_RSD_COM;RW;-;NRG;UCSU_Com-Cok_Gas_Share_;Positive dummy var for UC: UCSU_Com-Cok_Gas_Share;UCU;NRG;dummy;;;
moderations_Wam;RW;-;NRG;Uc_gaz_com_up_;Positive dummy var for UC: Uc_gaz_com_up;UCU;NRG;dummy;;;
N-Rnw_Constraints_ELC_TRA_RSD_COM;RW;-;NRG;UCSU_Com-BA_Gas_Share_CH_;Positive dummy var for UC: UCSU_Com-BA_Gas_Share_CH;UCU;NRG;dummy;;;
N-Rnw_Constraints_ELC_TRA_RSD_COM;RW;-;NRG;UCSU_Com-BP_Gas_Share_CH_;Positive dummy var for UC: UCSU_Com-BP_Gas_Share_CH;UCU;NRG;dummy;;;
moderations_Wam;RW;-;NRG;UC_IND_moderation_biom_;Positive dummy var for UC: UC_IND_moderation_biom;UCU;NRG;dummy;;;
moderations_Wam;RW;-;NRG;Uc_limitation_HFO_;Positive dummy var for UC: Uc_limitation_HFO;UCU;NRG;dummy;;;
UC_objectifs_wam_panel;RW;-;NRG;UC_tra_car_ELC_WAM_;Positive dummy var for UC: UC_tra_car_ELC_WAM;UCU;NRG;dummy;;;
UC_objectifs_wam_panel;RW;-;NRG;TRA_TLCV_stop_thermique_;Positive dummy var for UC: TRA_TLCV_stop_thermique;UCU;NRG;dummy;;;
UC_objectifs_wam_panel;RW;-;NRG;Retrofit_C_WEM_BY+1_;Positive dummy var for UC: Retrofit_C_WEM_BY+1;UCU;NRG;dummy;;;
UC_objectifs_wam_panel;RW;-;NRG;UC_tra_bus_ELC_;Positive dummy var for UC: UC_tra_bus_ELC;UCU;NRG;dummy;;;
N-Rnw_Constraints_ELC_TRA_RSD_COM;RW;-;NRG;UCA_MIN_RADAP_;Positive dummy var for UC: UCA_MIN_RADAP;UCU;NRG;dummy;;;
N-Rnw_Constraints_ELC_TRA_RSD_COM;RW;-;NRG;UCSU_Com-CO_Gas_ShareCC_;Positive dummy var for UC: UCSU_Com-CO_Gas_ShareCC;UCU;NRG;dummy;;;
Rnw_Constraints_ELC_TRA_RSD_COM;RW;-;NRG;Prod_max_sol_COM_;Positive dummy var for UC: Prod_max_sol_COM;UCU;NRG;dummy;;;
moderations_Wam;RW;-;NRG;UC_Limitation_comb_solid_fossil_;Positive dummy var for UC: UC_Limitation_comb_solid_fossil;UCU;NRG;dummy;;;
N-Rnw_Constraints_ELC_TRA_RSD_COM;RW;-;NRG;UCSU_Rsd-3F_Gas_Share_RH_;Positive dummy var for UC: UCSU_Rsd-3F_Gas_Share_RH;UCU;NRG;dummy;;;
N-Rnw_Constraints_ELC_TRA_RSD_COM;RW;-;NRG;UCSU_Com-CS_Gas_Share_CW_;Positive dummy var for UC: UCSU_Com-CS_Gas_Share_CW;UCU;NRG;dummy;;;
UC_objectifs_wam_panel;RW;-;NRG;Retrofit_C_WEM_;Positive dummy var for UC: Retrofit_C_WEM;UCU;NRG;dummy;;;
N-Rnw_Constraints_ELC_TRA_RSD_COM;RW;-;NRG;UCSU_Rsd-4F_Gas_Share_RW_;Positive dummy var for UC: UCSU_Rsd-4F_Gas_Share_RW;UCU;NRG;dummy;;;
N-Rnw_Constraints_ELC_TRA_RSD_COM;RW;-;NRG;UCSU_Rsd-App_Gas_Share_RW_;Positive dummy var for UC: UCSU_Rsd-App_Gas_Share_RW;UCU;NRG;dummy;;;
UC_objectifs_wam_panel;RW;-;NRG;Tra_car_fiscalite_elc_;Positive dummy var for UC: Tra_car_fiscalite_elc;UCU;NRG;dummy;;;
N-Rnw_Constraints_ELC_TRA_RSD_COM;RW;-;NRG;UCSL_Cars_Medium-Upper_Share_;Positive dummy var for UC: UCSL_Cars_Medium-Upper_Share;UCU;NRG;dummy;;;
N-Rnw_Constraints_ELC_TRA_RSD_COM;RW;-;NRG;UCSU_Com-BP_Gas_Share_CW_;Positive dummy var for UC: UCSU_Com-BP_Gas_Share_CW;UCU;NRG;dummy;;;
moderations_Ref;RW;-;NRG;UC_IND_moderation_biom_;Positive dummy var for UC: UC_IND_moderation_biom;UCU;NRG;dummy;;;
UC_objectifs_wam_panel;RW;-;NRG;C-SER_limitation_fossil_New_maison_;Positive dummy var for UC: C-SER_limitation_fossil_New_maison;UCU;NRG;dummy;;;
UC_objectifs_wam_panel;RW;-;NRG;C-SER_limitation_fossil_New_Appart_;Positive dummy var for UC: C-SER_limitation_fossil_New_Appart;UCU;NRG;dummy;;;
moderations_Ref;RW;-;NRG;UC_switch_COM_moderation_OIL_WEM_;Positive dummy var for UC: UC_switch_COM_moderation_OIL_WEM;UCU;NRG;dummy;;;
N-Rnw_Constraints_ELC_TRA_RSD_COM;RW;-;NRG;UCSL_Truck14_28t_Share_;Positive dummy var for UC: UCSL_Truck14_28t_Share;UCU;NRG;dummy;;;
moderations_Wam;RW;-;NRG;UC_switch_COM_moderation_OIL_WAM_;Positive dummy var for UC: UC_switch_COM_moderation_OIL_WAM;UCU;NRG;dummy;;;
UC_objectifs_wam_panel;RW;-;NRG;UC-HP_RSD_wam_;Positive dummy var for UC: UC-HP_RSD_wam;UCU;NRG;dummy;;;
moderations_Wam;RW;-;NRG;CAP_wood_RSD_;Positive dummy var for UC: CAP_wood_RSD;UCU;NRG;dummy;;;
N-Rnw_Constraints_ELC_TRA_RSD_COM;RW;-;NRG;UCSU_Rsd-2F_Gas_Share_RW_;Positive dummy var for UC: UCSU_Rsd-2F_Gas_Share_RW;UCU;NRG;dummy;;;
N-Rnw_Constraints_ELC_TRA_RSD_COM;RW;-;NRG;UCSU_Com-BA_Gas_Share_CW_;Positive dummy var for UC: UCSU_Com-BA_Gas_Share_CW;UCU;NRG;dummy;;;
UC_objectifs_wam_panel;RW;-;NRG;UC_WAM_CONS_RSD_2050_;Positive dummy var for UC: UC_WAM_CONS_RSD_2050;UCU;NRG;dummy;;;
Rnw_Constraints_ELC_TRA_RSD_COM;RW;-;NRG;UC_Max_HP_potentiel_rsd_;Positive dummy var for UC: UC_Max_HP_potentiel_rsd;UCU;NRG;dummy;;;
N-Rnw_Constraints_ELC_TRA_RSD_COM;RW;-;NRG;UCSU_Com-BA_Gas_ShareCC_;Positive dummy var for UC: UCSU_Com-BA_Gas_ShareCC;UCU;NRG;dummy;;;
N-Rnw_Constraints_ELC_TRA_RSD_COM;RW;-;NRG;UCSU_Com-CO_Gas_Share_CW_;Positive dummy var for UC: UCSU_Com-CO_Gas_Share_CW;UCU;NRG;dummy;;;
UC_objectifs_wam_panel;RW;-;NRG;UC_tra_pass_DST_;Positive dummy var for UC: UC_tra_pass_DST;UCU;NRG;dummy;;;
UC_objectifs_wam_panel;RW;-;NRG;UC_WAM_HP_COM_2030_;Positive dummy var for UC: UC_WAM_HP_COM_2030;UCU;NRG;dummy;;;
Rnw_Constraints_ELC_TRA_RSD_COM;RW;-;NRG;Uc_Max_HP_potentiel_Ind_IPP_;Positive dummy var for UC: Uc_Max_HP_potentiel_Ind_IPP;UCU;NRG;dummy;;;
N-Rnw_Constraints_ELC_TRA_RSD_COM;RW;-;NRG;UCSU_Com-CS_Gas_Share_CH_;Positive dummy var for UC: UCSU_Com-CS_Gas_Share_CH;UCU;NRG;dummy;;;
UC_objectifs_wam_panel;RW;-;NRG;UC_WAM_ELC_WIN_;Positive dummy var for UC: UC_WAM_ELC_WIN;UCU;NRG;dummy;;;
N-Rnw_Constraints_ELC_TRA_RSD_COM;RW;-;NRG;UCSU_Rsd-3F_Gas_Share_RW_;Positive dummy var for UC: UCSU_Rsd-3F_Gas_Share_RW;UCU;NRG;dummy;;;
Rnw_Constraints_ELC_TRA_RSD_COM;RW;-;NRG;Uc_Max_HP_potentiel_Ind_ICH_;Positive dummy var for UC: Uc_Max_HP_potentiel_Ind_ICH;UCU;NRG;dummy;;;
N-Rnw_Constraints_ELC_TRA_RSD_COM;RW;-;NRG;UCSL_Cars_Mediumn-Lower_Share_;Positive dummy var for UC: UCSL_Cars_Mediumn-Lower_Share;UCU;NRG;dummy;;;
UC_objectifs_wam_panel;RW;-;NRG;UC_WAM_GEO_puits_;Positive dummy var for UC: UC_WAM_GEO_puits;UCU;NRG;dummy;;;
UC_objectifs_wam_panel;RW;-;NRG;UC_WAM_CONS_RSD_2040_;Positive dummy var for UC: UC_WAM_CONS_RSD_2040;UCU;NRG;dummy;;;
N-Rnw_Constraints_ELC_TRA_RSD_COM;RW;-;NRG;UCSU_Com-SA_Gas_ShareCC_;Positive dummy var for UC: UCSU_Com-SA_Gas_ShareCC;UCU;NRG;dummy;;;
UC_objectifs_wam_panel;RW;-;NRG;UC_WAM_CONS_RSD_2030_;Positive dummy var for UC: UC_WAM_CONS_RSD_2030;UCU;NRG;dummy;;;
N-Rnw_Constraints_ELC_TRA_RSD_COM;RW;-;NRG;UCSL_Trucks14t_Share_;Positive dummy var for UC: UCSL_Trucks14t_Share;UCU;NRG;dummy;;;
moderations_Ref;RW;-;NRG;CAP_wood_COM_;Positive dummy var for UC: CAP_wood_COM;UCU;NRG;dummy;;;
moderations_Wam;RW;-;NRG;Moderation_CHP_ind_;Positive dummy var for UC: Moderation_CHP_ind;UCU;NRG;dummy;;;
UC_objectifs_wam_panel;RW;-;NRG;UC_WAM_reno_rsd_;Positive dummy var for UC: UC_WAM_reno_rsd;UCU;NRG;dummy;;;
moderations_Ref;RW;-;NRG;CAP_wood_RSD_;Positive dummy var for UC: CAP_wood_RSD;UCU;NRG;dummy;;;
UC_objectifs_wam_panel;RW;-;NRG;UC_tra_car_HYB_;Positive dummy var for UC: UC_tra_car_HYB;UCU;NRG;dummy;;;
moderations_Wam;RW;-;NRG;UC_share_conso_HET_;Positive dummy var for UC: UC_share_conso_HET;UCU;NRG;dummy;;;
N-Rnw_Constraints_ELC_TRA_RSD_COM;RW;-;NRG;UCA_MIN_RAD4F_;Positive dummy var for UC: UCA_MIN_RAD4F;UCU;NRG;dummy;;;
N-Rnw_Constraints_ELC_TRA_RSD_COM;RW;-;NRG;UCSU_Rsd-2F_Gas_Share_RH_;Positive dummy var for UC: UCSU_Rsd-2F_Gas_Share_RH;UCU;NRG;dummy;;;
N-Rnw_Constraints_ELC_TRA_RSD_COM;RW;-;NRG;UCSU_Com-CO_Gas_Share_CH_;Positive dummy var for UC: UCSU_Com-CO_Gas_Share_CH;UCU;NRG;dummy;;;
N-Rnw_Constraints_ELC_TRA_RSD_COM;RW;-;NRG;UCSL_CarsSmall_Share_;Positive dummy var for UC: UCSL_CarsSmall_Share;UCU;NRG;dummy;;;
N-Rnw_Constraints_ELC_TRA_RSD_COM;RW;-;NRG;UCSU_Com-CS_Gas_ShareCC_;Positive dummy var for UC: UCSU_Com-CS_Gas_ShareCC;UCU;NRG;dummy;;;
N-Rnw_Constraints_ELC_TRA_RSD_COM;RW;-;NRG;UCSU_Com-EN_Gas_Share_CW_;Positive dummy var for UC: UCSU_Com-EN_Gas_Share_CW;UCU;NRG;dummy;;;
Rnw_Constraints_ELC_TRA_RSD_COM;RW;-;NRG;UC_Max_HP_potentiel_com_;Positive dummy var for UC: UC_Max_HP_potentiel_com;UCU;NRG;dummy;;;
moderations_Wam;RW;-;NRG;UC_share_conso_HET_2_;Positive dummy var for UC: UC_share_conso_HET_2;UCU;NRG;dummy;;;
UC_objectifs_wam_panel;RW;-;NRG;UC_WAM_WOO_COM_2030_;Positive dummy var for UC: UC_WAM_WOO_COM_2030;UCU;NRG;dummy;;;
UC_objectifs_wam_panel;RW;-;NRG;UC_WAM_ELC_Biom_post2030_;Positive dummy var for UC: UC_WAM_ELC_Biom_post2030;UCU;NRG;dummy;;;
N-Rnw_Constraints_ELC_TRA_RSD_COM;RW;-;NRG;UCSL_Cars_Executive_Share_;Positive dummy var for UC: UCSL_Cars_Executive_Share;UCU;NRG;dummy;;;
moderations_Wam;RW;-;NRG;chp_conserve_exist_;Positive dummy var for UC: chp_conserve_exist;UCU;NRG;dummy;;;
N-Rnw_Constraints_ELC_TRA_RSD_COM;RW;-;NRG;UCSL_Truck40_50t_Share_;Positive dummy var for UC: UCSL_Truck40_50t_Share;UCU;NRG;dummy;;;
Rnw_Constraints_ELC_TRA_RSD_COM;RW;-;NRG;Uc_Max_HP_potentiel_Ind_IOI_;Positive dummy var for UC: Uc_Max_HP_potentiel_Ind_IOI;UCU;NRG;dummy;;;
moderations_Wam;RW;-;NRG;UC_switch_RSD_moderation_OIL_WAM_;Positive dummy var for UC: UC_switch_RSD_moderation_OIL_WAM;UCU;NRG;dummy;;;
UC_objectifs_wam_panel;RW;-;NRG;UC_WAM_ELC_Biom_;Positive dummy var for UC: UC_WAM_ELC_Biom;UCU;NRG;dummy;;;
N-Rnw_Constraints_ELC_TRA_RSD_COM;RW;-;NRG;UCSU_Com-SA_Gas_Share_CW_;Positive dummy var for UC: UCSU_Com-SA_Gas_Share_CW;UCU;NRG;dummy;;;
UC_objectifs_wam_panel;RW;-;NRG;UC_WAM_ELC_PV_;Positive dummy var for UC: UC_WAM_ELC_PV;UCU;NRG;dummy;;;
UC_objectifs_wam_panel;RW;-;NRG;UC_WAM_HET_com_;Positive dummy var for UC: UC_WAM_HET_com;UCU;NRG;dummy;;;
moderations_Wam;RW;-;NRG;CAP_wood_COM_;Positive dummy var for UC: CAP_wood_COM;UCU;NRG;dummy;;;
UC_objectifs_wam_panel;RW;-;NRG;UC_WAM_CONS_COM_;Positive dummy var for UC: UC_WAM_CONS_COM;UCU;NRG;dummy;;;
N-Rnw_Constraints_ELC_TRA_RSD_COM;RW;-;NRG;UCSL_Truck28_40t_Share_;Positive dummy var for UC: UCSL_Truck28_40t_Share;UCU;NRG;dummy;;;
Rnw_Constraints_ELC_TRA_RSD_COM;RW;-;NRG;Uc_Max_HP_potentiel_Ind_IOF_;Positive dummy var for UC: Uc_Max_HP_potentiel_Ind_IOF;UCU;NRG;dummy;;;
N-Rnw_Constraints_ELC_TRA_RSD_COM;RW;-;NRG;UCSU_Com-EN_Gas_ShareCC_;Positive dummy var for UC: UCSU_Com-EN_Gas_ShareCC;UCU;NRG;dummy;;;
Rnw_Constraints_ELC_TRA_RSD_COM;RW;-;NRG;UC_HP_nw_stat_;Positive dummy var for UC: UC_HP_nw_stat;UCU;NRG;dummy;;;
UC_objectifs_wam_panel;RW;-;NRG;NO_Mazout_2040_;Positive dummy var for UC: NO_Mazout_2040;UCU;NRG;dummy;;;
N-Rnw_Constraints_ELC_TRA_RSD_COM;RW;-;NRG;UCSU_Com-SA_Gas_Share_CH_;Positive dummy var for UC: UCSU_Com-SA_Gas_Share_CH;UCU;NRG;dummy;;;
UC_objectifs_wam_panel;RW;-;NRG;UC_WAM_HP_COM_;Positive dummy var for UC: UC_WAM_HP_COM;UCU;NRG;dummy;;;
N-Rnw_Constraints_ELC_TRA_RSD_COM;RW;-;NRG;UCSU_Com-EN_Gas_Share_CH_;Positive dummy var for UC: UCSU_Com-EN_Gas_Share_CH;UCU;NRG;dummy;;;
moderations_Ref;RW;-;NRG;chp_conserve_exist_;Positive dummy var for UC: chp_conserve_exist;UCU;NRG;dummy;;;
moderations_Ref;RW;-;NRG;PV_resentiel_;Positive dummy var for UC: PV_resentiel;UCU;NRG;dummy;;;
UC_objectifs_wam_panel;RW;-;NRG;UC-HP_RSD_wam_COP_min_;Positive dummy var for UC: UC-HP_RSD_wam_COP_min;UCU;NRG;dummy;;;
moderations_Ref;RW;-;NRG;UC_switch_RSD_moderation_OIL_WEM_;Positive dummy var for UC: UC_switch_RSD_moderation_OIL_WEM;UCU;NRG;dummy;;;
moderations_Wam;RW;-;NRG;Uc_GAZ_commercial_WAM_;Positive dummy var for UC: Uc_GAZ_commercial_WAM;UCU;NRG;dummy;;;
N-Rnw_Constraints_ELC_TRA_RSD_COM;RW;-;NRG;UCSU_Rsd-4F_Gas_Share_RH_;Positive dummy var for UC: UCSU_Rsd-4F_Gas_Share_RH;UCU;NRG;dummy;;;
Rnw_Constraints_ELC_TRA_RSD_COM;RW;-;NRG;UC_Pvgreenfield_;Positive dummy var for UC: UC_Pvgreenfield;UCU;NRG;dummy;;;
N-Rnw_Constraints_ELC_TRA_RSD_COM;RW;-;NRG;UCA_MIN_RAD2F_;Positive dummy var for UC: UCA_MIN_RAD2F;UCU;NRG;dummy;;;
N-Rnw_Constraints_ELC_TRA_RSD_COM;RW;-;NRG;UCSU_Rsd-App_Gas_Share_RH_;Positive dummy var for UC: UCSU_Rsd-App_Gas_Share_RH;UCU;NRG;dummy;;;
UC_objectifs_wam_panel;RW;-;NRG;TRA_CAR_stop_thermique-;Negative dummy var for UC: TRA_CAR_stop_thermique;UCU;NRG;dummy;;;
N-Rnw_Constraints_ELC_TRA_RSD_COM;RW;-;NRG;UCA_MIN_RAD3F-;Negative dummy var for UC: UCA_MIN_RAD3F;UCU;NRG;dummy;;;
UC_objectifs_wam_panel;RW;-;NRG;UC_WAM_WOO_RSD_2030-;Negative dummy var for UC: UC_WAM_WOO_RSD_2030;UCU;NRG;dummy;;;
UC_objectifs_wam_panel;RW;-;NRG;NO_COA_2030-;Negative dummy var for UC: NO_COA_2030;UCU;NRG;dummy;;;
N-Rnw_Constraints_ELC_TRA_RSD_COM;RW;-;NRG;UCSU_Rsd-Cok_Gas_Share-;Negative dummy var for UC: UCSU_Rsd-Cok_Gas_Share;UCU;NRG;dummy;;;
Rnw_Constraints_ELC_TRA_RSD_COM;RW;-;NRG;Prod_max_sol_RSD-;Negative dummy var for UC: Prod_max_sol_RSD;UCU;NRG;dummy;;;
UC_objectifs_wam_panel;RW;-;NRG;UC_WAM_ELC_hyd-;Negative dummy var for UC: UC_WAM_ELC_hyd;UCU;NRG;dummy;;;
N-Rnw_Constraints_ELC_TRA_RSD_COM;RW;-;NRG;UCSU_Com-BP_Gas_ShareCC-;Negative dummy var for UC: UCSU_Com-BP_Gas_ShareCC;UCU;NRG;dummy;;;
moderations_Ref;RW;-;NRG;UC_Limitation_comb_solid_fossil-;Negative dummy var for UC: UC_Limitation_comb_solid_fossil;UCU;NRG;dummy;;;
N-Rnw_Constraints_ELC_TRA_RSD_COM;RW;-;NRG;UCSU_Com-Cok_Gas_Share-;Negative dummy var for UC: UCSU_Com-Cok_Gas_Share;UCU;NRG;dummy;;;
moderations_Wam;RW;-;NRG;Uc_gaz_com_up-;Negative dummy var for UC: Uc_gaz_com_up;UCU;NRG;dummy;;;
N-Rnw_Constraints_ELC_TRA_RSD_COM;RW;-;NRG;UCSU_Com-BA_Gas_Share_CH-;Negative dummy var for UC: UCSU_Com-BA_Gas_Share_CH;UCU;NRG;dummy;;;
N-Rnw_Constraints_ELC_TRA_RSD_COM;RW;-;NRG;UCSU_Com-BP_Gas_Share_CH-;Negative dummy var for UC: UCSU_Com-BP_Gas_Share_CH;UCU;NRG;dummy;;;
moderations_Wam;RW;-;NRG;UC_IND_moderation_biom-;Negative dummy var for UC: UC_IND_moderation_biom;UCU;NRG;dummy;;;
moderations_Wam;RW;-;NRG;Uc_limitation_HFO-;Negative dummy var for UC: Uc_limitation_HFO;UCU;NRG;dummy;;;
UC_objectifs_wam_panel;RW;-;NRG;UC_tra_car_ELC_WAM-;Negative dummy var for UC: UC_tra_car_ELC_WAM;UCU;NRG;dummy;;;
UC_objectifs_wam_panel;RW;-;NRG;TRA_TLCV_stop_thermique-;Negative dummy var for UC: TRA_TLCV_stop_thermique;UCU;NRG;dummy;;;
UC_objectifs_wam_panel;RW;-;NRG;Retrofit_C_WEM_BY+1-;Negative dummy var for UC: Retrofit_C_WEM_BY+1;UCU;NRG;dummy;;;
UC_objectifs_wam_panel;RW;-;NRG;UC_tra_bus_ELC-;Negative dummy var for UC: UC_tra_bus_ELC;UCU;NRG;dummy;;;
N-Rnw_Constraints_ELC_TRA_RSD_COM;RW;-;NRG;UCA_MIN_RADAP-;Negative dummy var for UC: UCA_MIN_RADAP;UCU;NRG;dummy;;;
N-Rnw_Constraints_ELC_TRA_RSD_COM;RW;-;NRG;UCSU_Com-CO_Gas_ShareCC-;Negative dummy var for UC: UCSU_Com-CO_Gas_ShareCC;UCU;NRG;dummy;;;
Rnw_Constraints_ELC_TRA_RSD_COM;RW;-;NRG;Prod_max_sol_COM-;Negative dummy var for UC: Prod_max_sol_COM;UCU;NRG;dummy;;;
moderations_Wam;RW;-;NRG;UC_Limitation_comb_solid_fossil-;Negative dummy var for UC: UC_Limitation_comb_solid_fossil;UCU;NRG;dummy;;;
N-Rnw_Constraints_ELC_TRA_RSD_COM;RW;-;NRG;UCSU_Rsd-3F_Gas_Share_RH-;Negative dummy var for UC: UCSU_Rsd-3F_Gas_Share_RH;UCU;NRG;dummy;;;
N-Rnw_Constraints_ELC_TRA_RSD_COM;RW;-;NRG;UCSU_Com-CS_Gas_Share_CW-;Negative dummy var for UC: UCSU_Com-CS_Gas_Share_CW;UCU;NRG;dummy;;;
UC_objectifs_wam_panel;RW;-;NRG;Retrofit_C_WEM-;Negative dummy var for UC: Retrofit_C_WEM;UCU;NRG;dummy;;;
N-Rnw_Constraints_ELC_TRA_RSD_COM;RW;-;NRG;UCSU_Rsd-4F_Gas_Share_RW-;Negative dummy var for UC: UCSU_Rsd-4F_Gas_Share_RW;UCU;NRG;dummy;;;
N-Rnw_Constraints_ELC_TRA_RSD_COM;RW;-;NRG;UCSU_Rsd-App_Gas_Share_RW-;Negative dummy var for UC: UCSU_Rsd-App_Gas_Share_RW;UCU;NRG;dummy;;;
UC_objectifs_wam_panel;RW;-;NRG;Tra_car_fiscalite_elc-;Negative dummy var for UC: Tra_car_fiscalite_elc;UCU;NRG;dummy;;;
N-Rnw_Constraints_ELC_TRA_RSD_COM;RW;-;NRG;UCSL_Cars_Medium-Upper_Share-;Negative dummy var for UC: UCSL_Cars_Medium-Upper_Share;UCU;NRG;dummy;;;
N-Rnw_Constraints_ELC_TRA_RSD_COM;RW;-;NRG;UCSU_Com-BP_Gas_Share_CW-;Negative dummy var for UC: UCSU_Com-BP_Gas_Share_CW;UCU;NRG;dummy;;;
moderations_Ref;RW;-;NRG;UC_IND_moderation_biom-;Negative dummy var for UC: UC_IND_moderation_biom;UCU;NRG;dummy;;;
UC_objectifs_wam_panel;RW;-;NRG;C-SER_limitation_fossil_New_maison-;Negative dummy var for UC: C-SER_limitation_fossil_New_maison;UCU;NRG;dummy;;;
UC_objectifs_wam_panel;RW;-;NRG;C-SER_limitation_fossil_New_Appart-;Negative dummy var for UC: C-SER_limitation_fossil_New_Appart;UCU;NRG;dummy;;;
moderations_Ref;RW;-;NRG;UC_switch_COM_moderation_OIL_WEM-;Negative dummy var for UC: UC_switch_COM_moderation_OIL_WEM;UCU;NRG;dummy;;;
N-Rnw_Constraints_ELC_TRA_RSD_COM;RW;-;NRG;UCSL_Truck14_28t_Share-;Negative dummy var for UC: UCSL_Truck14_28t_Share;UCU;NRG;dummy;;;
moderations_Wam;RW;-;NRG;UC_switch_COM_moderation_OIL_WAM-;Negative dummy var for UC: UC_switch_COM_moderation_OIL_WAM;UCU;NRG;dummy;;;
UC_objectifs_wam_panel;RW;-;NRG;UC-HP_RSD_wam-;Negative dummy var for UC: UC-HP_RSD_wam;UCU;NRG;dummy;;;
moderations_Wam;RW;-;NRG;CAP_wood_RSD-;Negative dummy var for UC: CAP_wood_RSD;UCU;NRG;dummy;;;
N-Rnw_Constraints_ELC_TRA_RSD_COM;RW;-;NRG;UCSU_Rsd-2F_Gas_Share_RW-;Negative dummy var for UC: UCSU_Rsd-2F_Gas_Share_RW;UCU;NRG;dummy;;;
N-Rnw_Constraints_ELC_TRA_RSD_COM;RW;-;NRG;UCSU_Com-BA_Gas_Share_CW-;Negative dummy var for UC: UCSU_Com-BA_Gas_Share_CW;UCU;NRG;dummy;;;
UC_objectifs_wam_panel;RW;-;NRG;UC_WAM_CONS_RSD_2050-;Negative dummy var for UC: UC_WAM_CONS_RSD_2050;UCU;NRG;dummy;;;
Rnw_Constraints_ELC_TRA_RSD_COM;RW;-;NRG;UC_Max_HP_potentiel_rsd-;Negative dummy var for UC: UC_Max_HP_potentiel_rsd;UCU;NRG;dummy;;;
N-Rnw_Constraints_ELC_TRA_RSD_COM;RW;-;NRG;UCSU_Com-BA_Gas_ShareCC-;Negative dummy var for UC: UCSU_Com-BA_Gas_ShareCC;UCU;NRG;dummy;;;
N-Rnw_Constraints_ELC_TRA_RSD_COM;RW;-;NRG;UCSU_Com-CO_Gas_Share_CW-;Negative dummy var for UC: UCSU_Com-CO_Gas_Share_CW;UCU;NRG;dummy;;;
UC_objectifs_wam_panel;RW;-;NRG;UC_tra_pass_DST-;Negative dummy var for UC: UC_tra_pass_DST;UCU;NRG;dummy;;;
UC_objectifs_wam_panel;RW;-;NRG;UC_WAM_HP_COM_2030-;Negative dummy var for UC: UC_WAM_HP_COM_2030;UCU;NRG;dummy;;;
Rnw_Constraints_ELC_TRA_RSD_COM;RW;-;NRG;Uc_Max_HP_potentiel_Ind_IPP-;Negative dummy var for UC: Uc_Max_HP_potentiel_Ind_IPP;UCU;NRG;dummy;;;
N-Rnw_Constraints_ELC_TRA_RSD_COM;RW;-;NRG;UCSU_Com-CS_Gas_Share_CH-;Negative dummy var for UC: UCSU_Com-CS_Gas_Share_CH;UCU;NRG;dummy;;;
UC_objectifs_wam_panel;RW;-;NRG;UC_WAM_ELC_WIN-;Negative dummy var for UC: UC_WAM_ELC_WIN;UCU;NRG;dummy;;;
SUP-BioFuels;RW;SUP;.NRG.;SUPHET;production de chaleur (SUP);PJ;NRG;;;;
N-Rnw_Constraints_ELC_TRA_RSD_COM;RW;-;NRG;UCSU_Rsd-3F_Gas_Share_RW-;Negative dummy var for UC: UCSU_Rsd-3F_Gas_Share_RW;UCU;NRG;dummy;;;
Rnw_Constraints_ELC_TRA_RSD_COM;RW;-;NRG;Uc_Max_HP_potentiel_Ind_ICH-;Negative dummy var for UC: Uc_Max_HP_potentiel_Ind_ICH;UCU;NRG;dummy;;;
N-Rnw_Constraints_ELC_TRA_RSD_COM;RW;-;NRG;UCSL_Cars_Mediumn-Lower_Share-;Negative dummy var for UC: UCSL_Cars_Mediumn-Lower_Share;UCU;NRG;dummy;;;
UC_objectifs_wam_panel;RW;-;NRG;UC_WAM_GEO_puits-;Negative dummy var for UC: UC_WAM_GEO_puits;UCU;NRG;dummy;;;
UC_objectifs_wam_panel;RW;-;NRG;UC_WAM_CONS_RSD_2040-;Negative dummy var for UC: UC_WAM_CONS_RSD_2040;UCU;NRG;dummy;;;
N-Rnw_Constraints_ELC_TRA_RSD_COM;RW;-;NRG;UCSU_Com-SA_Gas_ShareCC-;Negative dummy var for UC: UCSU_Com-SA_Gas_ShareCC;UCU;NRG;dummy;;;
UC_objectifs_wam_panel;RW;-;NRG;UC_WAM_CONS_RSD_2030-;Negative dummy var for UC: UC_WAM_CONS_RSD_2030;UCU;NRG;dummy;;;
N-Rnw_Constraints_ELC_TRA_RSD_COM;RW;-;NRG;UCSL_Trucks14t_Share-;Negative dummy var for UC: UCSL_Trucks14t_Share;UCU;NRG;dummy;;;
moderations_Ref;RW;-;NRG;CAP_wood_COM-;Negative dummy var for UC: CAP_wood_COM;UCU;NRG;dummy;;;
moderations_Wam;RW;-;NRG;Moderation_CHP_ind-;Negative dummy var for UC: Moderation_CHP_ind;UCU;NRG;dummy;;;
UC_objectifs_wam_panel;RW;-;NRG;UC_WAM_reno_rsd-;Negative dummy var for UC: UC_WAM_reno_rsd;UCU;NRG;dummy;;;
moderations_Ref;RW;-;NRG;CAP_wood_RSD-;Negative dummy var for UC: CAP_wood_RSD;UCU;NRG;dummy;;;
UC_objectifs_wam_panel;RW;-;NRG;UC_tra_car_HYB-;Negative dummy var for UC: UC_tra_car_HYB;UCU;NRG;dummy;;;
moderations_Wam;RW;-;NRG;UC_share_conso_HET-;Negative dummy var for UC: UC_share_conso_HET;UCU;NRG;dummy;;;
N-Rnw_Constraints_ELC_TRA_RSD_COM;RW;-;NRG;UCA_MIN_RAD4F-;Negative dummy var for UC: UCA_MIN_RAD4F;UCU;NRG;dummy;;;
N-Rnw_Constraints_ELC_TRA_RSD_COM;RW;-;NRG;UCSU_Rsd-2F_Gas_Share_RH-;Negative dummy var for UC: UCSU_Rsd-2F_Gas_Share_RH;UCU;NRG;dummy;;;
N-Rnw_Constraints_ELC_TRA_RSD_COM;RW;-;NRG;UCSU_Com-CO_Gas_Share_CH-;Negative dummy var for UC: UCSU_Com-CO_Gas_Share_CH;UCU;NRG;dummy;;;
N-Rnw_Constraints_ELC_TRA_RSD_COM;RW;-;NRG;UCSL_CarsSmall_Share-;Negative dummy var for UC: UCSL_CarsSmall_Share;UCU;NRG;dummy;;;
N-Rnw_Constraints_ELC_TRA_RSD_COM;RW;-;NRG;UCSU_Com-CS_Gas_ShareCC-;Negative dummy var for UC: UCSU_Com-CS_Gas_ShareCC;UCU;NRG;dummy;;;
N-Rnw_Constraints_ELC_TRA_RSD_COM;RW;-;NRG;UCSU_Com-EN_Gas_Share_CW-;Negative dummy var for UC: UCSU_Com-EN_Gas_Share_CW;UCU;NRG;dummy;;;
Rnw_Constraints_ELC_TRA_RSD_COM;RW;-;NRG;UC_Max_HP_potentiel_com-;Negative dummy var for UC: UC_Max_HP_potentiel_com;UCU;NRG;dummy;;;
moderations_Wam;RW;-;NRG;UC_share_conso_HET_2-;Negative dummy var for UC: UC_share_conso_HET_2;UCU;NRG;dummy;;;
UC_objectifs_wam_panel;RW;-;NRG;UC_WAM_WOO_COM_2030-;Negative dummy var for UC: UC_WAM_WOO_COM_2030;UCU;NRG;dummy;;;
UC_objectifs_wam_panel;RW;-;NRG;UC_WAM_ELC_Biom_post2030-;Negative dummy var for UC: UC_WAM_ELC_Biom_post2030;UCU;NRG;dummy;;;
N-Rnw_Constraints_ELC_TRA_RSD_COM;RW;-;NRG;UCSL_Cars_Executive_Share-;Negative dummy var for UC: UCSL_Cars_Executive_Share;UCU;NRG;dummy;;;
moderations_Wam;RW;-;NRG;chp_conserve_exist-;Negative dummy var for UC: chp_conserve_exist;UCU;NRG;dummy;;;
N-Rnw_Constraints_ELC_TRA_RSD_COM;RW;-;NRG;UCSL_Truck40_50t_Share-;Negative dummy var for UC: UCSL_Truck40_50t_Share;UCU;NRG;dummy;;;
Rnw_Constraints_ELC_TRA_RSD_COM;RW;-;NRG;Uc_Max_HP_potentiel_Ind_IOI-;Negative dummy var for UC: Uc_Max_HP_potentiel_Ind_IOI;UCU;NRG;dummy;;;
moderations_Wam;RW;-;NRG;UC_switch_RSD_moderation_OIL_WAM-;Negative dummy var for UC: UC_switch_RSD_moderation_OIL_WAM;UCU;NRG;dummy;;;
UC_objectifs_wam_panel;RW;-;NRG;UC_WAM_ELC_Biom-;Negative dummy var for UC: UC_WAM_ELC_Biom;UCU;NRG;dummy;;;
N-Rnw_Constraints_ELC_TRA_RSD_COM;RW;-;NRG;UCSU_Com-SA_Gas_Share_CW-;Negative dummy var for UC: UCSU_Com-SA_Gas_Share_CW;UCU;NRG;dummy;;;
UC_objectifs_wam_panel;RW;-;NRG;UC_WAM_ELC_PV-;Negative dummy var for UC: UC_WAM_ELC_PV;UCU;NRG;dummy;;;
UC_objectifs_wam_panel;RW;-;NRG;UC_WAM_HET_com-;Negative dummy var for UC: UC_WAM_HET_com;UCU;NRG;dummy;;;
moderations_Wam;RW;-;NRG;CAP_wood_COM-;Negative dummy var for UC: CAP_wood_COM;UCU;NRG;dummy;;;
UC_objectifs_wam_panel;RW;-;NRG;UC_WAM_CONS_COM-;Negative dummy var for UC: UC_WAM_CONS_COM;UCU;NRG;dummy;;;
N-Rnw_Constraints_ELC_TRA_RSD_COM;RW;-;NRG;UCSL_Truck28_40t_Share-;Negative dummy var for UC: UCSL_Truck28_40t_Share;UCU;NRG;dummy;;;
Rnw_Constraints_ELC_TRA_RSD_COM;RW;-;NRG;Uc_Max_HP_potentiel_Ind_IOF-;Negative dummy var for UC: Uc_Max_HP_potentiel_Ind_IOF;UCU;NRG;dummy;;;
N-Rnw_Constraints_ELC_TRA_RSD_COM;RW;-;NRG;UCSU_Com-EN_Gas_ShareCC-;Negative dummy var for UC: UCSU_Com-EN_Gas_ShareCC;UCU;NRG;dummy;;;
Rnw_Constraints_ELC_TRA_RSD_COM;RW;-;NRG;UC_HP_nw_stat-;Negative dummy var for UC: UC_HP_nw_stat;UCU;NRG;dummy;;;
UC_objectifs_wam_panel;RW;-;NRG;NO_Mazout_2040-;Negative dummy var for UC: NO_Mazout_2040;UCU;NRG;dummy;;;
N-Rnw_Constraints_ELC_TRA_RSD_COM;RW;-;NRG;UCSU_Com-SA_Gas_Share_CH-;Negative dummy var for UC: UCSU_Com-SA_Gas_Share_CH;UCU;NRG;dummy;;;
UC_objectifs_wam_panel;RW;-;NRG;UC_WAM_HP_COM-;Negative dummy var for UC: UC_WAM_HP_COM;UCU;NRG;dummy;;;
N-Rnw_Constraints_ELC_TRA_RSD_COM;RW;-;NRG;UCSU_Com-EN_Gas_Share_CH-;Negative dummy var for UC: UCSU_Com-EN_Gas_Share_CH;UCU;NRG;dummy;;;
moderations_Ref;RW;-;NRG;chp_conserve_exist-;Negative dummy var for UC: chp_conserve_exist;UCU;NRG;dummy;;;
moderations_Ref;RW;-;NRG;PV_resentiel-;Negative dummy var for UC: PV_resentiel;UCU;NRG;dummy;;;
UC_objectifs_wam_panel;RW;-;NRG;UC-HP_RSD_wam_COP_min-;Negative dummy var for UC: UC-HP_RSD_wam_COP_min;UCU;NRG;dummy;;;
moderations_Ref;RW;-;NRG;UC_switch_RSD_moderation_OIL_WEM-;Negative dummy var for UC: UC_switch_RSD_moderation_OIL_WEM;UCU;NRG;dummy;;;
moderations_Wam;RW;-;NRG;Uc_GAZ_commercial_WAM-;Negative dummy var for UC: Uc_GAZ_commercial_WAM;UCU;NRG;dummy;;;
N-Rnw_Constraints_ELC_TRA_RSD_COM;RW;-;NRG;UCSU_Rsd-4F_Gas_Share_RH-;Negative dummy var for UC: UCSU_Rsd-4F_Gas_Share_RH;UCU;NRG;dummy;;;
Rnw_Constraints_ELC_TRA_RSD_COM;RW;-;NRG;UC_Pvgreenfield-;Negative dummy var for UC: UC_Pvgreenfield;UCU;NRG;dummy;;;
N-Rnw_Constraints_ELC_TRA_RSD_COM;RW;-;NRG;UCA_MIN_RAD2F-;Negative dummy var for UC: UCA_MIN_RAD2F;UCU;NRG;dummy;;;
N-Rnw_Constraints_ELC_TRA_RSD_COM;RW;-;NRG;UCSU_Rsd-App_Gas_Share_RH-;Negative dummy var for UC: UCSU_Rsd-App_Gas_Share_RH;UCU;NRG;dummy;;;
WEM_ART_7;RW;-;NRG;TRA_CAR_stop_thermique_;Positive dummy var for UC: TRA_CAR_stop_thermique;UCU;NRG;dummy;;;
RSD_Retrofits;RW;RSD;.NRG.;Dum-Retrofit-F_R_4Fac1945;Dummy Commodity Retrofit-F_R_4Fac1945;Mm2;NRG;;;;
COM_Retrofits2;RW;COM;.NRG.;Dum-Retrofit-S_C_EN;Dum-Retrofit-S_C_EN;Mm2;NRG;;;;
RSD_Retrofits;RW;RSD;.NRG.;Dum-Retrofit-M_R_2Fac2005;Dummy Commodity Retrofit-M_R_2Fac2005;Mm2;NRG;;;;
RSD_Retrofits;RW;RSD;.NRG.;Dum-Retrofit-M_R_Appa2005;Dummy Commodity Retrofit-M_R_Appa2005;Mm2;NRG;;;;
TECHS_HYDROGEN;RW;SUP;.NRG.;AUX_STH2SGT;Aux input STH2SGT;PJ;NRG;;FX;DAYNITE;
COM_Retrofits2;RW;COM;.NRG.;Dum-Retrofit-F_C_EN;Dum-Retrofit-F_C_EN;Mm2;NRG;;;;
RSD_Retrofits;RW;RSD;.NRG.;Dum-Retrofit-F_R_3Fac1989;Dummy Commodity Retrofit-F_R_3Fac1989;Mm2;NRG;;;;
SUP-CarbonStorage;RW;Feuil1;.NRG.;ELCECH4;ech4 synthetise ELC;PJ;NRG;;;;
RSD_Retrofits;RW;RSD;.NRG.;Dum-Retrofit-F_R_Appa1989;Dummy Commodity Retrofit-F_R_Appa1989;Mm2;NRG;;;;
RSD_Retrofits;RW;RSD;.NRG.;Dum-Retrofit-M_R_2Fac1989;Dummy Commodity Retrofit-M_R_2Fac1989;Mm2;NRG;;;;
TECHS_HYDROGEN;RW;SUP;.NRG.;SYNH2CU;Centralized hydrogen (Underground storage);PJ;NRG;;FX;DAYNITE;
COM_Retrofits2;RW;COM;.NRG.;Dum-Retrofit-T_C_BP;Dum-Retrofit-T_C_BP;Mm2;NRG;;;;
SUP-BioFuels;RW;SUP;.NRG.;BIOGLY;Bio glycerol;PJ;NRG;;;;
RSD_Retrofits;RW;RSD;.NRG.;Dum-Retrofit-F_R_3Fac1945;Dummy Commodity Retrofit-F_R_3Fac1945;Mm2;NRG;;;;
RSD_Retrofits;RW;RSD;.NRG.;Dum-Retrofit-T_R_4Fac1989;Dummy Commodity Retrofit-T_R_4Fac1989;Mm2;NRG;;;;
RSD_Retrofits;RW;RSD;.NRG.;Dum-Retrofit-F_R_Appa2005;Dummy Commodity Retrofit-F_R_Appa2005;Mm2;NRG;;;;
RSD_Retrofits;RW;RSD;.NRG.;Dum-Retrofit-M_R_4Fac1976;Dummy Commodity Retrofit-M_R_4Fac1976;Mm2;NRG;;;;
SUP-BioFuels;RW;SUP;.NRG.;BIOSTIL;Stillage;PJ;NRG;;;;
RSD_Retrofits;RW;RSD;.NRG.;Dum-Retrofit-M_R_Appa1989;Dummy Commodity Retrofit-M_R_Appa1989;Mm2;NRG;;;;
TECHS_HYDROGEN;RW;SUP;.NRG.;SYNH2DT;Decentralized hydrogen (Tank storage);PJ;NRG;;FX;DAYNITE;
RSD_Retrofits;RW;RSD;.NRG.;Dum-Retrofit-T_R_Appa1989;Dummy Commodity Retrofit-T_R_Appa1989;Mm2;NRG;;;;
RSD_Retrofits;RW;RSD;.NRG.;Dum-Retrofit-F_R_2Fac1958;Dummy Commodity Retrofit-F_R_2Fac1958;Mm2;NRG;;;;
RSD_Retrofits;RW;RSD;.NRG.;Dum-Retrofit-M_R_3Fac1958;Dummy Commodity Retrofit-M_R_3Fac1958;Mm2;NRG;;;;
RSD_Retrofits;RW;RSD;.NRG.;Dum-Retrofit-S_R_3Fac2005;Dummy Commodity Retrofit-S_R_3Fac2005;Mm2;NRG;;;;
RSD_Retrofits;RW;RSD;.NRG.;Dum-Retrofit-T_R_Appa1958;Dummy Commodity Retrofit-T_R_Appa1958;Mm2;NRG;;;;
RSD_Retrofits;RW;RSD;.NRG.;Dum-Retrofit-M_R_3Fac1989;Dummy Commodity Retrofit-M_R_3Fac1989;Mm2;NRG;;;;
RSD_Retrofits;RW;RSD;.NRG.;Dum-Retrofit-T_R_3Fac1976;Dummy Commodity Retrofit-T_R_3Fac1976;Mm2;NRG;;;;
TECHS_HYDROGEN;RW;SUP;.NRG.;DUMSTOR;Dummy commodity in input to the accompaning tech to represent power;PJ;NRG;;;DAYNITE;
RSD_Retrofits;RW;RSD;.NRG.;Dum-Retrofit-T_R_Appa2005;Dummy Commodity Retrofit-T_R_Appa2005;Mm2;NRG;;;;
RSD_Retrofits;RW;RSD;.NRG.;Dum-Retrofit-S_R_4Fac1958;Dummy Commodity Retrofit-S_R_4Fac1958;Mm2;NRG;;;;
RSD_Retrofits;RW;RSD;.NRG.;Dum-Retrofit-S_R_Appa1945;Dummy Commodity Retrofit-S_R_Appa1945;Mm2;NRG;;;;
COM-NewTechs_V02;RW;COM;.NRG.;COMGHT;Commercial Ground Heat;PJ;NRG;;;;
RSD_Retrofits;RW;RSD;.NRG.;Dum-Retrofit-S_R_4Fac1976;Dummy Commodity Retrofit-S_R_4Fac1976;Mm2;NRG;;;;
COM_Retrofits2;RW;COM;.NRG.;Dum-Retrofit-M_C_CS;Dum-Retrofit-M_C_CS;Mm2;NRG;;;;
RSD_Retrofits;RW;RSD;.NRG.;Dum-Retrofit-T_R_Appa1976;Dummy Commodity Retrofit-T_R_Appa1976;Mm2;NRG;;;;
RSD_Retrofits;RW;RSD;.NRG.;Dum-Retrofit-M_R_4Fac1989;Dummy Commodity Retrofit-M_R_4Fac1989;Mm2;NRG;;;;
RSD_Retrofits;RW;RSD;.NRG.;Dum-Retrofit-M_R_Appa1945;Dummy Commodity Retrofit-M_R_Appa1945;Mm2;NRG;;;;
SUP-BioFuels;RW;SUP;.NRG.;SUPGZH;Biogaz épuré;PJ;NRG;;;;
RSD_Retrofits;RW;RSD;.NRG.;Dum-Retrofit-M_R_3Fac2005;Dummy Commodity Retrofit-M_R_3Fac2005;Mm2;NRG;;;;
COM_Retrofits2;RW;COM;.NRG.;Dum-Retrofit-F_C_CS;Dum-Retrofit-F_C_CS;Mm2;NRG;;;;
TECHS_HYDROGEN;RW;IMP;.NRG.;SUPIMPH2;imported hydrogen;PJ;NRG;;;DAYNITE;
RSD_Retrofits;RW;RSD;.NRG.;Dum-Retrofit-S_R_3Fac1976;Dummy Commodity Retrofit-S_R_3Fac1976;Mm2;NRG;;;;
RSD_Retrofits;RW;RSD;.NRG.;Dum-Retrofit-S_R_Appa1958;Dummy Commodity Retrofit-S_R_Appa1958;Mm2;NRG;;;;
MMR_WAM;RW;-;NRG;IND_bilan20_OIL_;Positive dummy var for UC: IND_bilan20_OIL;UCU;NRG;dummy;;;
RSD_Retrofits;RW;RSD;.NRG.;Dum-Retrofit-S_R_2Fac1989;Dummy Commodity Retrofit-S_R_2Fac1989;Mm2;NRG;;;;
RSD_Retrofits;RW;RSD;.NRG.;Dum-Retrofit-M_R_4Fac1958;Dummy Commodity Retrofit-M_R_4Fac1958;Mm2;NRG;;;;
RSD_Retrofits;RW;RSD;.NRG.;Dum-Retrofit-S_R_2Fac1945;Dummy Commodity Retrofit-S_R_2Fac1945;Mm2;NRG;;;;
RSD_Retrofits;RW;RSD;.NRG.;Dum-Retrofit-M_R_3Fac1976;Dummy Commodity Retrofit-M_R_3Fac1976;Mm2;NRG;;;;
RSD_Retrofits;RW;RSD;.NRG.;Dum-Retrofit-M_R_2Fac1976;Dummy Commodity Retrofit-M_R_2Fac1976;Mm2;NRG;;;;
RSD_Retrofits;RW;RSD;.NRG.;Dum-Retrofit-T_R_3Fac1945;Dummy Commodity Retrofit-T_R_3Fac1945;Mm2;NRG;;;;
RSD_Retrofits;RW;RSD;.NRG.;Dum-Retrofit-S_R_Appa1976;Dummy Commodity Retrofit-S_R_Appa1976;Mm2;NRG;;;;
RSD_Retrofits;RW;RSD;.NRG.;Dum-Retrofit-S_R_4Fac1945;Dummy Commodity Retrofit-S_R_4Fac1945;Mm2;NRG;;;;
RSD_Retrofits;RW;RSD;.NRG.;Dum-Retrofit-F_R_3Fac1958;Dummy Commodity Retrofit-F_R_3Fac1958;Mm2;NRG;;;;
COM_Retrofits2;RW;COM;.NRG.;Dum-Retrofit-M_C_BA;Dum-Retrofit-M_C_BA;Mm2;NRG;;;;
RSD_Retrofits;RW;RSD;.NRG.;Dum-Retrofit-T_R_4Fac1976;Dummy Commodity Retrofit-T_R_4Fac1976;Mm2;NRG;;;;
RSD_Retrofits;RW;RSD;.NRG.;Dum-Retrofit-M_R_2Fac1945;Dummy Commodity Retrofit-M_R_2Fac1945;Mm2;NRG;;;;
SUP-CarbonStorage;RW;Feuil1;.MAT.;INDCO2U;Industry: CO2 for use;kt;MAT;;FX;ANNUAL;
COM_Retrofits2;RW;COM;.NRG.;Dum-Retrofit-S_C_BA;Dum-Retrofit-S_C_BA;Mm2;NRG;;;;
COM_Retrofits2;RW;COM;.NRG.;Dum-Retrofit-S_C_CO;Dum-Retrofit-S_C_CO;Mm2;NRG;;;;
RSD_Retrofits;RW;RSD;.NRG.;Dum-Retrofit-T_R_3Fac1958;Dummy Commodity Retrofit-T_R_3Fac1958;Mm2;NRG;;;;
RSD_Retrofits;RW;RSD;.NRG.;Dum-Retrofit-T_R_2Fac2005;Dummy Commodity Retrofit-T_R_2Fac2005;Mm2;NRG;;;;
RSD_Retrofits;RW;RSD;.NRG.;Dum-Retrofit-M_R_4Fac2005;Dummy Commodity Retrofit-M_R_4Fac2005;Mm2;NRG;;;;
SUP-BioFuels;RW;SUP;.NRG.;BIOPLPOIL;Bio oil pulp;PJ;NRG;;;;
TECHS_HYDROGEN;RW;SUP;.NRG.;AUX_STH2SUG;Aux input STH2SUG;PJ;NRG;;FX;DAYNITE;
RSD_Retrofits;RW;RSD;.NRG.;Dum-Retrofit-M_R_Appa1958;Dummy Commodity Retrofit-M_R_Appa1958;Mm2;NRG;;;;
RSD_Retrofits;RW;RSD;.NRG.;Dum-Retrofit-F_R_3Fac1976;Dummy Commodity Retrofit-F_R_3Fac1976;Mm2;NRG;;;;
COM_Retrofits2;RW;COM;.NRG.;Dum-Retrofit-M_C_SA;Dum-Retrofit-M_C_SA;Mm2;NRG;;;;
COM_Retrofits2;RW;COM;.NRG.;Dum-Retrofit-F_C_CO;Dum-Retrofit-F_C_CO;Mm2;NRG;;;;
COM_Retrofits2;RW;COM;.NRG.;Dum-Retrofit-T_C_CS;Dum-Retrofit-T_C_CS;Mm2;NRG;;;;
UC_Retrofit_StratReno;RW;-;NRG;Retrofit_Max-S_C_CS_;Positive dummy var for UC: Retrofit_Max-S_C_CS;UCU;NRG;dummy;;;
RSD_Retrofits;RW;RSD;.NRG.;Dum-Retrofit-F_R_4Fac1976;Dummy Commodity Retrofit-F_R_4Fac1976;Mm2;NRG;;;;
SUP-BioFuels;RW;SUP;.NRG.;BIOPLPBEET;Bio beet pulp;PJ;NRG;;;;
TECHS_HYDROGEN;RW;SUP;.NRG.;TRALH2;TRALH2 (TRA);PJ;NRG;;;DAYNITE;
COM_Retrofits2;RW;COM;.NRG.;Dum-Retrofit-M_C_EN;Dum-Retrofit-M_C_EN;Mm2;NRG;;;;
COM_Retrofits2;RW;COM;.NRG.;Dum-Retrofit-T_C_SA;Dum-Retrofit-T_C_SA;Mm2;NRG;;;;
COM_Retrofits2;RW;COM;.NRG.;Dum-Retrofit-T_C_BA;Dum-Retrofit-T_C_BA;Mm2;NRG;;;;
RSD_Retrofits;RW;RSD;.NRG.;Dum-Retrofit-M_R_4Fac1945;Dummy Commodity Retrofit-M_R_4Fac1945;Mm2;NRG;;;;
COM_Retrofits2;RW;COM;.NRG.;Dum-Retrofit-M_C_CO;Dum-Retrofit-M_C_CO;Mm2;NRG;;;;
RSD_Retrofits;RW;RSD;.NRG.;Dum-Retrofit-F_R_3Fac2005;Dummy Commodity Retrofit-F_R_3Fac2005;Mm2;NRG;;;;
COM_Retrofits2;RW;COM;.NRG.;Dum-Retrofit-S_C_BP;Dum-Retrofit-S_C_BP;Mm2;NRG;;;;
RSD_Retrofits;RW;RSD;.NRG.;Dum-Retrofit-F_R_2Fac1945;Dummy Commodity Retrofit-F_R_2Fac1945;Mm2;NRG;;;;
RSD_Retrofits;RW;RSD;.NRG.;Dum-Retrofit-F_R_Appa1958;Dummy Commodity Retrofit-F_R_Appa1958;Mm2;NRG;;;;
RSD_Retrofits;RW;RSD;.NRG.;Dum-Retrofit-F_R_4Fac1958;Dummy Commodity Retrofit-F_R_4Fac1958;Mm2;NRG;;;;
TECHS_HYDROGEN;RW;SUP;.NRG.;TRAGH2;TRAGH2 (TRA);PJ;NRG;;;DAYNITE;
TECHS_HYDROGEN;RW;SUP;.NRG.;AUX_STECH4IMP;AUX_STECH4IMP;PJ;NRG;;FX;DAYNITE;
RSD_Retrofits;RW;RSD;.NRG.;Dum-Retrofit-F_R_2Fac1989;Dummy Commodity Retrofit-F_R_2Fac1989;Mm2;NRG;;;;
COM_Retrofits2;RW;COM;.NRG.;Dum-Retrofit-F_C_BP;Dum-Retrofit-F_C_BP;Mm2;NRG;;;;
TECHS_HYDROGEN;RW;SUP;.NRG.;SYNH2CT;Centralized hydrogen (Tank storage);PJ;NRG;;FX;DAYNITE;
RSD_Retrofits;RW;RSD;.NRG.;Dum-Retrofit-S_R_4Fac2005;Dummy Commodity Retrofit-S_R_4Fac2005;Mm2;NRG;;;;
RSD_Retrofits;RW;RSD;.NRG.;Dum-Retrofit-M_R_3Fac1945;Dummy Commodity Retrofit-M_R_3Fac1945;Mm2;NRG;;;;
RSD_Retrofits;RW;RSD;.NRG.;Dum-Retrofit-F_R_Appa1976;Dummy Commodity Retrofit-F_R_Appa1976;Mm2;NRG;;;;
TECHS_HYDROGEN;RW;SUP;.NRG.;RSDHH2;RSDHH2;PJ;NRG;;;DAYNITE;
RSD_Retrofits;RW;RSD;.NRG.;Dum-Retrofit-S_R_Appa1989;Dummy Commodity Retrofit-S_R_Appa1989;Mm2;NRG;;;;
TECHS_HYDROGEN;RW;SUP;.NRG.;INDHH2;INDHH2;PJ;NRG;;;DAYNITE;
COM-NewTechs_V02;RW;COM;.NRG.;CHCODUM;Commercial Dummy heat commodity-CHCO;PJ;NRG;;;;
TECHS_HYDROGEN;RW;SUP;.NRG.;SYNH2DT;Decentralized hydrogen (Tank storage);PJ;NRG;;FX;DAYNITE;
COM_Retrofits2;RW;COM;.NRG.;Dum-Retrofit-F_C_BA;Dum-Retrofit-F_C_BA;Mm2;NRG;;;;
RSD_Retrofits;RW;RSD;.NRG.;Dum-Retrofit-F_R_Appa1945;Dummy Commodity Retrofit-F_R_Appa1945;Mm2;NRG;;;;
RSD_Retrofits;RW;RSD;.NRG.;Dum-Retrofit-S_R_Appa2005;Dummy Commodity Retrofit-S_R_Appa2005;Mm2;NRG;;;;
SUP-BioFuels;RW;SUP;.NRG.;BIORPOIL;Rape seed oil;PJ;NRG;;;;
RSD_Retrofits;RW;RSD;.NRG.;Dum-Retrofit-F_R_2Fac1976;Dummy Commodity Retrofit-F_R_2Fac1976;Mm2;NRG;;;;
TECHS_HYDROGEN;RW;IMP;.NRG.;MOLECH4;MOLECH4;PJ;NRG;;;;
TECHS_HYDROGEN;RW;SUP;.NRG.;AUX_STH2SDT;Aux input STH2SDT;PJ;NRG;;FX;DAYNITE;
RSD_Retrofits;RW;RSD;.NRG.;Dum-Retrofit-T_R_2Fac1945;Dummy Commodity Retrofit-T_R_2Fac1945;Mm2;NRG;;;;
RSD_Retrofits;RW;RSD;.NRG.;Dum-Retrofit-T_R_3Fac1989;Dummy Commodity Retrofit-T_R_3Fac1989;Mm2;NRG;;;;
SUP-CarbonStorage;RW;Feuil1;.NRG.;INDECH4;ech4 synthetise IND;PJ;NRG;;;;
SUP-CarbonStorage;RW;Feuil1;.MAT.;CO2STOCK;Supply - Carbon captured;kt;MAT;;FX;ANNUAL;
TECHS_HYDROGEN;RW;SUP;.NRG.;AUX_STH2IMP;AUX_STH2IMP;PJ;NRG;;FX;DAYNITE;
TECHS_HYDROGEN;RW;SUP;.MAT.;MEOXY;MEOXY;Mt;MAT;;;;
COM-NewTechs_V02;RW;COM;.NRG.;CHCSDUM;Commercial Dummy heat commodity-CHCS;PJ;NRG;;;;
RSD_Retrofits;RW;RSD;.NRG.;Dum-Retrofit-S_R_2Fac2005;Dummy Commodity Retrofit-S_R_2Fac2005;Mm2;NRG;;;;
RSD_Retrofits;RW;RSD;.NRG.;Dum-Retrofit-S_R_4Fac1989;Dummy Commodity Retrofit-S_R_4Fac1989;Mm2;NRG;;;;
RSD_Retrofits;RW;RSD;.NRG.;Dum-Retrofit-T_R_2Fac1958;Dummy Commodity Retrofit-T_R_2Fac1958;Mm2;NRG;;;;
RSD_Retrofits;RW;RSD;.NRG.;Dum-Retrofit-S_R_3Fac1989;Dummy Commodity Retrofit-S_R_3Fac1989;Mm2;NRG;;;;
RSD_Retrofits;RW;RSD;.NRG.;Dum-Retrofit-T_R_3Fac2005;Dummy Commodity Retrofit-T_R_3Fac2005;Mm2;NRG;;;;
COM-NewTechs_V02;RW;COM;.NRG.;CHSADUM;Commercial Dummy heat commodity-CHSA;PJ;NRG;;;;
RSD_Retrofits;RW;RSD;.NRG.;Dum-Retrofit-T_R_4Fac2005;Dummy Commodity Retrofit-T_R_4Fac2005;Mm2;NRG;;;;
RSD_Retrofits;RW;RSD;.NRG.;Dum-Retrofit-M_R_2Fac1958;Dummy Commodity Retrofit-M_R_2Fac1958;Mm2;NRG;;;;
RSD_Retrofits;RW;RSD;.NRG.;Dum-Retrofit-T_R_4Fac1945;Dummy Commodity Retrofit-T_R_4Fac1945;Mm2;NRG;;;;
RSD_Retrofits;RW;RSD;.NRG.;Dum-Retrofit-S_R_3Fac1958;Dummy Commodity Retrofit-S_R_3Fac1958;Mm2;NRG;;;;
COM_Retrofits2;RW;COM;.NRG.;Dum-Retrofit-T_C_EN;Dum-Retrofit-T_C_EN;Mm2;NRG;;;;
COM_Retrofits2;RW;COM;.NRG.;Dum-Retrofit-M_C_BP;Dum-Retrofit-M_C_BP;Mm2;NRG;;;;
COM_Retrofits2;RW;COM;.NRG.;Dum-Retrofit-S_C_SA;Dum-Retrofit-S_C_SA;Mm2;NRG;;;;
RSD_Retrofits;RW;RSD;.NRG.;Dum-Retrofit-F_R_2Fac2005;Dummy Commodity Retrofit-F_R_2Fac2005;Mm2;NRG;;;;
RSD_Retrofits;RW;RSD;.NRG.;Dum-Retrofit-M_R_Appa1976;Dummy Commodity Retrofit-M_R_Appa1976;Mm2;NRG;;;;
RSD_Retrofits;RW;RSD;.NRG.;Dum-Retrofit-T_R_Appa1945;Dummy Commodity Retrofit-T_R_Appa1945;Mm2;NRG;;;;
TECHS_HYDROGEN;RW;SUP;.NRG.;SYNH2CU;Centralized hydrogen (Underground storage);PJ;NRG;;FX;DAYNITE;
RSD_Retrofits;RW;RSD;.NRG.;Dum-Retrofit-S_R_3Fac1945;Dummy Commodity Retrofit-S_R_3Fac1945;Mm2;NRG;;;;
COM_Retrofits2;RW;COM;.NRG.;Dum-Retrofit-T_C_CO;Dum-Retrofit-T_C_CO;Mm2;NRG;;;;
TECHS_HYDROGEN;RW;SUP;.NRG.;SYNH2CT;Centralized hydrogen (Tank storage);PJ;NRG;;FX;DAYNITE;
COM-NewTechs_V02;RW;COM;.NRG.;COMAHT;Commercial Ambient Heat;PJ;NRG;;;;
RSD_Retrofits;RW;RSD;.NRG.;Dum-Retrofit-F_R_4Fac2005;Dummy Commodity Retrofit-F_R_4Fac2005;Mm2;NRG;;;;
RSD_Retrofits;RW;RSD;.NRG.;Dum-Retrofit-T_R_4Fac1958;Dummy Commodity Retrofit-T_R_4Fac1958;Mm2;NRG;;;;
RSD_Retrofits;RW;RSD;.NRG.;Dum-Retrofit-S_R_2Fac1976;Dummy Commodity Retrofit-S_R_2Fac1976;Mm2;NRG;;;;
RSD_Retrofits;RW;RSD;.NRG.;Dum-Retrofit-T_R_2Fac1976;Dummy Commodity Retrofit-T_R_2Fac1976;Mm2;NRG;;;;
RSD_Retrofits;RW;RSD;.NRG.;Dum-Retrofit-F_R_4Fac1989;Dummy Commodity Retrofit-F_R_4Fac1989;Mm2;NRG;;;;
COM_Retrofits2;RW;COM;.NRG.;Dum-Retrofit-F_C_SA;Dum-Retrofit-F_C_SA;Mm2;NRG;;;;
COM_Retrofits2;RW;COM;.NRG.;Dum-Retrofit-S_C_CS;Dum-Retrofit-S_C_CS;Mm2;NRG;;;;
RSD_Retrofits;RW;RSD;.NRG.;Dum-Retrofit-T_R_2Fac1989;Dummy Commodity Retrofit-T_R_2Fac1989;Mm2;NRG;;;;
RSD_Retrofits;RW;RSD;.NRG.;Dum-Retrofit-S_R_2Fac1958;Dummy Commodity Retrofit-S_R_2Fac1958;Mm2;NRG;;;;
UC_Retrofit_StratReno;RW;-;NRG;Retrofit_Max-M_C_CO_;Positive dummy var for UC: Retrofit_Max-M_C_CO;UCU;NRG;dummy;;;
UC_Linking_Cap_HP-Retrofit;RW;-;NRG;UC_Linking_Cap_Ret-HP_;Positive dummy var for UC: UC_Linking_Cap_Ret-HP;UCU;NRG;dummy;;;
UC_Retrofit_StratReno;RW;-;NRG;UC_Retrofit_Toits3Fac1989_MaxNcap_;Positive dummy var for UC: UC_Retrofit_Toits3Fac1989_MaxNcap;UCU;NRG;dummy;;;
MMR_WAM;RW;-;NRG;IND_bil2025CPS_;Positive dummy var for UC: IND_bil2025CPS;UCU;NRG;dummy;;;
UC_Retrofit_StratReno;RW;-;NRG;UC_Retrofit_Sols4Fac1976_MaxNcap_;Positive dummy var for UC: UC_Retrofit_Sols4Fac1976_MaxNcap;UCU;NRG;dummy;;;
WEM_ART_7;RW;-;NRG;PV_resentiel_;Positive dummy var for UC: PV_resentiel;UCU;NRG;dummy;;;
UC_Retrofit_StratReno;RW;-;NRG;UC_Retrofit_MursAppa1976_MaxNcap_;Positive dummy var for UC: UC_Retrofit_MursAppa1976_MaxNcap;UCU;NRG;dummy;;;
UC_retrofits_rates_COM;RW;-;NRG;Retrofit_Max-T_C_BA_;Positive dummy var for UC: Retrofit_Max-T_C_BA;UCU;NRG;dummy;;;
UC_Retrofit_StratReno;RW;-;NRG;UC_Retrofit_MursAppa1989_MaxNcap_;Positive dummy var for UC: UC_Retrofit_MursAppa1989_MaxNcap;UCU;NRG;dummy;;;
UC_Retrofit_StratReno;RW;-;NRG;UC_Retrofit_Sols3Fac2005_MaxNcap_;Positive dummy var for UC: UC_Retrofit_Sols3Fac2005_MaxNcap;UCU;NRG;dummy;;;
UC_Retrofit_Rates;RW;-;NRG;UC_Retrofit_Murs3Fac1976_MaxNcap_;Positive dummy var for UC: UC_Retrofit_Murs3Fac1976_MaxNcap;UCU;NRG;dummy;;;
UC_Retrofit_StratReno;RW;-;NRG;UC_Retrofit_Murs3Fac2005_MaxNcap_;Positive dummy var for UC: UC_Retrofit_Murs3Fac2005_MaxNcap;UCU;NRG;dummy;;;
UC_Retrofit_Rates;RW;-;NRG;UC_Retrofit_Toits2Fac1989_MaxNcap_;Positive dummy var for UC: UC_Retrofit_Toits2Fac1989_MaxNcap;UCU;NRG;dummy;;;
UC_Retrofit_Rates;RW;-;NRG;UC_Retrofit_MursAppa1958_MaxNcap_;Positive dummy var for UC: UC_Retrofit_MursAppa1958_MaxNcap;UCU;NRG;dummy;;;
UC_Retrofit_StratReno;RW;-;NRG;Retrofit_Max-T_C_BP_;Positive dummy var for UC: Retrofit_Max-T_C_BP;UCU;NRG;dummy;;;
UC_Retrofit_StratReno;RW;-;NRG;UC_Retrofit_Toits4Fac1945_MaxNcap_;Positive dummy var for UC: UC_Retrofit_Toits4Fac1945_MaxNcap;UCU;NRG;dummy;;;
MMR_WAM;RW;-;NRG;UC_IND_moderation_biom_;Positive dummy var for UC: UC_IND_moderation_biom;UCU;NRG;dummy;;;
UC_Retrofit_Rates;RW;-;NRG;UC_Retrofit_Sols2Fac1976_MaxNcap_;Positive dummy var for UC: UC_Retrofit_Sols2Fac1976_MaxNcap;UCU;NRG;dummy;;;
UC_Retrofit_StratReno;RW;-;NRG;UC_Retrofit_Toits2Fac1958_MaxNcap_;Positive dummy var for UC: UC_Retrofit_Toits2Fac1958_MaxNcap;UCU;NRG;dummy;;;
UC_Retrofit_StratReno;RW;-;NRG;Retrofit_Max-S_C_BA_;Positive dummy var for UC: Retrofit_Max-S_C_BA;UCU;NRG;dummy;;;
UC_Retrofit_Rates;RW;-;NRG;UC_Retrofit_Murs4Fac1989_MaxNcap_;Positive dummy var for UC: UC_Retrofit_Murs4Fac1989_MaxNcap;UCU;NRG;dummy;;;
UC_Retrofit_StratReno;RW;-;NRG;Retrofit_Max-F_C_BA_;Positive dummy var for UC: Retrofit_Max-F_C_BA;UCU;NRG;dummy;;;
UC_Retrofit_Rates;RW;-;NRG;UC_Retrofit_Sols3Fac1989_MaxNcap_;Positive dummy var for UC: UC_Retrofit_Sols3Fac1989_MaxNcap;UCU;NRG;dummy;;;
UC_retrofits_rates_COM;RW;-;NRG;Retrofit_Max-F_C_CS_;Positive dummy var for UC: Retrofit_Max-F_C_CS;UCU;NRG;dummy;;;
UC_retrofits_rates_COM;RW;-;NRG;Retrofit_Max-S_C_BA_;Positive dummy var for UC: Retrofit_Max-S_C_BA;UCU;NRG;dummy;;;
UC_retrofits_rates_COM;RW;-;NRG;Retrofit_Max-S_C_BP_;Positive dummy var for UC: Retrofit_Max-S_C_BP;UCU;NRG;dummy;;;
UC_Retrofit_Rates;RW;-;NRG;UC_Retrofit_Sols4Fac1945_MaxNcap_;Positive dummy var for UC: UC_Retrofit_Sols4Fac1945_MaxNcap;UCU;NRG;dummy;;;
UC_Retrofit_Rates;RW;-;NRG;UC_Retrofit_ToitsAppa1989_MaxNcap_;Positive dummy var for UC: UC_Retrofit_ToitsAppa1989_MaxNcap;UCU;NRG;dummy;;;
UC_Retrofit_StratReno;RW;-;NRG;Retrofit_Max-M_C_BP_;Positive dummy var for UC: Retrofit_Max-M_C_BP;UCU;NRG;dummy;;;
UC_Retrofit_Rates;RW;-;NRG;UC_Retrofit_Murs4Fac1945_MaxNcap_;Positive dummy var for UC: UC_Retrofit_Murs4Fac1945_MaxNcap;UCU;NRG;dummy;;;
WEM_ART_7;RW;-;NRG;Retrofit_Max-F_C_CO_;Positive dummy var for UC: Retrofit_Max-F_C_CO;UCU;NRG;dummy;;;
UC_Retrofit_Rates;RW;-;NRG;UC_Retrofit_MursAppa1976_MaxNcap_;Positive dummy var for UC: UC_Retrofit_MursAppa1976_MaxNcap;UCU;NRG;dummy;;;
UC_Retrofit_Rates;RW;-;NRG;UC_Retrofit_Murs3Fac2005_MaxNcap_;Positive dummy var for UC: UC_Retrofit_Murs3Fac2005_MaxNcap;UCU;NRG;dummy;;;
UC_Retrofit_Rates;RW;-;NRG;UC_Retrofit_Toits2Fac1976_MaxNcap_;Positive dummy var for UC: UC_Retrofit_Toits2Fac1976_MaxNcap;UCU;NRG;dummy;;;
UC_Retrofit_Rates;RW;-;NRG;UC_Retrofit_Murs2Fac1989_MaxNcap_;Positive dummy var for UC: UC_Retrofit_Murs2Fac1989_MaxNcap;UCU;NRG;dummy;;;
UC_Retrofit_StratReno;RW;-;NRG;UC_Retrofit_FenetresAppa1976_MaxNcap_;Positive dummy var for UC: UC_Retrofit_FenetresAppa1976_MaxNcap;UCU;NRG;dummy;;;
WEM_ART_7;RW;-;NRG;Retrofit_Max-F-R_;Positive dummy var for UC: Retrofit_Max-F-R;UCU;NRG;dummy;;;
UC_Retrofit_StratReno;RW;-;NRG;UC_Retrofit_ToitsAppa1958_MaxNcap_;Positive dummy var for UC: UC_Retrofit_ToitsAppa1958_MaxNcap;UCU;NRG;dummy;;;
UC_Retrofit_StratReno;RW;-;NRG;UC_Retrofit_Fenetres3Fac1945_MaxNcap_;Positive dummy var for UC: UC_Retrofit_Fenetres3Fac1945_MaxNcap;UCU;NRG;dummy;;;
WEM_ART_7;RW;-;NRG;Retrofit_Max-S_C_SA_;Positive dummy var for UC: Retrofit_Max-S_C_SA;UCU;NRG;dummy;;;
CO2_Target_Cum;RW;-;NRG;UC_CUMCO2-NETS_203050_;Positive dummy var for UC: UC_CUMCO2-NETS_203050;UCU;NRG;dummy;;;
UC_Retrofit_StratReno;RW;-;NRG;UC_Retrofit_Sols2Fac1958_MaxNcap_;Positive dummy var for UC: UC_Retrofit_Sols2Fac1958_MaxNcap;UCU;NRG;dummy;;;
UC_Retrofit_StratReno;RW;-;NRG;Retrofit_Max-F_C_SA_;Positive dummy var for UC: Retrofit_Max-F_C_SA;UCU;NRG;dummy;;;
UC_Retrofit_StratReno;RW;-;NRG;UC_Retrofit_Murs3Fac1958_MaxNcap_;Positive dummy var for UC: UC_Retrofit_Murs3Fac1958_MaxNcap;UCU;NRG;dummy;;;
UC_retrofits_rates_COM;RW;-;NRG;Retrofit_Max-T_C_BP_;Positive dummy var for UC: Retrofit_Max-T_C_BP;UCU;NRG;dummy;;;
UC_Retrofit_Rates;RW;-;NRG;UC_Retrofit_Toits2Fac1945_MaxNcap_;Positive dummy var for UC: UC_Retrofit_Toits2Fac1945_MaxNcap;UCU;NRG;dummy;;;
UC_Retrofit_Rates;RW;-;NRG;UC_Retrofit_Fenetres3Fac1958_MaxNcap_;Positive dummy var for UC: UC_Retrofit_Fenetres3Fac1958_MaxNcap;UCU;NRG;dummy;;;
UC_Retrofit_Rates;RW;-;NRG;UC_Retrofit_Toits3Fac1945_MaxNcap_;Positive dummy var for UC: UC_Retrofit_Toits3Fac1945_MaxNcap;UCU;NRG;dummy;;;
UC_Retrofit_Rates;RW;-;NRG;UC_Retrofit_ToitsAppa1976_MaxNcap_;Positive dummy var for UC: UC_Retrofit_ToitsAppa1976_MaxNcap;UCU;NRG;dummy;;;
UC_Retrofit_Rates;RW;-;NRG;UC_Retrofit_Fenetres4Fac1976_MaxNcap_;Positive dummy var for UC: UC_Retrofit_Fenetres4Fac1976_MaxNcap;UCU;NRG;dummy;;;
UC_Retrofit_StratReno;RW;-;NRG;UC_Retrofit_Fenetres2Fac1976_MaxNcap_;Positive dummy var for UC: UC_Retrofit_Fenetres2Fac1976_MaxNcap;UCU;NRG;dummy;;;
UC_Retrofit_StratReno;RW;-;NRG;UC_Retrofit_Toits3Fac1958_MaxNcap_;Positive dummy var for UC: UC_Retrofit_Toits3Fac1958_MaxNcap;UCU;NRG;dummy;;;
UC_Retrofit_Rates;RW;-;NRG;UC_Retrofit_Sols2Fac1958_MaxNcap_;Positive dummy var for UC: UC_Retrofit_Sols2Fac1958_MaxNcap;UCU;NRG;dummy;;;
UC_Emissions_ETS_capture;RW;-;NRG;Link_IND_CO2c_CO2us_;Positive dummy var for UC: Link_IND_CO2c_CO2us;UCU;NRG;dummy;;;
WEM_ART_7;RW;-;NRG;Retrofit_Max-T_C_BP_;Positive dummy var for UC: Retrofit_Max-T_C_BP;UCU;NRG;dummy;;;
UC_Retrofit_StratReno;RW;-;NRG;Retrofit_Max-T_C_EN_;Positive dummy var for UC: Retrofit_Max-T_C_EN;UCU;NRG;dummy;;;
UC_Retrofit_StratReno;RW;-;NRG;UC_Retrofit_SolsAppa1945_MaxNcap_;Positive dummy var for UC: UC_Retrofit_SolsAppa1945_MaxNcap;UCU;NRG;dummy;;;
UC_Retrofit_Rates;RW;-;NRG;UC_Retrofit_FenetresAppa1989_MaxNcap_;Positive dummy var for UC: UC_Retrofit_FenetresAppa1989_MaxNcap;UCU;NRG;dummy;;;
CO2_Target_Cum;RW;-;NRG;UC_CUMCO2-NETS_2050_;Positive dummy var for UC: UC_CUMCO2-NETS_2050;UCU;NRG;dummy;;;
MMR_WAM;RW;-;NRG;UC_IND_moderation_bioCHP_lo_;Positive dummy var for UC: UC_IND_moderation_bioCHP_lo;UCU;NRG;dummy;;;
WEM_ART_7;RW;-;NRG;Retrofit_Max-M-R_;Positive dummy var for UC: Retrofit_Max-M-R;UCU;NRG;dummy;;;
UC_Retrofit_Rates;RW;-;NRG;UC_Retrofit_SolsAppa2005_MaxNcap_;Positive dummy var for UC: UC_Retrofit_SolsAppa2005_MaxNcap;UCU;NRG;dummy;;;
WEM_ART_7;RW;-;NRG;Retrofit_Max-T_C_CO_;Positive dummy var for UC: Retrofit_Max-T_C_CO;UCU;NRG;dummy;;;
UC_retrofits_rates_COM;RW;-;NRG;Retrofit_Max-T_C_SA_;Positive dummy var for UC: Retrofit_Max-T_C_SA;UCU;NRG;dummy;;;
UC_Retrofit_StratReno;RW;-;NRG;UC_Retrofit_Fenetres2Fac2005_MaxNcap_;Positive dummy var for UC: UC_Retrofit_Fenetres2Fac2005_MaxNcap;UCU;NRG;dummy;;;
UC_Retrofit_StratReno;RW;-;NRG;UC_Retrofit_SolsAppa1989_MaxNcap_;Positive dummy var for UC: UC_Retrofit_SolsAppa1989_MaxNcap;UCU;NRG;dummy;;;
MMR_WAM;RW;-;NRG;UC_WAM_ELC_WIN2025_;Positive dummy var for UC: UC_WAM_ELC_WIN2025;UCU;NRG;dummy;;;
UC_retrofits_rates_COM;RW;-;NRG;Retrofit_Max-M_C_BA_;Positive dummy var for UC: Retrofit_Max-M_C_BA;UCU;NRG;dummy;;;
UC_Retrofit_StratReno;RW;-;NRG;UC_Retrofit_Sols3Fac1989_MaxNcap_;Positive dummy var for UC: UC_Retrofit_Sols3Fac1989_MaxNcap;UCU;NRG;dummy;;;
WEM_ART_7;RW;-;NRG;Retrofit_Max-T-R_;Positive dummy var for UC: Retrofit_Max-T-R;UCU;NRG;dummy;;;
MMR_WAM;RW;-;NRG;UC_WAM_ELC_WIN2020_;Positive dummy var for UC: UC_WAM_ELC_WIN2020;UCU;NRG;dummy;;;
WEM_ART_7;RW;-;NRG;Retrofit_Max-F_C_SA_;Positive dummy var for UC: Retrofit_Max-F_C_SA;UCU;NRG;dummy;;;
UC_Retrofit_Rates;RW;-;NRG;UC_Retrofit_Toits4Fac1958_MaxNcap_;Positive dummy var for UC: UC_Retrofit_Toits4Fac1958_MaxNcap;UCU;NRG;dummy;;;
UC_Retrofit_StratReno;RW;-;NRG;UC_Retrofit_Fenetres3Fac1989_MaxNcap_;Positive dummy var for UC: UC_Retrofit_Fenetres3Fac1989_MaxNcap;UCU;NRG;dummy;;;
MMR_WAM;RW;-;NRG;UC_switch_COM_moderation_GAS_;Positive dummy var for UC: UC_switch_COM_moderation_GAS;UCU;NRG;dummy;;;
UC_Retrofit_Rates;RW;-;NRG;UC_Retrofit_Toits2Fac2005_MaxNcap_;Positive dummy var for UC: UC_Retrofit_Toits2Fac2005_MaxNcap;UCU;NRG;dummy;;;
UC_retrofits_rates_COM;RW;-;NRG;Retrofit_Max-T_C_EN_;Positive dummy var for UC: Retrofit_Max-T_C_EN;UCU;NRG;dummy;;;
Capacity_stock_CO2;RW;-;NRG;Storage_comcum_MAX_;Positive dummy var for UC: Storage_comcum_MAX;UCU;NRG;dummy;;;
UC_Retrofit_Rates;RW;-;NRG;UC_Retrofit_Fenetres3Fac2005_MaxNcap_;Positive dummy var for UC: UC_Retrofit_Fenetres3Fac2005_MaxNcap;UCU;NRG;dummy;;;
UC_Retrofit_Rates;RW;-;NRG;UC_Retrofit_Toits4Fac2005_MaxNcap_;Positive dummy var for UC: UC_Retrofit_Toits4Fac2005_MaxNcap;UCU;NRG;dummy;;;
UC_Retrofit_StratReno;RW;-;NRG;UC_Retrofit_SolsAppa1976_MaxNcap_;Positive dummy var for UC: UC_Retrofit_SolsAppa1976_MaxNcap;UCU;NRG;dummy;;;
UC_Retrofit_Rates;RW;-;NRG;UC_Retrofit_Toits4Fac1989_MaxNcap_;Positive dummy var for UC: UC_Retrofit_Toits4Fac1989_MaxNcap;UCU;NRG;dummy;;;
UC_Retrofit_StratReno;RW;-;NRG;UC_Retrofit_Toits2Fac2005_MaxNcap_;Positive dummy var for UC: UC_Retrofit_Toits2Fac2005_MaxNcap;UCU;NRG;dummy;;;
WEM_ART_7;RW;-;NRG;Retrofit_Max-T_C_EN_;Positive dummy var for UC: Retrofit_Max-T_C_EN;UCU;NRG;dummy;;;
UC_Retrofit_Rates;RW;-;NRG;UC_Retrofit_Fenetres4Fac2005_MaxNcap_;Positive dummy var for UC: UC_Retrofit_Fenetres4Fac2005_MaxNcap;UCU;NRG;dummy;;;
UC_Retrofit_Rates;RW;-;NRG;UC_Retrofit_SolsAppa1958_MaxNcap_;Positive dummy var for UC: UC_Retrofit_SolsAppa1958_MaxNcap;UCU;NRG;dummy;;;
UC_Retrofit_Rates;RW;-;NRG;UC_Retrofit_Fenetres3Fac1976_MaxNcap_;Positive dummy var for UC: UC_Retrofit_Fenetres3Fac1976_MaxNcap;UCU;NRG;dummy;;;
UC_Retrofit_StratReno;RW;-;NRG;UC_Retrofit_Murs4Fac1976_MaxNcap_;Positive dummy var for UC: UC_Retrofit_Murs4Fac1976_MaxNcap;UCU;NRG;dummy;;;
MMR_WAM;RW;-;NRG;UC_switch_RSD_moderation_LPG_;Positive dummy var for UC: UC_switch_RSD_moderation_LPG;UCU;NRG;dummy;;;
MMR_WAM;RW;-;NRG;UC_WAM_ELC_CHPIND2025_;Positive dummy var for UC: UC_WAM_ELC_CHPIND2025;UCU;NRG;dummy;;;
UC_Retrofit_Rates;RW;-;NRG;UC_Retrofit_Toits3Fac2005_MaxNcap_;Positive dummy var for UC: UC_Retrofit_Toits3Fac2005_MaxNcap;UCU;NRG;dummy;;;
MMR_WAM;RW;-;NRG;UC_switch_RSD_moderation_GMX_;Positive dummy var for UC: UC_switch_RSD_moderation_GMX;UCU;NRG;dummy;;;
UC_Retrofit_Rates;RW;-;NRG;UC_Retrofit_FenetresAppa1976_MaxNcap_;Positive dummy var for UC: UC_Retrofit_FenetresAppa1976_MaxNcap;UCU;NRG;dummy;;;
MMR_WAM;RW;-;NRG;IND_bil2020GMX_;Positive dummy var for UC: IND_bil2020GMX;UCU;NRG;dummy;;;
WEM_ART_7;RW;-;NRG;Retrofit_Max-S_C_EN_;Positive dummy var for UC: Retrofit_Max-S_C_EN;UCU;NRG;dummy;;;
MMR_WAM;RW;-;NRG;IND_bil2025GMX_;Positive dummy var for UC: IND_bil2025GMX;UCU;NRG;dummy;;;
MMR_WAM;RW;-;NRG;IND_bil2020CPS_;Positive dummy var for UC: IND_bil2020CPS;UCU;NRG;dummy;;;
UC_Retrofit_StratReno;RW;-;NRG;UC_Retrofit_Toits4Fac1976_MaxNcap_;Positive dummy var for UC: UC_Retrofit_Toits4Fac1976_MaxNcap;UCU;NRG;dummy;;;
UC_retrofits_rates_COM;RW;-;NRG;Retrofit_Max-F_C_BA_;Positive dummy var for UC: Retrofit_Max-F_C_BA;UCU;NRG;dummy;;;
UC_Retrofit_StratReno;RW;-;NRG;UC_Retrofit_Toits4Fac2005_MaxNcap_;Positive dummy var for UC: UC_Retrofit_Toits4Fac2005_MaxNcap;UCU;NRG;dummy;;;
UC_Retrofit_Rates;RW;-;NRG;UC_Retrofit_Fenetres2Fac2005_MaxNcap_;Positive dummy var for UC: UC_Retrofit_Fenetres2Fac2005_MaxNcap;UCU;NRG;dummy;;;
UC_Retrofit_Rates;RW;-;NRG;UC_Retrofit_Sols4Fac2005_MaxNcap_;Positive dummy var for UC: UC_Retrofit_Sols4Fac2005_MaxNcap;UCU;NRG;dummy;;;
UC_Retrofit_Rates;RW;-;NRG;UC_Retrofit_Sols3Fac1945_MaxNcap_;Positive dummy var for UC: UC_Retrofit_Sols3Fac1945_MaxNcap;UCU;NRG;dummy;;;
UC_Retrofit_StratReno;RW;-;NRG;UC_Retrofit_Murs3Fac1945_MaxNcap_;Positive dummy var for UC: UC_Retrofit_Murs3Fac1945_MaxNcap;UCU;NRG;dummy;;;
UC_Retrofit_StratReno;RW;-;NRG;Retrofit_Max-F_C_CS_;Positive dummy var for UC: Retrofit_Max-F_C_CS;UCU;NRG;dummy;;;
UC_Retrofit_StratReno;RW;-;NRG;UC_Retrofit_Fenetres3Fac2005_MaxNcap_;Positive dummy var for UC: UC_Retrofit_Fenetres3Fac2005_MaxNcap;UCU;NRG;dummy;;;
UC_Retrofit_StratReno;RW;-;NRG;UC_Retrofit_MursAppa2005_MaxNcap_;Positive dummy var for UC: UC_Retrofit_MursAppa2005_MaxNcap;UCU;NRG;dummy;;;
UC_Retrofit_StratReno;RW;-;NRG;Retrofit_Max-T_C_CO_;Positive dummy var for UC: Retrofit_Max-T_C_CO;UCU;NRG;dummy;;;
UC_Retrofit_StratReno;RW;-;NRG;Retrofit_Max-S_C_BP_;Positive dummy var for UC: Retrofit_Max-S_C_BP;UCU;NRG;dummy;;;
UC_Retrofit_Rates;RW;-;NRG;UC_Retrofit_FenetresAppa1945_MaxNcap_;Positive dummy var for UC: UC_Retrofit_FenetresAppa1945_MaxNcap;UCU;NRG;dummy;;;
UC_retrofits_rates_COM;RW;-;NRG;Retrofit_Max-S_C_CO_;Positive dummy var for UC: Retrofit_Max-S_C_CO;UCU;NRG;dummy;;;
MMR_WAM;RW;-;NRG;UC_WAM_ELC_hyd_;Positive dummy var for UC: UC_WAM_ELC_hyd;UCU;NRG;dummy;;;
UC_Retrofit_StratReno;RW;-;NRG;UC_Retrofit_SolsAppa1958_MaxNcap_;Positive dummy var for UC: UC_Retrofit_SolsAppa1958_MaxNcap;UCU;NRG;dummy;;;
MMR_WAM;RW;-;NRG;UC_switch_RSD_moderation_OIL_;Positive dummy var for UC: UC_switch_RSD_moderation_OIL;UCU;NRG;dummy;;;
MMR_WAM;RW;-;NRG;IND_bilan20_COA_;Positive dummy var for UC: IND_bilan20_COA;UCU;NRG;dummy;;;
UC_Retrofit_Rates;RW;-;NRG;UC_Retrofit_Fenetres2Fac1976_MaxNcap_;Positive dummy var for UC: UC_Retrofit_Fenetres2Fac1976_MaxNcap;UCU;NRG;dummy;;;
WEM_ART_7;RW;-;NRG;Retrofit_Max-M_C_CO_;Positive dummy var for UC: Retrofit_Max-M_C_CO;UCU;NRG;dummy;;;
MMR_WAM;RW;-;NRG;UC_WEM_ELC_PV_35_;Positive dummy var for UC: UC_WEM_ELC_PV_35;UCU;NRG;dummy;;;
UC_Retrofit_Rates;RW;-;NRG;UC_Retrofit_Murs4Fac1958_MaxNcap_;Positive dummy var for UC: UC_Retrofit_Murs4Fac1958_MaxNcap;UCU;NRG;dummy;;;
UC_Retrofit_StratReno;RW;-;NRG;UC_Retrofit_Sols4Fac2005_MaxNcap_;Positive dummy var for UC: UC_Retrofit_Sols4Fac2005_MaxNcap;UCU;NRG;dummy;;;
UC_Retrofit_StratReno;RW;-;NRG;UC_Retrofit_Fenetres4Fac2005_MaxNcap_;Positive dummy var for UC: UC_Retrofit_Fenetres4Fac2005_MaxNcap;UCU;NRG;dummy;;;
UC_Retrofit_StratReno;RW;-;NRG;UC_Retrofit_ToitsAppa1989_MaxNcap_;Positive dummy var for UC: UC_Retrofit_ToitsAppa1989_MaxNcap;UCU;NRG;dummy;;;
UC_Retrofit_Rates;RW;-;NRG;UC_Retrofit_Toits2Fac1958_MaxNcap_;Positive dummy var for UC: UC_Retrofit_Toits2Fac1958_MaxNcap;UCU;NRG;dummy;;;
MMR_WAM;RW;-;NRG;IND_bil2022ELC_;Positive dummy var for UC: IND_bil2022ELC;UCU;NRG;dummy;;;
UC_Retrofit_StratReno;RW;-;NRG;UC_Retrofit_FenetresAppa1989_MaxNcap_;Positive dummy var for UC: UC_Retrofit_FenetresAppa1989_MaxNcap;UCU;NRG;dummy;;;
UC_Retrofit_StratReno;RW;-;NRG;UC_Retrofit_Toits2Fac1989_MaxNcap_;Positive dummy var for UC: UC_Retrofit_Toits2Fac1989_MaxNcap;UCU;NRG;dummy;;;
UC_Retrofit_Rates;RW;-;NRG;UC_Retrofit_Murs2Fac1945_MaxNcap_;Positive dummy var for UC: UC_Retrofit_Murs2Fac1945_MaxNcap;UCU;NRG;dummy;;;
UC_Retrofit_Rates;RW;-;NRG;UC_Retrofit_SolsAppa1945_MaxNcap_;Positive dummy var for UC: UC_Retrofit_SolsAppa1945_MaxNcap;UCU;NRG;dummy;;;
MMR_WAM;RW;-;NRG;UC_WAM_ELC_PV2020_;Positive dummy var for UC: UC_WAM_ELC_PV2020;UCU;NRG;dummy;;;
WEM_ART_7;RW;-;NRG;Retrofit_Max-F_C_CS_;Positive dummy var for UC: Retrofit_Max-F_C_CS;UCU;NRG;dummy;;;
WEM_ART_7;RW;-;NRG;Retrofit_Max-S_C_BP_;Positive dummy var for UC: Retrofit_Max-S_C_BP;UCU;NRG;dummy;;;
UC_Retrofit_Rates;RW;-;NRG;UC_Retrofit_Toits3Fac1958_MaxNcap_;Positive dummy var for UC: UC_Retrofit_Toits3Fac1958_MaxNcap;UCU;NRG;dummy;;;
UC_Retrofit_Rates;RW;-;NRG;UC_Retrofit_MursAppa1945_MaxNcap_;Positive dummy var for UC: UC_Retrofit_MursAppa1945_MaxNcap;UCU;NRG;dummy;;;
UC_Retrofit_StratReno;RW;-;NRG;UC_Retrofit_Toits2Fac1976_MaxNcap_;Positive dummy var for UC: UC_Retrofit_Toits2Fac1976_MaxNcap;UCU;NRG;dummy;;;
UC_Retrofit_Rates;RW;-;NRG;UC_Retrofit_Sols3Fac1958_MaxNcap_;Positive dummy var for UC: UC_Retrofit_Sols3Fac1958_MaxNcap;UCU;NRG;dummy;;;
WEM_ART_7;RW;-;NRG;Retrofit_Max-S_C_BP-;Negative dummy var for UC: Retrofit_Max-S_C_BP;UCU;NRG;dummy;;;
UC_Retrofit_Rates;RW;-;NRG;UC_Retrofit_Fenetres2Fac1945_MaxNcap_;Positive dummy var for UC: UC_Retrofit_Fenetres2Fac1945_MaxNcap;UCU;NRG;dummy;;;
UC_Retrofit_StratReno;RW;-;NRG;Retrofit_Max-T_C_BA_;Positive dummy var for UC: Retrofit_Max-T_C_BA;UCU;NRG;dummy;;;
UC_Retrofit_Rates;RW;-;NRG;UC_Retrofit_Sols3Fac1976_MaxNcap_;Positive dummy var for UC: UC_Retrofit_Sols3Fac1976_MaxNcap;UCU;NRG;dummy;;;
UC_Retrofit_Rates;RW;-;NRG;UC_Retrofit_Sols2Fac2005_MaxNcap_;Positive dummy var for UC: UC_Retrofit_Sols2Fac2005_MaxNcap;UCU;NRG;dummy;;;
UC_Retrofit_Rates;RW;-;NRG;UC_Retrofit_SolsAppa1976_MaxNcap_;Positive dummy var for UC: UC_Retrofit_SolsAppa1976_MaxNcap;UCU;NRG;dummy;;;
MMR_WAM;RW;-;NRG;IND_bil2020ELC_;Positive dummy var for UC: IND_bil2020ELC;UCU;NRG;dummy;;;
UC_Retrofit_StratReno;RW;-;NRG;UC_Retrofit_Toits3Fac1976_MaxNcap_;Positive dummy var for UC: UC_Retrofit_Toits3Fac1976_MaxNcap;UCU;NRG;dummy;;;
WEM_ART_7;RW;-;NRG;Retrofit_Max-S-R_;Positive dummy var for UC: Retrofit_Max-S-R;UCU;NRG;dummy;;;
MMR_WAM;RW;-;NRG;UC_WAM_ELC_CHPIND2020_;Positive dummy var for UC: UC_WAM_ELC_CHPIND2020;UCU;NRG;dummy;;;
UC_Retrofit_StratReno;RW;-;NRG;UC_Retrofit_Fenetres2Fac1989_MaxNcap_;Positive dummy var for UC: UC_Retrofit_Fenetres2Fac1989_MaxNcap;UCU;NRG;dummy;;;
UC_Retrofit_StratReno;RW;-;NRG;UC_Retrofit_MursAppa1958_MaxNcap_;Positive dummy var for UC: UC_Retrofit_MursAppa1958_MaxNcap;UCU;NRG;dummy;;;
UC_Retrofit_StratReno;RW;-;NRG;UC_Retrofit_Murs2Fac1945_MaxNcap_;Positive dummy var for UC: UC_Retrofit_Murs2Fac1945_MaxNcap;UCU;NRG;dummy;;;
WEM_ART_7;RW;-;NRG;RSD_PEL_Chaudiere_prime_;Positive dummy var for UC: RSD_PEL_Chaudiere_prime;UCU;NRG;dummy;;;
UC_Retrofit_StratReno;RW;-;NRG;UC_Retrofit_Toits3Fac2005_MaxNcap_;Positive dummy var for UC: UC_Retrofit_Toits3Fac2005_MaxNcap;UCU;NRG;dummy;;;
UC_Retrofit_Rates;RW;-;NRG;UC_Retrofit_FenetresAppa1958_MaxNcap_;Positive dummy var for UC: UC_Retrofit_FenetresAppa1958_MaxNcap;UCU;NRG;dummy;;;
UC_Retrofit_StratReno;RW;-;NRG;UC_Retrofit_Murs2Fac1958_MaxNcap_;Positive dummy var for UC: UC_Retrofit_Murs2Fac1958_MaxNcap;UCU;NRG;dummy;;;
UC_retrofits_rates_COM;RW;-;NRG;Retrofit_Max-M_C_CO_;Positive dummy var for UC: Retrofit_Max-M_C_CO;UCU;NRG;dummy;;;
UC_Retrofit_StratReno;RW;-;NRG;Retrofit_Max-M_C_EN_;Positive dummy var for UC: Retrofit_Max-M_C_EN;UCU;NRG;dummy;;;
UC_Retrofit_StratReno;RW;-;NRG;Retrofit_Max-M_C_BA_;Positive dummy var for UC: Retrofit_Max-M_C_BA;UCU;NRG;dummy;;;
UC_Retrofit_Rates;RW;-;NRG;UC_Retrofit_Murs3Fac1945_MaxNcap_;Positive dummy var for UC: UC_Retrofit_Murs3Fac1945_MaxNcap;UCU;NRG;dummy;;;
UC_Retrofit_StratReno;RW;-;NRG;UC_Retrofit_Sols3Fac1958_MaxNcap_;Positive dummy var for UC: UC_Retrofit_Sols3Fac1958_MaxNcap;UCU;NRG;dummy;;;
UC_Retrofit_Rates;RW;-;NRG;UC_Retrofit_Toits4Fac1945_MaxNcap_;Positive dummy var for UC: UC_Retrofit_Toits4Fac1945_MaxNcap;UCU;NRG;dummy;;;
UC_retrofits_rates_COM;RW;-;NRG;Retrofit_Max-F_C_BP_;Positive dummy var for UC: Retrofit_Max-F_C_BP;UCU;NRG;dummy;;;
UC_Retrofit_StratReno;RW;-;NRG;UC_Retrofit_Sols4Fac1945_MaxNcap_;Positive dummy var for UC: UC_Retrofit_Sols4Fac1945_MaxNcap;UCU;NRG;dummy;;;
UC_Retrofit_StratReno;RW;-;NRG;UC_Retrofit_ToitsAppa2005_MaxNcap_;Positive dummy var for UC: UC_Retrofit_ToitsAppa2005_MaxNcap;UCU;NRG;dummy;;;
UC_Retrofit_Rates;RW;-;NRG;UC_Retrofit_Toits3Fac1989_MaxNcap_;Positive dummy var for UC: UC_Retrofit_Toits3Fac1989_MaxNcap;UCU;NRG;dummy;;;
UC_retrofits_rates_COM;RW;-;NRG;Retrofit_Max-T_C_CS_;Positive dummy var for UC: Retrofit_Max-T_C_CS;UCU;NRG;dummy;;;
UC_Retrofit_StratReno;RW;-;NRG;UC_Retrofit_FenetresAppa1958_MaxNcap_;Positive dummy var for UC: UC_Retrofit_FenetresAppa1958_MaxNcap;UCU;NRG;dummy;;;
UC_Retrofit_Rates;RW;-;NRG;UC_Retrofit_Sols4Fac1989_MaxNcap_;Positive dummy var for UC: UC_Retrofit_Sols4Fac1989_MaxNcap;UCU;NRG;dummy;;;
UC_retrofits_rates_COM;RW;-;NRG;Retrofit_Max-T_C_CO_;Positive dummy var for UC: Retrofit_Max-T_C_CO;UCU;NRG;dummy;;;
UC_Retrofit_StratReno;RW;-;NRG;UC_Retrofit_Fenetres4Fac1976_MaxNcap_;Positive dummy var for UC: UC_Retrofit_Fenetres4Fac1976_MaxNcap;UCU;NRG;dummy;;;
MMR_WAM;RW;-;NRG;UC_CPS_USED_COM_;Positive dummy var for UC: UC_CPS_USED_COM;UCU;NRG;dummy;;;
MMR_WAM;RW;-;NRG;UC_WAM_ELC_PV2025_;Positive dummy var for UC: UC_WAM_ELC_PV2025;UCU;NRG;dummy;;;
UC_Retrofit_Rates;RW;-;NRG;UC_Retrofit_Murs2Fac1976_MaxNcap_;Positive dummy var for UC: UC_Retrofit_Murs2Fac1976_MaxNcap;UCU;NRG;dummy;;;
UC_Retrofit_Rates;RW;-;NRG;UC_Retrofit_FenetresAppa2005_MaxNcap_;Positive dummy var for UC: UC_Retrofit_FenetresAppa2005_MaxNcap;UCU;NRG;dummy;;;
UC_Retrofit_StratReno;RW;-;NRG;Retrofit_Max-M_C_SA_;Positive dummy var for UC: Retrofit_Max-M_C_SA;UCU;NRG;dummy;;;
UC_Retrofit_Rates;RW;-;NRG;UC_Retrofit_Fenetres4Fac1958_MaxNcap_;Positive dummy var for UC: UC_Retrofit_Fenetres4Fac1958_MaxNcap;UCU;NRG;dummy;;;
UC_Retrofit_StratReno;RW;-;NRG;UC_Retrofit_Murs3Fac1989_MaxNcap_;Positive dummy var for UC: UC_Retrofit_Murs3Fac1989_MaxNcap;UCU;NRG;dummy;;;
UC_retrofits_rates_COM;RW;-;NRG;Retrofit_Max-M_C_SA_;Positive dummy var for UC: Retrofit_Max-M_C_SA;UCU;NRG;dummy;;;
UC_Retrofit_StratReno;RW;-;NRG;UC_Retrofit_Toits4Fac1989_MaxNcap_;Positive dummy var for UC: UC_Retrofit_Toits4Fac1989_MaxNcap;UCU;NRG;dummy;;;
UC_Retrofit_Rates;RW;-;NRG;UC_Retrofit_Fenetres4Fac1945_MaxNcap_;Positive dummy var for UC: UC_Retrofit_Fenetres4Fac1945_MaxNcap;UCU;NRG;dummy;;;
MMR_WAM;RW;-;NRG;UC_switch_COM_moderation_OIL_;Positive dummy var for UC: UC_switch_COM_moderation_OIL;UCU;NRG;dummy;;;
UC_Retrofit_Rates;RW;-;NRG;UC_Retrofit_SolsAppa1989_MaxNcap_;Positive dummy var for UC: UC_Retrofit_SolsAppa1989_MaxNcap;UCU;NRG;dummy;;;
WEM_ART_7;RW;-;NRG;Retrofit_Max-M_C_EN_;Positive dummy var for UC: Retrofit_Max-M_C_EN;UCU;NRG;dummy;;;
UC_Retrofit_StratReno;RW;-;NRG;UC_Retrofit_Toits3Fac1945_MaxNcap_;Positive dummy var for UC: UC_Retrofit_Toits3Fac1945_MaxNcap;UCU;NRG;dummy;;;
UC_Retrofit_StratReno;RW;-;NRG;UC_Retrofit_Murs4Fac1989_MaxNcap_;Positive dummy var for UC: UC_Retrofit_Murs4Fac1989_MaxNcap;UCU;NRG;dummy;;;
UC_Retrofit_Rates;RW;-;NRG;UC_Retrofit_Sols4Fac1958_MaxNcap_;Positive dummy var for UC: UC_Retrofit_Sols4Fac1958_MaxNcap;UCU;NRG;dummy;;;
UC_Retrofit_StratReno;RW;-;NRG;UC_Retrofit_ToitsAppa1976_MaxNcap_;Positive dummy var for UC: UC_Retrofit_ToitsAppa1976_MaxNcap;UCU;NRG;dummy;;;
WEM_ART_7;RW;-;NRG;RSD_PEL_Poele_prime_;Positive dummy var for UC: RSD_PEL_Poele_prime;UCU;NRG;dummy;;;
WEM_ART_7;RW;-;NRG;Retrofit_Max-M_C_SA_;Positive dummy var for UC: Retrofit_Max-M_C_SA;UCU;NRG;dummy;;;
UC_Retrofit_StratReno;RW;-;NRG;UC_Retrofit_Fenetres4Fac1945_MaxNcap_;Positive dummy var for UC: UC_Retrofit_Fenetres4Fac1945_MaxNcap;UCU;NRG;dummy;;;
WEM_ART_7;RW;-;NRG;C-SER_limitation_fossil_New_Appart_;Positive dummy var for UC: C-SER_limitation_fossil_New_Appart;UCU;NRG;dummy;;;
WEM_ART_7;RW;-;NRG;Retrofit_Max-T_C_CS_;Positive dummy var for UC: Retrofit_Max-T_C_CS;UCU;NRG;dummy;;;
UC_Retrofit_Rates;RW;-;NRG;UC_Retrofit_Fenetres3Fac1989_MaxNcap_;Positive dummy var for UC: UC_Retrofit_Fenetres3Fac1989_MaxNcap;UCU;NRG;dummy;;;
WEM_ART_7;RW;-;NRG;RSD_HPRH_prime_;Positive dummy var for UC: RSD_HPRH_prime;UCU;NRG;dummy;;;
UC_Retrofit_Rates;RW;-;NRG;UC_Retrofit_ToitsAppa2005_MaxNcap_;Positive dummy var for UC: UC_Retrofit_ToitsAppa2005_MaxNcap;UCU;NRG;dummy;;;
MMR_WAM;RW;-;NRG;UC_switch_RSD_2020_OIL_;Positive dummy var for UC: UC_switch_RSD_2020_OIL;UCU;NRG;dummy;;;
WEM_ART_7;RW;-;NRG;Retrofit_C_WEM_;Positive dummy var for UC: Retrofit_C_WEM;UCU;NRG;dummy;;;
UC_retrofits_rates_COM;RW;-;NRG;Retrofit_Max-M_C_BP_;Positive dummy var for UC: Retrofit_Max-M_C_BP;UCU;NRG;dummy;;;
UC_Retrofit_StratReno;RW;-;NRG;UC_Retrofit_Murs2Fac2005_MaxNcap_;Positive dummy var for UC: UC_Retrofit_Murs2Fac2005_MaxNcap;UCU;NRG;dummy;;;
UC_Retrofit_StratReno;RW;-;NRG;UC_Retrofit_ToitsAppa1945_MaxNcap_;Positive dummy var for UC: UC_Retrofit_ToitsAppa1945_MaxNcap;UCU;NRG;dummy;;;
WEM_ART_7;RW;-;NRG;PV_commercial_;Positive dummy var for UC: PV_commercial;UCU;NRG;dummy;;;
UC_Retrofit_Rates;RW;-;NRG;UC_Retrofit_Murs2Fac2005_MaxNcap_;Positive dummy var for UC: UC_Retrofit_Murs2Fac2005_MaxNcap;UCU;NRG;dummy;;;
UC_Retrofit_Rates;RW;-;NRG;UC_Retrofit_ToitsAppa1945_MaxNcap_;Positive dummy var for UC: UC_Retrofit_ToitsAppa1945_MaxNcap;UCU;NRG;dummy;;;
UC_retrofits_rates_COM;RW;-;NRG;Retrofit_Max-F_C_CO_;Positive dummy var for UC: Retrofit_Max-F_C_CO;UCU;NRG;dummy;;;
UC_Retrofit_StratReno;RW;-;NRG;UC_Retrofit_Toits4Fac1958_MaxNcap_;Positive dummy var for UC: UC_Retrofit_Toits4Fac1958_MaxNcap;UCU;NRG;dummy;;;
UC_Retrofit_StratReno;RW;-;NRG;UC_Retrofit_MursAppa1945_MaxNcap_;Positive dummy var for UC: UC_Retrofit_MursAppa1945_MaxNcap;UCU;NRG;dummy;;;
UC_Retrofit_Rates;RW;-;NRG;UC_Retrofit_MursAppa1989_MaxNcap_;Positive dummy var for UC: UC_Retrofit_MursAppa1989_MaxNcap;UCU;NRG;dummy;;;
WEM_ART_7;RW;-;NRG;C-SER_limitation_fossil_New_maison_;Positive dummy var for UC: C-SER_limitation_fossil_New_maison;UCU;NRG;dummy;;;
UC_Retrofit_StratReno;RW;-;NRG;Retrofit_Max-T_C_SA_;Positive dummy var for UC: Retrofit_Max-T_C_SA;UCU;NRG;dummy;;;
UC_Emissions_ETS_capture;RW;-;NRG;Link_elc_CO2c_CO2us_;Positive dummy var for UC: Link_elc_CO2c_CO2us;UCU;NRG;dummy;;;
UC_Retrofit_StratReno;RW;-;NRG;UC_Retrofit_FenetresAppa2005_MaxNcap_;Positive dummy var for UC: UC_Retrofit_FenetresAppa2005_MaxNcap;UCU;NRG;dummy;;;
UC_Retrofit_StratReno;RW;-;NRG;UC_Retrofit_Fenetres3Fac1976_MaxNcap_;Positive dummy var for UC: UC_Retrofit_Fenetres3Fac1976_MaxNcap;UCU;NRG;dummy;;;
WEM_ART_7;RW;-;NRG;RSD_HPRW_prime_;Positive dummy var for UC: RSD_HPRW_prime;UCU;NRG;dummy;;;
UC_Retrofit_StratReno;RW;-;NRG;UC_Retrofit_Sols2Fac1989_MaxNcap_;Positive dummy var for UC: UC_Retrofit_Sols2Fac1989_MaxNcap;UCU;NRG;dummy;;;
UC_Retrofit_StratReno;RW;-;NRG;Retrofit_Max-M_C_CS_;Positive dummy var for UC: Retrofit_Max-M_C_CS;UCU;NRG;dummy;;;
UC_retrofits_rates_COM;RW;-;NRG;Retrofit_Max-S_C_CS_;Positive dummy var for UC: Retrofit_Max-S_C_CS;UCU;NRG;dummy;;;
UC_Retrofit_StratReno;RW;-;NRG;UC_Retrofit_SolsAppa2005_MaxNcap_;Positive dummy var for UC: UC_Retrofit_SolsAppa2005_MaxNcap;UCU;NRG;dummy;;;
UC_Retrofit_StratReno;RW;-;NRG;UC_Retrofit_Fenetres4Fac1958_MaxNcap_;Positive dummy var for UC: UC_Retrofit_Fenetres4Fac1958_MaxNcap;UCU;NRG;dummy;;;
WEM_ART_7;RW;-;NRG;Retrofit_Max-M_C_BP_;Positive dummy var for UC: Retrofit_Max-M_C_BP;UCU;NRG;dummy;;;
WEM_ART_7;RW;-;NRG;Retrofit_Max-M_C_BA_;Positive dummy var for UC: Retrofit_Max-M_C_BA;UCU;NRG;dummy;;;
UC_Retrofit_Rates;RW;-;NRG;UC_Retrofit_ToitsAppa1958_MaxNcap_;Positive dummy var for UC: UC_Retrofit_ToitsAppa1958_MaxNcap;UCU;NRG;dummy;;;
UC_Retrofit_StratReno;RW;-;NRG;UC_Retrofit_Fenetres2Fac1945_MaxNcap_;Positive dummy var for UC: UC_Retrofit_Fenetres2Fac1945_MaxNcap;UCU;NRG;dummy;;;
MMR_WAM;RW;-;NRG;UC_IND_moderation_bioP_lo_;Positive dummy var for UC: UC_IND_moderation_bioP_lo;UCU;NRG;dummy;;;
WEM_ART_7;RW;-;NRG;Retrofit_Max-S_C_CS_;Positive dummy var for UC: Retrofit_Max-S_C_CS;UCU;NRG;dummy;;;
WEM_ART_7;RW;-;NRG;Retrofit_Max-F_C_BP_;Positive dummy var for UC: Retrofit_Max-F_C_BP;UCU;NRG;dummy;;;
MMR_WAM;RW;-;NRG;UC_WAM_ELC_WIN2025-;Negative dummy var for UC: UC_WAM_ELC_WIN2025;UCU;NRG;dummy;;;
UC_retrofits_rates_COM;RW;-;NRG;Retrofit_Max-M_C_BA-;Negative dummy var for UC: Retrofit_Max-M_C_BA;UCU;NRG;dummy;;;
UC_Retrofit_StratReno;RW;-;NRG;UC_Retrofit_Sols3Fac1989_MaxNcap-;Negative dummy var for UC: UC_Retrofit_Sols3Fac1989_MaxNcap;UCU;NRG;dummy;;;
WEM_ART_7;RW;-;NRG;Retrofit_Max-T-R-;Negative dummy var for UC: Retrofit_Max-T-R;UCU;NRG;dummy;;;
WEM_ART_7;RW;-;NRG;Retrofit_Max-F_C_SA-;Negative dummy var for UC: Retrofit_Max-F_C_SA;UCU;NRG;dummy;;;
UC_Retrofit_Rates;RW;-;NRG;UC_Retrofit_Toits4Fac1958_MaxNcap-;Negative dummy var for UC: UC_Retrofit_Toits4Fac1958_MaxNcap;UCU;NRG;dummy;;;
UC_Retrofit_StratReno;RW;-;NRG;Retrofit_Max-F_C_BP_;Positive dummy var for UC: Retrofit_Max-F_C_BP;UCU;NRG;dummy;;;
MMR_WAM;RW;-;NRG;UC_PEL_USED_RSD_;Positive dummy var for UC: UC_PEL_USED_RSD;UCU;NRG;dummy;;;
WEM_ART_7;RW;-;NRG;Retrofit_Max-T_C_SA_;Positive dummy var for UC: Retrofit_Max-T_C_SA;UCU;NRG;dummy;;;
UC_Retrofit_Rates;RW;-;NRG;UC_Retrofit_Toits3Fac1976_MaxNcap_;Positive dummy var for UC: UC_Retrofit_Toits3Fac1976_MaxNcap;UCU;NRG;dummy;;;
UC_retrofits_rates_COM;RW;-;NRG;Retrofit_Max-M_C_CS_;Positive dummy var for UC: Retrofit_Max-M_C_CS;UCU;NRG;dummy;;;
WEM_ART_7;RW;-;NRG;Retrofit_Max-M_C_CS_;Positive dummy var for UC: Retrofit_Max-M_C_CS;UCU;NRG;dummy;;;
WEM_ART_7;RW;-;NRG;PV_industrie_;Positive dummy var for UC: PV_industrie;UCU;NRG;dummy;;;
MMR_WAM;RW;-;NRG;UC_switch_RSD_2020_GMX_;Positive dummy var for UC: UC_switch_RSD_2020_GMX;UCU;NRG;dummy;;;
UC_Retrofit_StratReno;RW;-;NRG;UC_Retrofit_Fenetres3Fac1958_MaxNcap_;Positive dummy var for UC: UC_Retrofit_Fenetres3Fac1958_MaxNcap;UCU;NRG;dummy;;;
UC_Retrofit_Rates;RW;-;NRG;UC_Retrofit_Fenetres2Fac1958_MaxNcap_;Positive dummy var for UC: UC_Retrofit_Fenetres2Fac1958_MaxNcap;UCU;NRG;dummy;;;
UC_Retrofit_StratReno;RW;-;NRG;UC_Retrofit_Murs2Fac1976_MaxNcap_;Positive dummy var for UC: UC_Retrofit_Murs2Fac1976_MaxNcap;UCU;NRG;dummy;;;
UC_Retrofit_Rates;RW;-;NRG;UC_Retrofit_Murs4Fac1976_MaxNcap_;Positive dummy var for UC: UC_Retrofit_Murs4Fac1976_MaxNcap;UCU;NRG;dummy;;;
UC_Retrofit_Rates;RW;-;NRG;UC_Retrofit_Sols2Fac1989_MaxNcap_;Positive dummy var for UC: UC_Retrofit_Sols2Fac1989_MaxNcap;UCU;NRG;dummy;;;
UC_Retrofit_StratReno;RW;-;NRG;Retrofit_Max-F_C_EN_;Positive dummy var for UC: Retrofit_Max-F_C_EN;UCU;NRG;dummy;;;
UC_retrofits_rates_COM;RW;-;NRG;Retrofit_Max-M_C_EN_;Positive dummy var for UC: Retrofit_Max-M_C_EN;UCU;NRG;dummy;;;
UC_Retrofit_StratReno;RW;-;NRG;UC_Retrofit_Fenetres3Fac1989_MaxNcap-;Negative dummy var for UC: UC_Retrofit_Fenetres3Fac1989_MaxNcap;UCU;NRG;dummy;;;
MMR_WAM;RW;-;NRG;UC_switch_COM_moderation_GAS-;Negative dummy var for UC: UC_switch_COM_moderation_GAS;UCU;NRG;dummy;;;
UC_Retrofit_Rates;RW;-;NRG;UC_Retrofit_Toits2Fac2005_MaxNcap-;Negative dummy var for UC: UC_Retrofit_Toits2Fac2005_MaxNcap;UCU;NRG;dummy;;;
UC_retrofits_rates_COM;RW;-;NRG;Retrofit_Max-T_C_EN-;Negative dummy var for UC: Retrofit_Max-T_C_EN;UCU;NRG;dummy;;;
Capacity_stock_CO2;RW;-;NRG;Storage_comcum_MAX-;Negative dummy var for UC: Storage_comcum_MAX;UCU;NRG;dummy;;;
UC_Retrofit_Rates;RW;-;NRG;UC_Retrofit_Fenetres3Fac2005_MaxNcap-;Negative dummy var for UC: UC_Retrofit_Fenetres3Fac2005_MaxNcap;UCU;NRG;dummy;;;
UC_Retrofit_Rates;RW;-;NRG;UC_Retrofit_Toits4Fac2005_MaxNcap-;Negative dummy var for UC: UC_Retrofit_Toits4Fac2005_MaxNcap;UCU;NRG;dummy;;;
UC_Retrofit_StratReno;RW;-;NRG;UC_Retrofit_SolsAppa1976_MaxNcap-;Negative dummy var for UC: UC_Retrofit_SolsAppa1976_MaxNcap;UCU;NRG;dummy;;;
UC_Retrofit_Rates;RW;-;NRG;UC_Retrofit_Toits4Fac1989_MaxNcap-;Negative dummy var for UC: UC_Retrofit_Toits4Fac1989_MaxNcap;UCU;NRG;dummy;;;
UC_Retrofit_StratReno;RW;-;NRG;UC_Retrofit_Toits2Fac2005_MaxNcap-;Negative dummy var for UC: UC_Retrofit_Toits2Fac2005_MaxNcap;UCU;NRG;dummy;;;
WEM_ART_7;RW;-;NRG;Retrofit_Max-T_C_EN-;Negative dummy var for UC: Retrofit_Max-T_C_EN;UCU;NRG;dummy;;;
UC_Retrofit_Rates;RW;-;NRG;UC_Retrofit_Fenetres4Fac2005_MaxNcap-;Negative dummy var for UC: UC_Retrofit_Fenetres4Fac2005_MaxNcap;UCU;NRG;dummy;;;
CO2_Target_Cum;RW;-;NRG;UC_CUMCO2-NETS_2030_;Positive dummy var for UC: UC_CUMCO2-NETS_2030;UCU;NRG;dummy;;;
UC_Retrofit_StratReno;RW;-;NRG;UC_Retrofit_Sols3Fac1976_MaxNcap_;Positive dummy var for UC: UC_Retrofit_Sols3Fac1976_MaxNcap;UCU;NRG;dummy;;;
UC_Retrofit_StratReno;RW;-;NRG;UC_Retrofit_Sols3Fac1945_MaxNcap_;Positive dummy var for UC: UC_Retrofit_Sols3Fac1945_MaxNcap;UCU;NRG;dummy;;;
MMR_WAM;RW;-;NRG;UC_IND_moderation_cps_;Positive dummy var for UC: UC_IND_moderation_cps;UCU;NRG;dummy;;;
UC_retrofits_rates_COM;RW;-;NRG;Retrofit_Max-F_C_SA_;Positive dummy var for UC: Retrofit_Max-F_C_SA;UCU;NRG;dummy;;;
UC_Retrofit_StratReno;RW;-;NRG;UC_Retrofit_FenetresAppa1945_MaxNcap_;Positive dummy var for UC: UC_Retrofit_FenetresAppa1945_MaxNcap;UCU;NRG;dummy;;;
UC_Retrofit_Rates;RW;-;NRG;UC_Retrofit_Sols4Fac1976_MaxNcap_;Positive dummy var for UC: UC_Retrofit_Sols4Fac1976_MaxNcap;UCU;NRG;dummy;;;
UC_Retrofit_StratReno;RW;-;NRG;Retrofit_Max-S_C_SA_;Positive dummy var for UC: Retrofit_Max-S_C_SA;UCU;NRG;dummy;;;
UC_Retrofit_Rates;RW;-;NRG;UC_Retrofit_Toits4Fac1976_MaxNcap_;Positive dummy var for UC: UC_Retrofit_Toits4Fac1976_MaxNcap;UCU;NRG;dummy;;;
UC_Retrofit_Rates;RW;-;NRG;UC_Retrofit_Murs3Fac1989_MaxNcap_;Positive dummy var for UC: UC_Retrofit_Murs3Fac1989_MaxNcap;UCU;NRG;dummy;;;
UC_Retrofit_StratReno;RW;-;NRG;UC_Retrofit_Murs4Fac2005_MaxNcap_;Positive dummy var for UC: UC_Retrofit_Murs4Fac2005_MaxNcap;UCU;NRG;dummy;;;
UC_Retrofit_Rates;RW;-;NRG;UC_Retrofit_Fenetres4Fac1989_MaxNcap_;Positive dummy var for UC: UC_Retrofit_Fenetres4Fac1989_MaxNcap;UCU;NRG;dummy;;;
WEM_ART_7;RW;-;NRG;TRA_TLCV_stop_thermique_;Positive dummy var for UC: TRA_TLCV_stop_thermique;UCU;NRG;dummy;;;
MMR_WAM;RW;-;NRG;IND_bil2020GMX-;Negative dummy var for UC: IND_bil2020GMX;UCU;NRG;dummy;;;
UC_Retrofit_Rates;RW;-;NRG;UC_Retrofit_SolsAppa1958_MaxNcap-;Negative dummy var for UC: UC_Retrofit_SolsAppa1958_MaxNcap;UCU;NRG;dummy;;;
UC_Retrofit_Rates;RW;-;NRG;UC_Retrofit_Fenetres3Fac1976_MaxNcap-;Negative dummy var for UC: UC_Retrofit_Fenetres3Fac1976_MaxNcap;UCU;NRG;dummy;;;
UC_Retrofit_StratReno;RW;-;NRG;UC_Retrofit_Murs4Fac1976_MaxNcap-;Negative dummy var for UC: UC_Retrofit_Murs4Fac1976_MaxNcap;UCU;NRG;dummy;;;
MMR_WAM;RW;-;NRG;UC_switch_RSD_moderation_LPG-;Negative dummy var for UC: UC_switch_RSD_moderation_LPG;UCU;NRG;dummy;;;
MMR_WAM;RW;-;NRG;UC_WAM_ELC_CHPIND2025-;Negative dummy var for UC: UC_WAM_ELC_CHPIND2025;UCU;NRG;dummy;;;
UC_Retrofit_Rates;RW;-;NRG;UC_Retrofit_Toits3Fac2005_MaxNcap-;Negative dummy var for UC: UC_Retrofit_Toits3Fac2005_MaxNcap;UCU;NRG;dummy;;;
MMR_WAM;RW;-;NRG;UC_switch_RSD_moderation_GMX-;Negative dummy var for UC: UC_switch_RSD_moderation_GMX;UCU;NRG;dummy;;;
WEM_ART_7;RW;-;NRG;Retrofit_Max-F_C_CS-;Negative dummy var for UC: Retrofit_Max-F_C_CS;UCU;NRG;dummy;;;
UC_Retrofit_StratReno;RW;-;NRG;UC_Retrofit_Toits4Fac2005_MaxNcap-;Negative dummy var for UC: UC_Retrofit_Toits4Fac2005_MaxNcap;UCU;NRG;dummy;;;
UC_Retrofit_Rates;RW;-;NRG;UC_Retrofit_Fenetres2Fac2005_MaxNcap-;Negative dummy var for UC: UC_Retrofit_Fenetres2Fac2005_MaxNcap;UCU;NRG;dummy;;;
UC_Retrofit_Rates;RW;-;NRG;UC_Retrofit_Sols4Fac2005_MaxNcap-;Negative dummy var for UC: UC_Retrofit_Sols4Fac2005_MaxNcap;UCU;NRG;dummy;;;
UC_Retrofit_Rates;RW;-;NRG;UC_Retrofit_Sols3Fac1945_MaxNcap-;Negative dummy var for UC: UC_Retrofit_Sols3Fac1945_MaxNcap;UCU;NRG;dummy;;;
UC_Retrofit_StratReno;RW;-;NRG;UC_Retrofit_Murs3Fac1945_MaxNcap-;Negative dummy var for UC: UC_Retrofit_Murs3Fac1945_MaxNcap;UCU;NRG;dummy;;;
UC_Retrofit_StratReno;RW;-;NRG;UC_Retrofit_Murs4Fac1945_MaxNcap_;Positive dummy var for UC: UC_Retrofit_Murs4Fac1945_MaxNcap;UCU;NRG;dummy;;;
UC_Retrofit_Rates;RW;-;NRG;UC_Retrofit_Sols2Fac1945_MaxNcap_;Positive dummy var for UC: UC_Retrofit_Sols2Fac1945_MaxNcap;UCU;NRG;dummy;;;
UC_Retrofit_StratReno;RW;-;NRG;Retrofit_Max-S_C_CO_;Positive dummy var for UC: Retrofit_Max-S_C_CO;UCU;NRG;dummy;;;
UC_Retrofit_StratReno;RW;-;NRG;UC_Retrofit_Sols2Fac1976_MaxNcap_;Positive dummy var for UC: UC_Retrofit_Sols2Fac1976_MaxNcap;UCU;NRG;dummy;;;
UC_retrofits_rates_COM;RW;-;NRG;Retrofit_Max-S_C_SA_;Positive dummy var for UC: Retrofit_Max-S_C_SA;UCU;NRG;dummy;;;
UC_Retrofit_StratReno;RW;-;NRG;UC_Retrofit_Toits2Fac1945_MaxNcap_;Positive dummy var for UC: UC_Retrofit_Toits2Fac1945_MaxNcap;UCU;NRG;dummy;;;
UC_Retrofit_Rates;RW;-;NRG;UC_Retrofit_Fenetres2Fac1989_MaxNcap_;Positive dummy var for UC: UC_Retrofit_Fenetres2Fac1989_MaxNcap;UCU;NRG;dummy;;;
UC_Retrofit_StratReno;RW;-;NRG;Retrofit_Max-S_C_EN_;Positive dummy var for UC: Retrofit_Max-S_C_EN;UCU;NRG;dummy;;;
UC_retrofits_rates_COM;RW;-;NRG;Retrofit_Max-S_C_EN_;Positive dummy var for UC: Retrofit_Max-S_C_EN;UCU;NRG;dummy;;;
WEM_ART_7;RW;-;NRG;Retrofit_Max-F_C_EN_;Positive dummy var for UC: Retrofit_Max-F_C_EN;UCU;NRG;dummy;;;
UC_Retrofit_Rates;RW;-;NRG;UC_Retrofit_Murs4Fac2005_MaxNcap_;Positive dummy var for UC: UC_Retrofit_Murs4Fac2005_MaxNcap;UCU;NRG;dummy;;;
UC_Retrofit_Rates;RW;-;NRG;UC_Retrofit_Sols3Fac2005_MaxNcap_;Positive dummy var for UC: UC_Retrofit_Sols3Fac2005_MaxNcap;UCU;NRG;dummy;;;
UC_Retrofit_StratReno;RW;-;NRG;Retrofit_Max-F_C_CS-;Negative dummy var for UC: Retrofit_Max-F_C_CS;UCU;NRG;dummy;;;
UC_Retrofit_StratReno;RW;-;NRG;UC_Retrofit_Fenetres3Fac2005_MaxNcap-;Negative dummy var for UC: UC_Retrofit_Fenetres3Fac2005_MaxNcap;UCU;NRG;dummy;;;
MMR_WAM;RW;-;NRG;IND_bilan20_OIL-;Negative dummy var for UC: IND_bilan20_OIL;UCU;NRG;dummy;;;
UC_Retrofit_StratReno;RW;-;NRG;UC_Retrofit_MursAppa2005_MaxNcap-;Negative dummy var for UC: UC_Retrofit_MursAppa2005_MaxNcap;UCU;NRG;dummy;;;
UC_Retrofit_StratReno;RW;-;NRG;Retrofit_Max-T_C_CO-;Negative dummy var for UC: Retrofit_Max-T_C_CO;UCU;NRG;dummy;;;
UC_Retrofit_StratReno;RW;-;NRG;Retrofit_Max-S_C_BP-;Negative dummy var for UC: Retrofit_Max-S_C_BP;UCU;NRG;dummy;;;
UC_Retrofit_Rates;RW;-;NRG;UC_Retrofit_FenetresAppa1945_MaxNcap-;Negative dummy var for UC: UC_Retrofit_FenetresAppa1945_MaxNcap;UCU;NRG;dummy;;;
UC_retrofits_rates_COM;RW;-;NRG;Retrofit_Max-S_C_CO-;Negative dummy var for UC: Retrofit_Max-S_C_CO;UCU;NRG;dummy;;;
UC_Retrofit_StratReno;RW;-;NRG;UC_Retrofit_SolsAppa1958_MaxNcap-;Negative dummy var for UC: UC_Retrofit_SolsAppa1958_MaxNcap;UCU;NRG;dummy;;;
MMR_WAM;RW;-;NRG;UC_switch_RSD_moderation_OIL-;Negative dummy var for UC: UC_switch_RSD_moderation_OIL;UCU;NRG;dummy;;;
MMR_WAM;RW;-;NRG;IND_bilan20_COA-;Negative dummy var for UC: IND_bilan20_COA;UCU;NRG;dummy;;;
UC_Retrofit_Rates;RW;-;NRG;UC_Retrofit_Fenetres2Fac1976_MaxNcap-;Negative dummy var for UC: UC_Retrofit_Fenetres2Fac1976_MaxNcap;UCU;NRG;dummy;;;
WEM_ART_7;RW;-;NRG;Retrofit_Max-M_C_CO-;Negative dummy var for UC: Retrofit_Max-M_C_CO;UCU;NRG;dummy;;;
MMR_WAM;RW;-;NRG;UC_WEM_ELC_PV_35-;Negative dummy var for UC: UC_WEM_ELC_PV_35;UCU;NRG;dummy;;;
UC_Retrofit_Rates;RW;-;NRG;UC_Retrofit_Murs4Fac1958_MaxNcap-;Negative dummy var for UC: UC_Retrofit_Murs4Fac1958_MaxNcap;UCU;NRG;dummy;;;
UC_Retrofit_StratReno;RW;-;NRG;UC_Retrofit_Sols4Fac2005_MaxNcap-;Negative dummy var for UC: UC_Retrofit_Sols4Fac2005_MaxNcap;UCU;NRG;dummy;;;
UC_Retrofit_StratReno;RW;-;NRG;UC_Retrofit_Fenetres4Fac2005_MaxNcap-;Negative dummy var for UC: UC_Retrofit_Fenetres4Fac2005_MaxNcap;UCU;NRG;dummy;;;
UC_Retrofit_StratReno;RW;-;NRG;UC_Retrofit_Sols4Fac1989_MaxNcap_;Positive dummy var for UC: UC_Retrofit_Sols4Fac1989_MaxNcap;UCU;NRG;dummy;;;
UC_Retrofit_StratReno;RW;-;NRG;UC_Retrofit_Sols4Fac1958_MaxNcap_;Positive dummy var for UC: UC_Retrofit_Sols4Fac1958_MaxNcap;UCU;NRG;dummy;;;
UC_Retrofit_StratReno;RW;-;NRG;UC_Retrofit_Murs3Fac1976_MaxNcap_;Positive dummy var for UC: UC_Retrofit_Murs3Fac1976_MaxNcap;UCU;NRG;dummy;;;
UC_Retrofit_Rates;RW;-;NRG;UC_Retrofit_MursAppa2005_MaxNcap_;Positive dummy var for UC: UC_Retrofit_MursAppa2005_MaxNcap;UCU;NRG;dummy;;;
UC_retrofits_rates_COM;RW;-;NRG;Retrofit_Max-F_C_EN_;Positive dummy var for UC: Retrofit_Max-F_C_EN;UCU;NRG;dummy;;;
UC_Retrofit_Rates;RW;-;NRG;UC_Retrofit_Murs3Fac1958_MaxNcap_;Positive dummy var for UC: UC_Retrofit_Murs3Fac1958_MaxNcap;UCU;NRG;dummy;;;
UC_Retrofit_StratReno;RW;-;NRG;UC_Retrofit_Murs2Fac1989_MaxNcap_;Positive dummy var for UC: UC_Retrofit_Murs2Fac1989_MaxNcap;UCU;NRG;dummy;;;
WEM_ART_7;RW;-;NRG;Tra_car_fiscalite_elc_;Positive dummy var for UC: Tra_car_fiscalite_elc;UCU;NRG;dummy;;;
UC_Retrofit_Rates;RW;-;NRG;UC_Retrofit_Murs2Fac1958_MaxNcap_;Positive dummy var for UC: UC_Retrofit_Murs2Fac1958_MaxNcap;UCU;NRG;dummy;;;
MMR_WAM;RW;-;NRG;UC_switch_COM_cpswood_;Positive dummy var for UC: UC_switch_COM_cpswood;UCU;NRG;dummy;;;
UC_Retrofit_StratReno;RW;-;NRG;UC_Retrofit_Sols2Fac1945_MaxNcap_;Positive dummy var for UC: UC_Retrofit_Sols2Fac1945_MaxNcap;UCU;NRG;dummy;;;
UC_Retrofit_StratReno;RW;-;NRG;UC_Retrofit_ToitsAppa1989_MaxNcap-;Negative dummy var for UC: UC_Retrofit_ToitsAppa1989_MaxNcap;UCU;NRG;dummy;;;
UC_Retrofit_Rates;RW;-;NRG;UC_Retrofit_Toits2Fac1958_MaxNcap-;Negative dummy var for UC: UC_Retrofit_Toits2Fac1958_MaxNcap;UCU;NRG;dummy;;;
MMR_WAM;RW;-;NRG;IND_bil2022ELC-;Negative dummy var for UC: IND_bil2022ELC;UCU;NRG;dummy;;;
UC_Retrofit_StratReno;RW;-;NRG;UC_Retrofit_FenetresAppa1989_MaxNcap-;Negative dummy var for UC: UC_Retrofit_FenetresAppa1989_MaxNcap;UCU;NRG;dummy;;;
UC_Retrofit_StratReno;RW;-;NRG;UC_Retrofit_Toits2Fac1989_MaxNcap-;Negative dummy var for UC: UC_Retrofit_Toits2Fac1989_MaxNcap;UCU;NRG;dummy;;;
UC_Retrofit_Rates;RW;-;NRG;UC_Retrofit_Murs2Fac1945_MaxNcap-;Negative dummy var for UC: UC_Retrofit_Murs2Fac1945_MaxNcap;UCU;NRG;dummy;;;
UC_Retrofit_Rates;RW;-;NRG;UC_Retrofit_SolsAppa1945_MaxNcap-;Negative dummy var for UC: UC_Retrofit_SolsAppa1945_MaxNcap;UCU;NRG;dummy;;;
MMR_WAM;RW;-;NRG;UC_WAM_ELC_PV2020-;Negative dummy var for UC: UC_WAM_ELC_PV2020;UCU;NRG;dummy;;;
UC_Retrofit_Rates;RW;-;NRG;UC_Retrofit_SolsAppa1976_MaxNcap-;Negative dummy var for UC: UC_Retrofit_SolsAppa1976_MaxNcap;UCU;NRG;dummy;;;
UC_Retrofit_StratReno;RW;-;NRG;UC_Retrofit_Toits3Fac1976_MaxNcap-;Negative dummy var for UC: UC_Retrofit_Toits3Fac1976_MaxNcap;UCU;NRG;dummy;;;
WEM_ART_7;RW;-;NRG;Retrofit_Max-S-R-;Negative dummy var for UC: Retrofit_Max-S-R;UCU;NRG;dummy;;;
MMR_WAM;RW;-;NRG;UC_WAM_ELC_CHPIND2020-;Negative dummy var for UC: UC_WAM_ELC_CHPIND2020;UCU;NRG;dummy;;;
UC_Retrofit_StratReno;RW;-;NRG;UC_Retrofit_Fenetres2Fac1989_MaxNcap-;Negative dummy var for UC: UC_Retrofit_Fenetres2Fac1989_MaxNcap;UCU;NRG;dummy;;;
UC_Retrofit_StratReno;RW;-;NRG;UC_Retrofit_MursAppa1958_MaxNcap-;Negative dummy var for UC: UC_Retrofit_MursAppa1958_MaxNcap;UCU;NRG;dummy;;;
UC_Retrofit_StratReno;RW;-;NRG;UC_Retrofit_Murs2Fac1945_MaxNcap-;Negative dummy var for UC: UC_Retrofit_Murs2Fac1945_MaxNcap;UCU;NRG;dummy;;;
UC_Retrofit_StratReno;RW;-;NRG;UC_Retrofit_Toits3Fac2005_MaxNcap-;Negative dummy var for UC: UC_Retrofit_Toits3Fac2005_MaxNcap;UCU;NRG;dummy;;;
UC_Retrofit_Rates;RW;-;NRG;UC_Retrofit_FenetresAppa1958_MaxNcap-;Negative dummy var for UC: UC_Retrofit_FenetresAppa1958_MaxNcap;UCU;NRG;dummy;;;
UC_Retrofit_StratReno;RW;-;NRG;UC_Retrofit_Murs2Fac1958_MaxNcap-;Negative dummy var for UC: UC_Retrofit_Murs2Fac1958_MaxNcap;UCU;NRG;dummy;;;
UC_Retrofit_StratReno;RW;-;NRG;UC_Retrofit_Sols2Fac2005_MaxNcap_;Positive dummy var for UC: UC_Retrofit_Sols2Fac2005_MaxNcap;UCU;NRG;dummy;;;
UC_Retrofit_StratReno;RW;-;NRG;UC_Retrofit_Fenetres4Fac1989_MaxNcap_;Positive dummy var for UC: UC_Retrofit_Fenetres4Fac1989_MaxNcap;UCU;NRG;dummy;;;
UC_Retrofit_Rates;RW;-;NRG;UC_Retrofit_Fenetres3Fac1945_MaxNcap_;Positive dummy var for UC: UC_Retrofit_Fenetres3Fac1945_MaxNcap;UCU;NRG;dummy;;;
UC_Retrofit_StratReno;RW;-;NRG;UC_Retrofit_Murs4Fac1958_MaxNcap_;Positive dummy var for UC: UC_Retrofit_Murs4Fac1958_MaxNcap;UCU;NRG;dummy;;;
UC_Retrofit_StratReno;RW;-;NRG;Retrofit_Max-T_C_CS_;Positive dummy var for UC: Retrofit_Max-T_C_CS;UCU;NRG;dummy;;;
WEM_ART_7;RW;-;NRG;Retrofit_C_WEM_BY+1_;Positive dummy var for UC: Retrofit_C_WEM_BY+1;UCU;NRG;dummy;;;
UC_Retrofit_StratReno;RW;-;NRG;Retrofit_Max-F_C_CO_;Positive dummy var for UC: Retrofit_Max-F_C_CO;UCU;NRG;dummy;;;
UC_Retrofit_StratReno;RW;-;NRG;UC_Retrofit_Fenetres2Fac1958_MaxNcap_;Positive dummy var for UC: UC_Retrofit_Fenetres2Fac1958_MaxNcap;UCU;NRG;dummy;;;
WEM_ART_7;RW;-;NRG;Retrofit_Max-S_C_CO_;Positive dummy var for UC: Retrofit_Max-S_C_CO;UCU;NRG;dummy;;;
UC_Retrofit_StratReno;RW;-;NRG;Retrofit_Max-M_C_CO-;Negative dummy var for UC: Retrofit_Max-M_C_CO;UCU;NRG;dummy;;;
UC_Linking_Cap_HP-Retrofit;RW;-;NRG;UC_Linking_Cap_Ret-HP-;Negative dummy var for UC: UC_Linking_Cap_Ret-HP;UCU;NRG;dummy;;;
UC_Retrofit_StratReno;RW;-;NRG;UC_Retrofit_Toits3Fac1989_MaxNcap-;Negative dummy var for UC: UC_Retrofit_Toits3Fac1989_MaxNcap;UCU;NRG;dummy;;;
MMR_WAM;RW;-;NRG;IND_bil2025CPS-;Negative dummy var for UC: IND_bil2025CPS;UCU;NRG;dummy;;;
UC_Retrofit_StratReno;RW;-;NRG;UC_Retrofit_Sols4Fac1976_MaxNcap-;Negative dummy var for UC: UC_Retrofit_Sols4Fac1976_MaxNcap;UCU;NRG;dummy;;;
WEM_ART_7;RW;-;NRG;PV_resentiel-;Negative dummy var for UC: PV_resentiel;UCU;NRG;dummy;;;
WEM_ART_7;RW;-;NRG;RSD_PEL_Chaudiere_prime-;Negative dummy var for UC: RSD_PEL_Chaudiere_prime;UCU;NRG;dummy;;;
UC_retrofits_rates_COM;RW;-;NRG;Retrofit_Max-M_C_CO-;Negative dummy var for UC: Retrofit_Max-M_C_CO;UCU;NRG;dummy;;;
UC_Retrofit_StratReno;RW;-;NRG;Retrofit_Max-M_C_EN-;Negative dummy var for UC: Retrofit_Max-M_C_EN;UCU;NRG;dummy;;;
UC_Retrofit_StratReno;RW;-;NRG;Retrofit_Max-M_C_BA-;Negative dummy var for UC: Retrofit_Max-M_C_BA;UCU;NRG;dummy;;;
UC_Retrofit_Rates;RW;-;NRG;UC_Retrofit_Murs3Fac1945_MaxNcap-;Negative dummy var for UC: UC_Retrofit_Murs3Fac1945_MaxNcap;UCU;NRG;dummy;;;
UC_Retrofit_StratReno;RW;-;NRG;UC_Retrofit_Sols3Fac1958_MaxNcap-;Negative dummy var for UC: UC_Retrofit_Sols3Fac1958_MaxNcap;UCU;NRG;dummy;;;
UC_Retrofit_Rates;RW;-;NRG;UC_Retrofit_Toits4Fac1945_MaxNcap-;Negative dummy var for UC: UC_Retrofit_Toits4Fac1945_MaxNcap;UCU;NRG;dummy;;;
UC_retrofits_rates_COM;RW;-;NRG;Retrofit_Max-F_C_BP-;Negative dummy var for UC: Retrofit_Max-F_C_BP;UCU;NRG;dummy;;;
UC_Retrofit_StratReno;RW;-;NRG;UC_Retrofit_Sols4Fac1945_MaxNcap-;Negative dummy var for UC: UC_Retrofit_Sols4Fac1945_MaxNcap;UCU;NRG;dummy;;;
UC_Retrofit_StratReno;RW;-;NRG;UC_Retrofit_ToitsAppa2005_MaxNcap-;Negative dummy var for UC: UC_Retrofit_ToitsAppa2005_MaxNcap;UCU;NRG;dummy;;;
UC_Retrofit_Rates;RW;-;NRG;UC_Retrofit_Toits3Fac1989_MaxNcap-;Negative dummy var for UC: UC_Retrofit_Toits3Fac1989_MaxNcap;UCU;NRG;dummy;;;
UC_Retrofit_StratReno;RW;-;NRG;UC_Retrofit_MursAppa1976_MaxNcap-;Negative dummy var for UC: UC_Retrofit_MursAppa1976_MaxNcap;UCU;NRG;dummy;;;
UC_retrofits_rates_COM;RW;-;NRG;Retrofit_Max-T_C_BA-;Negative dummy var for UC: Retrofit_Max-T_C_BA;UCU;NRG;dummy;;;
UC_Retrofit_StratReno;RW;-;NRG;UC_Retrofit_MursAppa1989_MaxNcap-;Negative dummy var for UC: UC_Retrofit_MursAppa1989_MaxNcap;UCU;NRG;dummy;;;
UC_Retrofit_StratReno;RW;-;NRG;UC_Retrofit_Sols3Fac2005_MaxNcap-;Negative dummy var for UC: UC_Retrofit_Sols3Fac2005_MaxNcap;UCU;NRG;dummy;;;
UC_Retrofit_Rates;RW;-;NRG;UC_Retrofit_Murs3Fac1976_MaxNcap-;Negative dummy var for UC: UC_Retrofit_Murs3Fac1976_MaxNcap;UCU;NRG;dummy;;;
UC_Retrofit_StratReno;RW;-;NRG;UC_Retrofit_Murs3Fac2005_MaxNcap-;Negative dummy var for UC: UC_Retrofit_Murs3Fac2005_MaxNcap;UCU;NRG;dummy;;;
UC_Retrofit_Rates;RW;-;NRG;UC_Retrofit_Toits2Fac1989_MaxNcap-;Negative dummy var for UC: UC_Retrofit_Toits2Fac1989_MaxNcap;UCU;NRG;dummy;;;
UC_Retrofit_Rates;RW;-;NRG;UC_Retrofit_MursAppa1958_MaxNcap-;Negative dummy var for UC: UC_Retrofit_MursAppa1958_MaxNcap;UCU;NRG;dummy;;;
UC_Retrofit_StratReno;RW;-;NRG;Retrofit_Max-T_C_BP-;Negative dummy var for UC: Retrofit_Max-T_C_BP;UCU;NRG;dummy;;;
UC_Retrofit_StratReno;RW;-;NRG;UC_Retrofit_Toits4Fac1945_MaxNcap-;Negative dummy var for UC: UC_Retrofit_Toits4Fac1945_MaxNcap;UCU;NRG;dummy;;;
MMR_WAM;RW;-;NRG;UC_IND_moderation_biom-;Negative dummy var for UC: UC_IND_moderation_biom;UCU;NRG;dummy;;;
UC_Retrofit_Rates;RW;-;NRG;UC_Retrofit_Sols2Fac1976_MaxNcap-;Negative dummy var for UC: UC_Retrofit_Sols2Fac1976_MaxNcap;UCU;NRG;dummy;;;
UC_Retrofit_StratReno;RW;-;NRG;UC_Retrofit_Toits2Fac1958_MaxNcap-;Negative dummy var for UC: UC_Retrofit_Toits2Fac1958_MaxNcap;UCU;NRG;dummy;;;
UC_Retrofit_StratReno;RW;-;NRG;Retrofit_Max-S_C_BA-;Negative dummy var for UC: Retrofit_Max-S_C_BA;UCU;NRG;dummy;;;
UC_retrofits_rates_COM;RW;-;NRG;Retrofit_Max-T_C_CS-;Negative dummy var for UC: Retrofit_Max-T_C_CS;UCU;NRG;dummy;;;
UC_Retrofit_Rates;RW;-;NRG;UC_Retrofit_Murs2Fac1976_MaxNcap-;Negative dummy var for UC: UC_Retrofit_Murs2Fac1976_MaxNcap;UCU;NRG;dummy;;;
UC_Retrofit_Rates;RW;-;NRG;UC_Retrofit_FenetresAppa2005_MaxNcap-;Negative dummy var for UC: UC_Retrofit_FenetresAppa2005_MaxNcap;UCU;NRG;dummy;;;
UC_Retrofit_Rates;RW;-;NRG;UC_Retrofit_Fenetres4Fac1958_MaxNcap-;Negative dummy var for UC: UC_Retrofit_Fenetres4Fac1958_MaxNcap;UCU;NRG;dummy;;;
UC_Retrofit_StratReno;RW;-;NRG;UC_Retrofit_Murs3Fac1989_MaxNcap-;Negative dummy var for UC: UC_Retrofit_Murs3Fac1989_MaxNcap;UCU;NRG;dummy;;;
UC_retrofits_rates_COM;RW;-;NRG;Retrofit_Max-M_C_SA-;Negative dummy var for UC: Retrofit_Max-M_C_SA;UCU;NRG;dummy;;;
UC_Retrofit_StratReno;RW;-;NRG;UC_Retrofit_Toits4Fac1989_MaxNcap-;Negative dummy var for UC: UC_Retrofit_Toits4Fac1989_MaxNcap;UCU;NRG;dummy;;;
UC_Retrofit_Rates;RW;-;NRG;UC_Retrofit_Fenetres4Fac1945_MaxNcap-;Negative dummy var for UC: UC_Retrofit_Fenetres4Fac1945_MaxNcap;UCU;NRG;dummy;;;
MMR_WAM;RW;-;NRG;UC_switch_COM_moderation_OIL-;Negative dummy var for UC: UC_switch_COM_moderation_OIL;UCU;NRG;dummy;;;
UC_Retrofit_Rates;RW;-;NRG;UC_Retrofit_SolsAppa1989_MaxNcap-;Negative dummy var for UC: UC_Retrofit_SolsAppa1989_MaxNcap;UCU;NRG;dummy;;;
WEM_ART_7;RW;-;NRG;Retrofit_Max-M_C_EN-;Negative dummy var for UC: Retrofit_Max-M_C_EN;UCU;NRG;dummy;;;
UC_Retrofit_StratReno;RW;-;NRG;UC_Retrofit_Toits3Fac1945_MaxNcap-;Negative dummy var for UC: UC_Retrofit_Toits3Fac1945_MaxNcap;UCU;NRG;dummy;;;
UC_Retrofit_Rates;RW;-;NRG;UC_Retrofit_Murs4Fac1989_MaxNcap-;Negative dummy var for UC: UC_Retrofit_Murs4Fac1989_MaxNcap;UCU;NRG;dummy;;;
UC_Retrofit_StratReno;RW;-;NRG;Retrofit_Max-F_C_BA-;Negative dummy var for UC: Retrofit_Max-F_C_BA;UCU;NRG;dummy;;;
UC_Retrofit_Rates;RW;-;NRG;UC_Retrofit_Sols3Fac1989_MaxNcap-;Negative dummy var for UC: UC_Retrofit_Sols3Fac1989_MaxNcap;UCU;NRG;dummy;;;
UC_retrofits_rates_COM;RW;-;NRG;Retrofit_Max-F_C_CS-;Negative dummy var for UC: Retrofit_Max-F_C_CS;UCU;NRG;dummy;;;
UC_retrofits_rates_COM;RW;-;NRG;Retrofit_Max-S_C_BA-;Negative dummy var for UC: Retrofit_Max-S_C_BA;UCU;NRG;dummy;;;
UC_retrofits_rates_COM;RW;-;NRG;Retrofit_Max-S_C_BP-;Negative dummy var for UC: Retrofit_Max-S_C_BP;UCU;NRG;dummy;;;
UC_Retrofit_Rates;RW;-;NRG;UC_Retrofit_Sols4Fac1945_MaxNcap-;Negative dummy var for UC: UC_Retrofit_Sols4Fac1945_MaxNcap;UCU;NRG;dummy;;;
UC_Retrofit_Rates;RW;-;NRG;UC_Retrofit_ToitsAppa1989_MaxNcap-;Negative dummy var for UC: UC_Retrofit_ToitsAppa1989_MaxNcap;UCU;NRG;dummy;;;
UC_Retrofit_StratReno;RW;-;NRG;UC_Retrofit_Murs4Fac1989_MaxNcap-;Negative dummy var for UC: UC_Retrofit_Murs4Fac1989_MaxNcap;UCU;NRG;dummy;;;
UC_Retrofit_Rates;RW;-;NRG;UC_Retrofit_Sols4Fac1958_MaxNcap-;Negative dummy var for UC: UC_Retrofit_Sols4Fac1958_MaxNcap;UCU;NRG;dummy;;;
UC_Retrofit_StratReno;RW;-;NRG;UC_Retrofit_ToitsAppa1976_MaxNcap-;Negative dummy var for UC: UC_Retrofit_ToitsAppa1976_MaxNcap;UCU;NRG;dummy;;;
WEM_ART_7;RW;-;NRG;RSD_PEL_Poele_prime-;Negative dummy var for UC: RSD_PEL_Poele_prime;UCU;NRG;dummy;;;
WEM_ART_7;RW;-;NRG;Retrofit_Max-M_C_SA-;Negative dummy var for UC: Retrofit_Max-M_C_SA;UCU;NRG;dummy;;;
UC_Retrofit_StratReno;RW;-;NRG;UC_Retrofit_Fenetres4Fac1945_MaxNcap-;Negative dummy var for UC: UC_Retrofit_Fenetres4Fac1945_MaxNcap;UCU;NRG;dummy;;;
WEM_ART_7;RW;-;NRG;C-SER_limitation_fossil_New_Appart-;Negative dummy var for UC: C-SER_limitation_fossil_New_Appart;UCU;NRG;dummy;;;
WEM_ART_7;RW;-;NRG;Retrofit_Max-T_C_CS-;Negative dummy var for UC: Retrofit_Max-T_C_CS;UCU;NRG;dummy;;;
UC_Retrofit_Rates;RW;-;NRG;UC_Retrofit_Fenetres3Fac1989_MaxNcap-;Negative dummy var for UC: UC_Retrofit_Fenetres3Fac1989_MaxNcap;UCU;NRG;dummy;;;
WEM_ART_7;RW;-;NRG;RSD_HPRH_prime-;Negative dummy var for UC: RSD_HPRH_prime;UCU;NRG;dummy;;;
UC_Retrofit_Rates;RW;-;NRG;UC_Retrofit_ToitsAppa2005_MaxNcap-;Negative dummy var for UC: UC_Retrofit_ToitsAppa2005_MaxNcap;UCU;NRG;dummy;;;
MMR_WAM;RW;-;NRG;UC_switch_RSD_2020_OIL-;Negative dummy var for UC: UC_switch_RSD_2020_OIL;UCU;NRG;dummy;;;
WEM_ART_7;RW;-;NRG;Retrofit_C_WEM-;Negative dummy var for UC: Retrofit_C_WEM;UCU;NRG;dummy;;;
UC_retrofits_rates_COM;RW;-;NRG;Retrofit_Max-M_C_BP-;Negative dummy var for UC: Retrofit_Max-M_C_BP;UCU;NRG;dummy;;;
UC_Retrofit_StratReno;RW;-;NRG;UC_Retrofit_Murs2Fac2005_MaxNcap-;Negative dummy var for UC: UC_Retrofit_Murs2Fac2005_MaxNcap;UCU;NRG;dummy;;;
UC_Retrofit_StratReno;RW;-;NRG;UC_Retrofit_ToitsAppa1945_MaxNcap-;Negative dummy var for UC: UC_Retrofit_ToitsAppa1945_MaxNcap;UCU;NRG;dummy;;;
WEM_ART_7;RW;-;NRG;PV_commercial-;Negative dummy var for UC: PV_commercial;UCU;NRG;dummy;;;
WEM_ART_7;RW;-;NRG;C-SER_limitation_fossil_New_maison-;Negative dummy var for UC: C-SER_limitation_fossil_New_maison;UCU;NRG;dummy;;;
UC_Emissions_ETS_capture;RW;-;NRG;Link_elc_CO2c_CO2us-;Negative dummy var for UC: Link_elc_CO2c_CO2us;UCU;NRG;dummy;;;
UC_Retrofit_StratReno;RW;-;NRG;UC_Retrofit_FenetresAppa2005_MaxNcap-;Negative dummy var for UC: UC_Retrofit_FenetresAppa2005_MaxNcap;UCU;NRG;dummy;;;
UC_Retrofit_StratReno;RW;-;NRG;UC_Retrofit_Fenetres3Fac1976_MaxNcap-;Negative dummy var for UC: UC_Retrofit_Fenetres3Fac1976_MaxNcap;UCU;NRG;dummy;;;
WEM_ART_7;RW;-;NRG;RSD_HPRW_prime-;Negative dummy var for UC: RSD_HPRW_prime;UCU;NRG;dummy;;;
UC_Retrofit_StratReno;RW;-;NRG;UC_Retrofit_Sols2Fac1989_MaxNcap-;Negative dummy var for UC: UC_Retrofit_Sols2Fac1989_MaxNcap;UCU;NRG;dummy;;;
UC_Retrofit_StratReno;RW;-;NRG;Retrofit_Max-M_C_CS-;Negative dummy var for UC: Retrofit_Max-M_C_CS;UCU;NRG;dummy;;;
UC_retrofits_rates_COM;RW;-;NRG;Retrofit_Max-S_C_CS-;Negative dummy var for UC: Retrofit_Max-S_C_CS;UCU;NRG;dummy;;;
UC_Retrofit_StratReno;RW;-;NRG;UC_Retrofit_SolsAppa2005_MaxNcap-;Negative dummy var for UC: UC_Retrofit_SolsAppa2005_MaxNcap;UCU;NRG;dummy;;;
UC_Retrofit_StratReno;RW;-;NRG;Retrofit_Max-M_C_BP-;Negative dummy var for UC: Retrofit_Max-M_C_BP;UCU;NRG;dummy;;;
UC_Retrofit_Rates;RW;-;NRG;UC_Retrofit_Murs4Fac1945_MaxNcap-;Negative dummy var for UC: UC_Retrofit_Murs4Fac1945_MaxNcap;UCU;NRG;dummy;;;
WEM_ART_7;RW;-;NRG;Retrofit_Max-F_C_CO-;Negative dummy var for UC: Retrofit_Max-F_C_CO;UCU;NRG;dummy;;;
UC_Retrofit_Rates;RW;-;NRG;UC_Retrofit_MursAppa1976_MaxNcap-;Negative dummy var for UC: UC_Retrofit_MursAppa1976_MaxNcap;UCU;NRG;dummy;;;
UC_Retrofit_StratReno;RW;-;NRG;UC_Retrofit_Fenetres4Fac1958_MaxNcap-;Negative dummy var for UC: UC_Retrofit_Fenetres4Fac1958_MaxNcap;UCU;NRG;dummy;;;
WEM_ART_7;RW;-;NRG;Retrofit_Max-M_C_BP-;Negative dummy var for UC: Retrofit_Max-M_C_BP;UCU;NRG;dummy;;;
WEM_ART_7;RW;-;NRG;Retrofit_Max-M_C_BA-;Negative dummy var for UC: Retrofit_Max-M_C_BA;UCU;NRG;dummy;;;
UC_Retrofit_Rates;RW;-;NRG;UC_Retrofit_ToitsAppa1958_MaxNcap-;Negative dummy var for UC: UC_Retrofit_ToitsAppa1958_MaxNcap;UCU;NRG;dummy;;;
UC_Retrofit_StratReno;RW;-;NRG;UC_Retrofit_Fenetres2Fac1945_MaxNcap-;Negative dummy var for UC: UC_Retrofit_Fenetres2Fac1945_MaxNcap;UCU;NRG;dummy;;;
MMR_WAM;RW;-;NRG;UC_IND_moderation_bioP_lo-;Negative dummy var for UC: UC_IND_moderation_bioP_lo;UCU;NRG;dummy;;;
WEM_ART_7;RW;-;NRG;Retrofit_Max-S_C_CS-;Negative dummy var for UC: Retrofit_Max-S_C_CS;UCU;NRG;dummy;;;
WEM_ART_7;RW;-;NRG;Retrofit_Max-F_C_BP-;Negative dummy var for UC: Retrofit_Max-F_C_BP;UCU;NRG;dummy;;;
UC_Retrofit_StratReno;RW;-;NRG;Retrofit_Max-F_C_BP-;Negative dummy var for UC: Retrofit_Max-F_C_BP;UCU;NRG;dummy;;;
MMR_WAM;RW;-;NRG;UC_PEL_USED_RSD-;Negative dummy var for UC: UC_PEL_USED_RSD;UCU;NRG;dummy;;;
WEM_ART_7;RW;-;NRG;Retrofit_Max-T_C_SA-;Negative dummy var for UC: Retrofit_Max-T_C_SA;UCU;NRG;dummy;;;
UC_Retrofit_Rates;RW;-;NRG;UC_Retrofit_Toits3Fac1976_MaxNcap-;Negative dummy var for UC: UC_Retrofit_Toits3Fac1976_MaxNcap;UCU;NRG;dummy;;;
UC_retrofits_rates_COM;RW;-;NRG;Retrofit_Max-M_C_CS-;Negative dummy var for UC: Retrofit_Max-M_C_CS;UCU;NRG;dummy;;;
WEM_ART_7;RW;-;NRG;Retrofit_Max-M_C_CS-;Negative dummy var for UC: Retrofit_Max-M_C_CS;UCU;NRG;dummy;;;
WEM_ART_7;RW;-;NRG;PV_industrie-;Negative dummy var for UC: PV_industrie;UCU;NRG;dummy;;;
MMR_WAM;RW;-;NRG;UC_switch_RSD_2020_GMX-;Negative dummy var for UC: UC_switch_RSD_2020_GMX;UCU;NRG;dummy;;;
UC_Retrofit_StratReno;RW;-;NRG;UC_Retrofit_Fenetres3Fac1958_MaxNcap-;Negative dummy var for UC: UC_Retrofit_Fenetres3Fac1958_MaxNcap;UCU;NRG;dummy;;;
UC_Retrofit_Rates;RW;-;NRG;UC_Retrofit_Fenetres2Fac1958_MaxNcap-;Negative dummy var for UC: UC_Retrofit_Fenetres2Fac1958_MaxNcap;UCU;NRG;dummy;;;
UC_Retrofit_StratReno;RW;-;NRG;UC_Retrofit_Murs2Fac1976_MaxNcap-;Negative dummy var for UC: UC_Retrofit_Murs2Fac1976_MaxNcap;UCU;NRG;dummy;;;
UC_Retrofit_StratReno;RW;-;NRG;UC_Retrofit_FenetresAppa1945_MaxNcap-;Negative dummy var for UC: UC_Retrofit_FenetresAppa1945_MaxNcap;UCU;NRG;dummy;;;
UC_Retrofit_Rates;RW;-;NRG;UC_Retrofit_Sols4Fac1976_MaxNcap-;Negative dummy var for UC: UC_Retrofit_Sols4Fac1976_MaxNcap;UCU;NRG;dummy;;;
UC_Retrofit_StratReno;RW;-;NRG;Retrofit_Max-S_C_SA-;Negative dummy var for UC: Retrofit_Max-S_C_SA;UCU;NRG;dummy;;;
UC_Retrofit_Rates;RW;-;NRG;UC_Retrofit_Toits4Fac1976_MaxNcap-;Negative dummy var for UC: UC_Retrofit_Toits4Fac1976_MaxNcap;UCU;NRG;dummy;;;
UC_Retrofit_Rates;RW;-;NRG;UC_Retrofit_Murs3Fac1989_MaxNcap-;Negative dummy var for UC: UC_Retrofit_Murs3Fac1989_MaxNcap;UCU;NRG;dummy;;;
UC_Retrofit_StratReno;RW;-;NRG;UC_Retrofit_Murs4Fac2005_MaxNcap-;Negative dummy var for UC: UC_Retrofit_Murs4Fac2005_MaxNcap;UCU;NRG;dummy;;;
UC_Retrofit_Rates;RW;-;NRG;UC_Retrofit_Fenetres4Fac1989_MaxNcap-;Negative dummy var for UC: UC_Retrofit_Fenetres4Fac1989_MaxNcap;UCU;NRG;dummy;;;
WEM_ART_7;RW;-;NRG;TRA_TLCV_stop_thermique-;Negative dummy var for UC: TRA_TLCV_stop_thermique;UCU;NRG;dummy;;;
UC_Retrofit_StratReno;RW;-;NRG;UC_Retrofit_Murs4Fac1945_MaxNcap-;Negative dummy var for UC: UC_Retrofit_Murs4Fac1945_MaxNcap;UCU;NRG;dummy;;;
UC_Retrofit_Rates;RW;-;NRG;UC_Retrofit_Sols2Fac1945_MaxNcap-;Negative dummy var for UC: UC_Retrofit_Sols2Fac1945_MaxNcap;UCU;NRG;dummy;;;
UC_Retrofit_StratReno;RW;-;NRG;Retrofit_Max-S_C_CO-;Negative dummy var for UC: Retrofit_Max-S_C_CO;UCU;NRG;dummy;;;
UC_Retrofit_StratReno;RW;-;NRG;UC_Retrofit_Sols2Fac1976_MaxNcap-;Negative dummy var for UC: UC_Retrofit_Sols2Fac1976_MaxNcap;UCU;NRG;dummy;;;
UC_retrofits_rates_COM;RW;-;NRG;Retrofit_Max-S_C_SA-;Negative dummy var for UC: Retrofit_Max-S_C_SA;UCU;NRG;dummy;;;
UC_Retrofit_StratReno;RW;-;NRG;UC_Retrofit_Toits2Fac1945_MaxNcap-;Negative dummy var for UC: UC_Retrofit_Toits2Fac1945_MaxNcap;UCU;NRG;dummy;;;
UC_Retrofit_Rates;RW;-;NRG;UC_Retrofit_Fenetres2Fac1989_MaxNcap-;Negative dummy var for UC: UC_Retrofit_Fenetres2Fac1989_MaxNcap;UCU;NRG;dummy;;;
UC_Retrofit_Rates;RW;-;NRG;UC_Retrofit_Murs3Fac2005_MaxNcap-;Negative dummy var for UC: UC_Retrofit_Murs3Fac2005_MaxNcap;UCU;NRG;dummy;;;
UC_Retrofit_Rates;RW;-;NRG;UC_Retrofit_Toits2Fac1976_MaxNcap-;Negative dummy var for UC: UC_Retrofit_Toits2Fac1976_MaxNcap;UCU;NRG;dummy;;;
UC_Retrofit_Rates;RW;-;NRG;UC_Retrofit_Murs2Fac1989_MaxNcap-;Negative dummy var for UC: UC_Retrofit_Murs2Fac1989_MaxNcap;UCU;NRG;dummy;;;
UC_Retrofit_StratReno;RW;-;NRG;UC_Retrofit_FenetresAppa1976_MaxNcap-;Negative dummy var for UC: UC_Retrofit_FenetresAppa1976_MaxNcap;UCU;NRG;dummy;;;
WEM_ART_7;RW;-;NRG;Retrofit_Max-F-R-;Negative dummy var for UC: Retrofit_Max-F-R;UCU;NRG;dummy;;;
UC_Retrofit_StratReno;RW;-;NRG;UC_Retrofit_ToitsAppa1958_MaxNcap-;Negative dummy var for UC: UC_Retrofit_ToitsAppa1958_MaxNcap;UCU;NRG;dummy;;;
UC_Retrofit_StratReno;RW;-;NRG;UC_Retrofit_Fenetres3Fac1945_MaxNcap-;Negative dummy var for UC: UC_Retrofit_Fenetres3Fac1945_MaxNcap;UCU;NRG;dummy;;;
WEM_ART_7;RW;-;NRG;Retrofit_Max-S_C_SA-;Negative dummy var for UC: Retrofit_Max-S_C_SA;UCU;NRG;dummy;;;
CO2_Target_Cum;RW;-;NRG;UC_CUMCO2-NETS_203050-;Negative dummy var for UC: UC_CUMCO2-NETS_203050;UCU;NRG;dummy;;;
UC_Retrofit_StratReno;RW;-;NRG;UC_Retrofit_Sols2Fac1958_MaxNcap-;Negative dummy var for UC: UC_Retrofit_Sols2Fac1958_MaxNcap;UCU;NRG;dummy;;;
UC_Retrofit_StratReno;RW;-;NRG;Retrofit_Max-F_C_SA-;Negative dummy var for UC: Retrofit_Max-F_C_SA;UCU;NRG;dummy;;;
UC_Retrofit_StratReno;RW;-;NRG;Retrofit_Max-S_C_EN-;Negative dummy var for UC: Retrofit_Max-S_C_EN;UCU;NRG;dummy;;;
UC_retrofits_rates_COM;RW;-;NRG;Retrofit_Max-S_C_EN-;Negative dummy var for UC: Retrofit_Max-S_C_EN;UCU;NRG;dummy;;;
WEM_ART_7;RW;-;NRG;Retrofit_Max-F_C_EN-;Negative dummy var for UC: Retrofit_Max-F_C_EN;UCU;NRG;dummy;;;
UC_Retrofit_Rates;RW;-;NRG;UC_Retrofit_Murs4Fac2005_MaxNcap-;Negative dummy var for UC: UC_Retrofit_Murs4Fac2005_MaxNcap;UCU;NRG;dummy;;;
UC_Retrofit_Rates;RW;-;NRG;UC_Retrofit_Sols3Fac2005_MaxNcap-;Negative dummy var for UC: UC_Retrofit_Sols3Fac2005_MaxNcap;UCU;NRG;dummy;;;
UC_Retrofit_StratReno;RW;-;NRG;UC_Retrofit_Sols4Fac1989_MaxNcap-;Negative dummy var for UC: UC_Retrofit_Sols4Fac1989_MaxNcap;UCU;NRG;dummy;;;
UC_Retrofit_StratReno;RW;-;NRG;UC_Retrofit_Sols4Fac1958_MaxNcap-;Negative dummy var for UC: UC_Retrofit_Sols4Fac1958_MaxNcap;UCU;NRG;dummy;;;
UC_Retrofit_StratReno;RW;-;NRG;UC_Retrofit_Murs3Fac1976_MaxNcap-;Negative dummy var for UC: UC_Retrofit_Murs3Fac1976_MaxNcap;UCU;NRG;dummy;;;
UC_Retrofit_StratReno;RW;-;NRG;UC_Retrofit_Murs3Fac1958_MaxNcap-;Negative dummy var for UC: UC_Retrofit_Murs3Fac1958_MaxNcap;UCU;NRG;dummy;;;
UC_retrofits_rates_COM;RW;-;NRG;Retrofit_Max-T_C_BP-;Negative dummy var for UC: Retrofit_Max-T_C_BP;UCU;NRG;dummy;;;
UC_Retrofit_Rates;RW;-;NRG;UC_Retrofit_Toits2Fac1945_MaxNcap-;Negative dummy var for UC: UC_Retrofit_Toits2Fac1945_MaxNcap;UCU;NRG;dummy;;;
UC_Retrofit_Rates;RW;-;NRG;UC_Retrofit_Fenetres3Fac1958_MaxNcap-;Negative dummy var for UC: UC_Retrofit_Fenetres3Fac1958_MaxNcap;UCU;NRG;dummy;;;
UC_Retrofit_Rates;RW;-;NRG;UC_Retrofit_Toits3Fac1945_MaxNcap-;Negative dummy var for UC: UC_Retrofit_Toits3Fac1945_MaxNcap;UCU;NRG;dummy;;;
UC_Retrofit_Rates;RW;-;NRG;UC_Retrofit_ToitsAppa1976_MaxNcap-;Negative dummy var for UC: UC_Retrofit_ToitsAppa1976_MaxNcap;UCU;NRG;dummy;;;
UC_Retrofit_Rates;RW;-;NRG;UC_Retrofit_Fenetres4Fac1976_MaxNcap-;Negative dummy var for UC: UC_Retrofit_Fenetres4Fac1976_MaxNcap;UCU;NRG;dummy;;;
UC_Retrofit_StratReno;RW;-;NRG;UC_Retrofit_Fenetres2Fac1976_MaxNcap-;Negative dummy var for UC: UC_Retrofit_Fenetres2Fac1976_MaxNcap;UCU;NRG;dummy;;;
UC_Retrofit_StratReno;RW;-;NRG;UC_Retrofit_Toits3Fac1958_MaxNcap-;Negative dummy var for UC: UC_Retrofit_Toits3Fac1958_MaxNcap;UCU;NRG;dummy;;;
UC_Retrofit_Rates;RW;-;NRG;UC_Retrofit_Sols2Fac1958_MaxNcap-;Negative dummy var for UC: UC_Retrofit_Sols2Fac1958_MaxNcap;UCU;NRG;dummy;;;
WEM_ART_7;RW;-;NRG;TRA_CAR_stop_thermique-;Negative dummy var for UC: TRA_CAR_stop_thermique;UCU;NRG;dummy;;;
UC_Emissions_ETS_capture;RW;-;NRG;Link_IND_CO2c_CO2us-;Negative dummy var for UC: Link_IND_CO2c_CO2us;UCU;NRG;dummy;;;
WEM_ART_7;RW;-;NRG;Retrofit_Max-T_C_BP-;Negative dummy var for UC: Retrofit_Max-T_C_BP;UCU;NRG;dummy;;;
UC_Retrofit_StratReno;RW;-;NRG;Retrofit_Max-T_C_EN-;Negative dummy var for UC: Retrofit_Max-T_C_EN;UCU;NRG;dummy;;;
UC_Retrofit_StratReno;RW;-;NRG;UC_Retrofit_SolsAppa1945_MaxNcap-;Negative dummy var for UC: UC_Retrofit_SolsAppa1945_MaxNcap;UCU;NRG;dummy;;;
UC_Retrofit_Rates;RW;-;NRG;UC_Retrofit_FenetresAppa1989_MaxNcap-;Negative dummy var for UC: UC_Retrofit_FenetresAppa1989_MaxNcap;UCU;NRG;dummy;;;
MMR_WAM;RW;-;NRG;UC_WAM_ELC_hyd-;Negative dummy var for UC: UC_WAM_ELC_hyd;UCU;NRG;dummy;;;
CO2_Target_Cum;RW;-;NRG;UC_CUMCO2-NETS_2050-;Negative dummy var for UC: UC_CUMCO2-NETS_2050;UCU;NRG;dummy;;;
MMR_WAM;RW;-;NRG;UC_IND_moderation_bioCHP_lo-;Negative dummy var for UC: UC_IND_moderation_bioCHP_lo;UCU;NRG;dummy;;;
WEM_ART_7;RW;-;NRG;Retrofit_Max-M-R-;Negative dummy var for UC: Retrofit_Max-M-R;UCU;NRG;dummy;;;
UC_Retrofit_Rates;RW;-;NRG;UC_Retrofit_SolsAppa2005_MaxNcap-;Negative dummy var for UC: UC_Retrofit_SolsAppa2005_MaxNcap;UCU;NRG;dummy;;;
WEM_ART_7;RW;-;NRG;Retrofit_Max-T_C_CO-;Negative dummy var for UC: Retrofit_Max-T_C_CO;UCU;NRG;dummy;;;
UC_retrofits_rates_COM;RW;-;NRG;Retrofit_Max-T_C_SA-;Negative dummy var for UC: Retrofit_Max-T_C_SA;UCU;NRG;dummy;;;
UC_Retrofit_StratReno;RW;-;NRG;UC_Retrofit_Fenetres2Fac2005_MaxNcap-;Negative dummy var for UC: UC_Retrofit_Fenetres2Fac2005_MaxNcap;UCU;NRG;dummy;;;
UC_Retrofit_StratReno;RW;-;NRG;UC_Retrofit_SolsAppa1989_MaxNcap-;Negative dummy var for UC: UC_Retrofit_SolsAppa1989_MaxNcap;UCU;NRG;dummy;;;
UC_Retrofit_Rates;RW;-;NRG;UC_Retrofit_FenetresAppa1976_MaxNcap-;Negative dummy var for UC: UC_Retrofit_FenetresAppa1976_MaxNcap;UCU;NRG;dummy;;;
WEM_ART_7;RW;-;NRG;Retrofit_Max-S_C_EN-;Negative dummy var for UC: Retrofit_Max-S_C_EN;UCU;NRG;dummy;;;
MMR_WAM;RW;-;NRG;IND_bil2025GMX-;Negative dummy var for UC: IND_bil2025GMX;UCU;NRG;dummy;;;
MMR_WAM;RW;-;NRG;IND_bil2020CPS-;Negative dummy var for UC: IND_bil2020CPS;UCU;NRG;dummy;;;
UC_Retrofit_StratReno;RW;-;NRG;UC_Retrofit_Toits4Fac1976_MaxNcap-;Negative dummy var for UC: UC_Retrofit_Toits4Fac1976_MaxNcap;UCU;NRG;dummy;;;
UC_retrofits_rates_COM;RW;-;NRG;Retrofit_Max-F_C_BA-;Negative dummy var for UC: Retrofit_Max-F_C_BA;UCU;NRG;dummy;;;
UC_Retrofit_Rates;RW;-;NRG;UC_Retrofit_Toits3Fac1958_MaxNcap-;Negative dummy var for UC: UC_Retrofit_Toits3Fac1958_MaxNcap;UCU;NRG;dummy;;;
UC_Retrofit_Rates;RW;-;NRG;UC_Retrofit_MursAppa1945_MaxNcap-;Negative dummy var for UC: UC_Retrofit_MursAppa1945_MaxNcap;UCU;NRG;dummy;;;
UC_Retrofit_StratReno;RW;-;NRG;UC_Retrofit_Toits2Fac1976_MaxNcap-;Negative dummy var for UC: UC_Retrofit_Toits2Fac1976_MaxNcap;UCU;NRG;dummy;;;
UC_Retrofit_Rates;RW;-;NRG;UC_Retrofit_Sols3Fac1958_MaxNcap-;Negative dummy var for UC: UC_Retrofit_Sols3Fac1958_MaxNcap;UCU;NRG;dummy;;;
UC_Retrofit_Rates;RW;-;NRG;UC_Retrofit_Fenetres2Fac1945_MaxNcap-;Negative dummy var for UC: UC_Retrofit_Fenetres2Fac1945_MaxNcap;UCU;NRG;dummy;;;
UC_Retrofit_StratReno;RW;-;NRG;Retrofit_Max-S_C_CS-;Negative dummy var for UC: Retrofit_Max-S_C_CS;UCU;NRG;dummy;;;
UC_Retrofit_StratReno;RW;-;NRG;Retrofit_Max-T_C_BA-;Negative dummy var for UC: Retrofit_Max-T_C_BA;UCU;NRG;dummy;;;
UC_Retrofit_Rates;RW;-;NRG;UC_Retrofit_Sols3Fac1976_MaxNcap-;Negative dummy var for UC: UC_Retrofit_Sols3Fac1976_MaxNcap;UCU;NRG;dummy;;;
UC_Retrofit_Rates;RW;-;NRG;UC_Retrofit_Sols2Fac2005_MaxNcap-;Negative dummy var for UC: UC_Retrofit_Sols2Fac2005_MaxNcap;UCU;NRG;dummy;;;
MMR_WAM;RW;-;NRG;IND_bil2020ELC-;Negative dummy var for UC: IND_bil2020ELC;UCU;NRG;dummy;;;
UC_Retrofit_StratReno;RW;-;NRG;UC_Retrofit_FenetresAppa1958_MaxNcap-;Negative dummy var for UC: UC_Retrofit_FenetresAppa1958_MaxNcap;UCU;NRG;dummy;;;
UC_Retrofit_Rates;RW;-;NRG;UC_Retrofit_Sols4Fac1989_MaxNcap-;Negative dummy var for UC: UC_Retrofit_Sols4Fac1989_MaxNcap;UCU;NRG;dummy;;;
UC_retrofits_rates_COM;RW;-;NRG;Retrofit_Max-T_C_CO-;Negative dummy var for UC: Retrofit_Max-T_C_CO;UCU;NRG;dummy;;;
UC_Retrofit_StratReno;RW;-;NRG;UC_Retrofit_Fenetres4Fac1976_MaxNcap-;Negative dummy var for UC: UC_Retrofit_Fenetres4Fac1976_MaxNcap;UCU;NRG;dummy;;;
MMR_WAM;RW;-;NRG;UC_CPS_USED_COM-;Negative dummy var for UC: UC_CPS_USED_COM;UCU;NRG;dummy;;;
MMR_WAM;RW;-;NRG;UC_WAM_ELC_PV2025-;Negative dummy var for UC: UC_WAM_ELC_PV2025;UCU;NRG;dummy;;;
UC_Retrofit_StratReno;RW;-;NRG;Retrofit_Max-M_C_SA-;Negative dummy var for UC: Retrofit_Max-M_C_SA;UCU;NRG;dummy;;;
UC_Retrofit_Rates;RW;-;NRG;UC_Retrofit_Murs2Fac2005_MaxNcap-;Negative dummy var for UC: UC_Retrofit_Murs2Fac2005_MaxNcap;UCU;NRG;dummy;;;
UC_Retrofit_Rates;RW;-;NRG;UC_Retrofit_ToitsAppa1945_MaxNcap-;Negative dummy var for UC: UC_Retrofit_ToitsAppa1945_MaxNcap;UCU;NRG;dummy;;;
UC_retrofits_rates_COM;RW;-;NRG;Retrofit_Max-F_C_CO-;Negative dummy var for UC: Retrofit_Max-F_C_CO;UCU;NRG;dummy;;;
UC_Retrofit_StratReno;RW;-;NRG;UC_Retrofit_Toits4Fac1958_MaxNcap-;Negative dummy var for UC: UC_Retrofit_Toits4Fac1958_MaxNcap;UCU;NRG;dummy;;;
UC_Retrofit_StratReno;RW;-;NRG;UC_Retrofit_MursAppa1945_MaxNcap-;Negative dummy var for UC: UC_Retrofit_MursAppa1945_MaxNcap;UCU;NRG;dummy;;;
UC_Retrofit_Rates;RW;-;NRG;UC_Retrofit_MursAppa1989_MaxNcap-;Negative dummy var for UC: UC_Retrofit_MursAppa1989_MaxNcap;UCU;NRG;dummy;;;
UC_Retrofit_StratReno;RW;-;NRG;Retrofit_Max-T_C_SA-;Negative dummy var for UC: Retrofit_Max-T_C_SA;UCU;NRG;dummy;;;
UC_Retrofit_Rates;RW;-;NRG;UC_Retrofit_Murs4Fac1976_MaxNcap-;Negative dummy var for UC: UC_Retrofit_Murs4Fac1976_MaxNcap;UCU;NRG;dummy;;;
UC_Retrofit_Rates;RW;-;NRG;UC_Retrofit_Sols2Fac1989_MaxNcap-;Negative dummy var for UC: UC_Retrofit_Sols2Fac1989_MaxNcap;UCU;NRG;dummy;;;
UC_Retrofit_StratReno;RW;-;NRG;Retrofit_Max-F_C_EN-;Negative dummy var for UC: Retrofit_Max-F_C_EN;UCU;NRG;dummy;;;
UC_retrofits_rates_COM;RW;-;NRG;Retrofit_Max-M_C_EN-;Negative dummy var for UC: Retrofit_Max-M_C_EN;UCU;NRG;dummy;;;
CO2_Target_Cum;RW;-;NRG;UC_CUMCO2-NETS_2030-;Negative dummy var for UC: UC_CUMCO2-NETS_2030;UCU;NRG;dummy;;;
UC_Retrofit_StratReno;RW;-;NRG;UC_Retrofit_Sols3Fac1976_MaxNcap-;Negative dummy var for UC: UC_Retrofit_Sols3Fac1976_MaxNcap;UCU;NRG;dummy;;;
UC_Retrofit_StratReno;RW;-;NRG;UC_Retrofit_Sols3Fac1945_MaxNcap-;Negative dummy var for UC: UC_Retrofit_Sols3Fac1945_MaxNcap;UCU;NRG;dummy;;;
MMR_WAM;RW;-;NRG;UC_IND_moderation_cps-;Negative dummy var for UC: UC_IND_moderation_cps;UCU;NRG;dummy;;;
UC_retrofits_rates_COM;RW;-;NRG;Retrofit_Max-F_C_SA-;Negative dummy var for UC: Retrofit_Max-F_C_SA;UCU;NRG;dummy;;;
UC_Retrofit_Rates;RW;-;NRG;UC_Retrofit_MursAppa2005_MaxNcap-;Negative dummy var for UC: UC_Retrofit_MursAppa2005_MaxNcap;UCU;NRG;dummy;;;
MMR_WAM;RW;-;NRG;UC_WAM_ELC_WIN2020-;Negative dummy var for UC: UC_WAM_ELC_WIN2020;UCU;NRG;dummy;;;
UC_retrofits_rates_COM;RW;-;NRG;Retrofit_Max-F_C_EN-;Negative dummy var for UC: Retrofit_Max-F_C_EN;UCU;NRG;dummy;;;
UC_Retrofit_Rates;RW;-;NRG;UC_Retrofit_Murs3Fac1958_MaxNcap-;Negative dummy var for UC: UC_Retrofit_Murs3Fac1958_MaxNcap;UCU;NRG;dummy;;;
UC_Retrofit_StratReno;RW;-;NRG;UC_Retrofit_Murs2Fac1989_MaxNcap-;Negative dummy var for UC: UC_Retrofit_Murs2Fac1989_MaxNcap;UCU;NRG;dummy;;;
WEM_ART_7;RW;-;NRG;Tra_car_fiscalite_elc-;Negative dummy var for UC: Tra_car_fiscalite_elc;UCU;NRG;dummy;;;
UC_Retrofit_Rates;RW;-;NRG;UC_Retrofit_Murs2Fac1958_MaxNcap-;Negative dummy var for UC: UC_Retrofit_Murs2Fac1958_MaxNcap;UCU;NRG;dummy;;;
MMR_WAM;RW;-;NRG;UC_switch_COM_cpswood-;Negative dummy var for UC: UC_switch_COM_cpswood;UCU;NRG;dummy;;;
UC_Retrofit_StratReno;RW;-;NRG;UC_Retrofit_Sols2Fac1945_MaxNcap-;Negative dummy var for UC: UC_Retrofit_Sols2Fac1945_MaxNcap;UCU;NRG;dummy;;;
UC_Retrofit_StratReno;RW;-;NRG;UC_Retrofit_Sols2Fac2005_MaxNcap-;Negative dummy var for UC: UC_Retrofit_Sols2Fac2005_MaxNcap;UCU;NRG;dummy;;;
UC_Retrofit_StratReno;RW;-;NRG;UC_Retrofit_Fenetres4Fac1989_MaxNcap-;Negative dummy var for UC: UC_Retrofit_Fenetres4Fac1989_MaxNcap;UCU;NRG;dummy;;;
UC_Retrofit_Rates;RW;-;NRG;UC_Retrofit_Fenetres3Fac1945_MaxNcap-;Negative dummy var for UC: UC_Retrofit_Fenetres3Fac1945_MaxNcap;UCU;NRG;dummy;;;
UC_Retrofit_StratReno;RW;-;NRG;UC_Retrofit_Murs4Fac1958_MaxNcap-;Negative dummy var for UC: UC_Retrofit_Murs4Fac1958_MaxNcap;UCU;NRG;dummy;;;
UC_Retrofit_StratReno;RW;-;NRG;Retrofit_Max-T_C_CS-;Negative dummy var for UC: Retrofit_Max-T_C_CS;UCU;NRG;dummy;;;
WEM_ART_7;RW;-;NRG;Retrofit_C_WEM_BY+1-;Negative dummy var for UC: Retrofit_C_WEM_BY+1;UCU;NRG;dummy;;;
UC_Retrofit_StratReno;RW;-;NRG;Retrofit_Max-F_C_CO-;Negative dummy var for UC: Retrofit_Max-F_C_CO;UCU;NRG;dummy;;;
UC_Retrofit_StratReno;RW;-;NRG;UC_Retrofit_Fenetres2Fac1958_MaxNcap-;Negative dummy var for UC: UC_Retrofit_Fenetres2Fac1958_MaxNcap;UCU;NRG;dummy;;;
WEM_ART_7;RW;-;NRG;Retrofit_Max-S_C_CO-;Negative dummy var for UC: Retrofit_Max-S_C_CO;UCU;NRG;dummy;;;
